1 0 0 230 3 0 0 0 6 0 0 0 0 263 45 0 227 0 0 0 0 2 225 467 245 0 0 260 0 5 0 0 0 0 2 1 2 0 0 255 4 0 0 0 0 0 3679 0 3 0 4 0 0 0 1 0 228 0 281 0 0 242 0 244 231 9 0 9 0 0 225 0 5 1 213 0 1 225 0 0 238 250 1 0 264 5 0 3856 0 3 0 3951 3856 0 4 216 242 0 0 0 0 245 245 249 0 0 52 0 0 225 0 0 0 0 0 0 0 0 0 707 234 0 0 3 0 9 2 0 3 4 0 0 0 0 2 2 0 0 1 1 5 1 2 277 0 0 13 4 47 1 0 211 4 0 -1 0 0 0 255 4 221 42 1 3770 0 55 236 0 0 0 0 508 0 219 4 0 0 0 253 3 260 0 243 2 0 222 0 -1 250 258 4 1 224 52 223 0 0 0 0 244 5 0 0 471 -1 0 0 249 0 0 4 0 0 0 0 4 0 227 0 234 234 0 0 -1 234 0 233 245 0 4 0 0 246 248 4 0 0 0 3 224 3966 223 47 1 5 10 244 3 0 0 0 2 4010 229 0 0 226 1 0 239 40 0 0 0 230 1 0 0 519 44 0 236 0 0 0 0 2 232 0 0 4 0 0 0 2 0 0 249 0 0 1 224 251 0 0 1 1 0 57 239 0 225 509 0 3 0 0 0 52 50 0 59 0 46 0 0 0 0 0 0 0 0 237 5 0 221 1 4 0 0 52 0 0 216 3 244 0 240 0 0 0 0 0 255 4010 237 5 3800 0 7 478 2 0 0 201 0 0 0 0 0 216 224 231 0 0 0 0 5 0 0 50 0 0 51 245 0 4 3 0 0 0 7 0 -1 2 0 0 0 0 0 0 274 2 0 0 0 232 2 0 3856 7 52 1 0 0 0 1 6 0 3802 0 228 4 1 1 235 238 0 289 501 -1 1 0 0 264 0 241 243 50 0 1 0 225 239 0 257 222 3 5 215 253 248 0 0 1 218 56 4 501 5 0 0 248 0 0 2 -1 0 4 0 2 1 0 0 4 42 0 228 4054 0 0 211 234 0 3 9 0 0 0 0 0 242 0 0 0 2 0 0 0 0 239 44 2 245 3 0 0 0 0 0 4 6 0 5 0 0 243 0 0 0 0 0 255 2 239 0 219 228 0 3792 0 0 0 0 0 0 239 0 0 0 0 4 0 0 0 3810 0 220 0 2 239 0 0 0 0 6 0 44 0 0 0 290 0 3 0 0 0 0 4 4 0 0 242 0 2 0 0 0 3 1 0 0 0 255 227 466 0 0 0 216 226 504 0 3 266 1 0 5 218 0 10 0 0 0 -1 0 2 57 0 46 0 239 216 5 0 0 4011 0 2 0 0 216 4 1 0 251 0 0 0 476 218 265 251 1 235 0 4201 45 2 1 1 0 3 0 0 54 257 0 0 0 3 0 0 253 0 4 0 0 261 1 0 3808 237 -1 0 0 0 1 0 0 0 0 0 232 5 1 0 0 3 0 0 0 231 208 225 0 258 0 0 50 2 0 0 0 245 62 233 0 0 3 234 3951 0 -1 0 246 0 0 2 0 243 0 0 290 4010 3 0 0 0 217 0 0 0 4 0 0 237 3856 3 0 3 0 3817 231 0 0 432 -1 0 0 0 222 2 248 0 0 251 3 0 0 8 0 0 4 0 0 0 0 0 0 2 0 234 2 11 237 233 0 1 0 0 0 0 0 0 257 0 5 0 1 2 237 234 4 214 0 0 0 473 0 5 0 0 0 238 226 0 5 0 0 0 235 0 -1 0 0 1 217 0 0 0 3 0 0 223 235 3 0 233 0 0 261 1 0 0 47 0 0 0 0 0 0 -1 226 6 499 0 0 2 0 0 0 0 1 0 0 1 468 0 4010 234 48 0 0 0 3 0 5 0 0 0 0 -1 0 0 0 4 232 0 0 228 251 261 44 234 240 1 239 2 236 2 0 -1 266 4 52 0 3 4 0 0 237 0 0 0 0 1 0 0 226 0 2 0 0 489 -1 5 4010 0 231 0 0 225 0 0 0 1 6 1 0 9 247 3 255 0 4 0 0 0 44 0 0 242 0 0 4243 467 239 2 0 0 4 0 4 0 218 0 0 252 214 0 222 220 4010 0 0 46 0 0 0 2 4 1 3 0 0 266 0 234 0 0 4 227 0 235 5 262 247 0 255 1 0 3 0 0 0 283 -1 0 235 0 3 251 0 0 0 253 
0 0 0 112 1 0 0 0 3 0 0 0 0 104 29 0 115 0 0 0 0 5 120 230 128 0 0 118 0 1 0 0 0 0 2 1 2 0 0 97 5 0 0 0 0 0 1779 2 1 0 2 0 0 0 1 0 120 0 107 0 0 115 0 114 119 0 0 2 0 0 115 0 1 3 117 0 2 111 0 0 93 119 1 0 103 2 0 1868 0 0 0 1854 1868 0 2 107 121 0 0 0 0 126 121 120 0 0 29 0 0 120 0 1 0 0 0 0 0 0 0 330 124 0 0 1 0 10 2 0 0 0 0 0 0 0 0 0 0 0 0 1 4 0 2 105 0 0 2 0 23 1 0 100 4 0 -1 1 0 0 110 3 117 29 0 1807 0 18 114 0 0 0 0 223 0 126 2 0 0 0 129 2 118 0 124 1 0 110 0 -1 118 107 1 3 117 31 97 0 0 0 0 96 2 0 0 229 -1 0 0 135 0 0 4 0 0 0 0 2 0 111 0 118 106 0 0 -1 106 0 111 119 0 2 0 0 98 121 3 0 0 0 1 118 1844 114 22 0 2 2 118 3 0 0 0 2 1873 116 0 0 122 1 0 94 23 0 0 1 112 0 0 0 223 29 0 114 0 0 0 1 1 106 0 3 1 0 0 0 1 0 0 134 0 0 1 101 107 0 0 2 1 1 18 119 0 109 209 0 0 0 0 0 25 20 0 25 0 22 0 3 0 0 0 0 0 1 118 3 0 126 2 1 0 0 23 0 0 105 0 128 0 110 1 0 0 0 0 118 1873 108 2 1783 0 0 225 1 0 0 125 0 0 0 0 0 113 114 109 0 0 0 0 0 0 0 22 0 0 25 111 0 4 1 0 0 0 3 0 -1 1 0 0 0 0 0 0 104 2 0 0 0 115 1 0 1868 1 25 3 0 0 0 0 2 0 1847 0 121 0 1 0 112 121 0 140 201 -1 1 0 0 105 0 119 117 21 0 0 0 109 130 0 116 103 4 2 111 129 133 0 0 0 106 24 1 232 0 0 0 133 0 0 4 -1 0 0 0 4 1 0 0 2 21 0 112 1905 0 0 101 120 0 1 4 0 0 0 0 0 116 0 0 0 3 0 0 0 0 111 29 1 92 3 0 0 0 0 0 1 1 0 1 0 0 118 0 0 0 0 0 119 1 101 0 127 111 0 1843 0 1 0 0 0 0 111 0 0 0 0 2 0 0 1 1846 0 109 0 2 118 0 0 0 0 1 0 20 0 0 0 131 0 0 0 0 0 0 2 1 0 0 94 0 0 0 0 0 0 1 0 0 0 118 109 236 0 0 0 112 118 225 0 2 113 3 0 3 107 0 5 0 1 0 -1 0 2 30 0 24 0 111 109 3 0 0 1874 0 3 0 0 116 1 2 0 118 0 0 0 242 107 106 116 1 116 0 1962 23 0 1 3 0 0 0 0 27 126 0 0 0 1 0 0 116 0 0 0 0 102 1 0 1848 102 -1 0 0 0 0 0 0 0 0 0 97 3 1 0 0 3 0 0 0 113 104 111 0 127 0 0 29 2 1 0 0 132 11 111 0 0 0 99 1846 0 -1 0 108 0 0 2 0 131 0 0 131 1873 1 0 0 0 117 0 0 0 0 0 0 111 1868 1 0 0 0 1843 106 0 0 236 -1 0 0 0 110 3 116 0 0 123 1 0 0 0 0 0 3 0 0 0 0 0 0 1 0 122 2 5 122 92 0 0 0 0 0 0 0 0 126 0 1 0 1 4 120 107 2 110 0 0 0 225 0 2 0 0 0 112 119 0 2 0 0 1 119 0 -1 0 0 1 126 0 0 0 3 0 0 95 114 3 0 119 0 0 104 1 0 0 24 0 0 0 0 0 0 -1 110 3 225 0 0 2 0 0 0 0 3 0 0 1 243 0 1873 118 22 0 0 0 2 0 1 0 0 0 0 -1 0 0 0 1 106 0 0 115 116 116 28 117 113 0 104 1 115 3 0 -1 113 0 28 0 2 2 0 0 105 0 0 0 0 0 0 0 110 0 3 0 0 237 -1 0 1873 0 113 0 0 122 0 0 0 2 2 0 0 2 107 3 97 0 0 1 0 0 20 0 0 119 2 0 1972 236 101 1 0 0 0 0 3 0 107 0 0 108 109 0 97 104 1873 0 0 20 0 0 0 0 3 1 3 0 0 113 0 122 0 0 1 110 0 112 2 125 115 0 125 1 0 3 0 0 0 108 -1 0 125 0 5 116 0 0 0 102 
3 0 0 228 1 0 0 1 1 0 0 0 0 226 58 0 211 0 0 0 0 4 239 469 215 0 0 266 0 3 0 0 0 0 4 3 3 0 0 223 0 0 0 0 0 0 3624 1 3 0 3 0 0 0 1 0 234 0 249 0 0 268 0 222 224 3 0 3 0 0 227 0 4 1 233 0 1 226 0 0 244 228 5 0 244 4 0 3800 0 3 0 3997 3800 0 3 224 235 0 0 0 0 233 204 260 0 0 52 0 0 239 0 0 0 0 0 0 0 0 0 703 231 0 0 5 0 3 4 0 5 4 0 0 0 0 3 2 0 0 4 1 3 0 3 252 1 0 4 2 51 1 0 222 2 0 -1 1 0 0 214 2 225 55 0 3684 0 50 262 0 0 0 0 479 0 224 6 0 0 0 221 1 266 0 196 4 0 252 0 -1 249 203 1 2 249 59 199 0 0 0 0 249 3 0 0 466 -1 0 0 230 0 0 5 0 0 0 0 4 0 227 0 219 249 0 0 -1 249 0 224 260 0 2 0 0 205 263 1 0 0 0 2 241 3990 217 60 2 5 2 272 3 0 0 0 6 4039 232 0 0 247 6 0 202 71 0 0 0 228 0 0 0 525 48 0 243 0 0 0 0 3 265 1 3 3 0 0 0 0 0 0 222 0 0 0 250 229 0 0 2 3 0 51 240 0 224 476 0 5 0 0 0 60 55 0 43 0 53 0 2 0 0 0 0 0 0 239 5 1 226 3 1 0 0 45 1 0 239 2 232 0 238 3 0 0 4 0 251 4039 235 3 3840 0 7 430 1 0 0 216 0 0 1 0 0 227 226 282 0 0 0 0 4 0 0 54 0 0 54 215 0 7 5 0 0 0 6 0 -1 4 0 0 0 0 0 0 252 3 0 0 0 205 0 0 3800 2 54 2 0 0 0 4 1 0 3764 0 251 5 4 0 235 230 0 260 425 -1 1 0 0 228 0 225 222 43 0 2 0 226 220 0 213 225 5 5 256 221 223 0 0 0 246 55 0 483 2 0 0 221 0 0 6 -1 0 3 0 2 0 0 0 2 47 0 227 4154 0 1 199 251 1 2 8 0 0 0 0 0 265 0 0 0 3 0 0 0 0 240 48 3 215 2 0 0 0 0 1 3 7 0 1 0 0 256 0 0 0 0 0 253 5 243 0 224 229 0 3759 0 0 0 0 1 0 239 0 0 0 0 4 0 0 0 3738 0 199 0 3 253 0 0 0 0 5 0 53 0 0 0 271 0 0 0 0 0 0 5 1 0 0 247 0 2 0 0 0 5 2 0 0 0 251 230 460 0 1 0 234 243 450 0 5 263 2 0 11 205 0 7 0 2 0 -1 0 2 39 0 50 0 220 229 2 0 0 4040 0 8 0 0 231 4 5 0 247 0 0 0 448 241 229 246 1 256 0 4228 49 1 1 2 0 1 0 0 38 211 0 0 0 3 0 0 220 0 4 0 0 226 3 0 3746 243 -1 0 0 0 3 0 0 0 0 0 229 1 1 0 0 3 1 0 0 240 207 226 0 212 0 0 50 1 0 0 0 218 55 234 0 0 3 233 3981 0 -1 0 218 0 0 1 0 219 0 0 290 4039 1 0 0 0 235 0 0 0 3 0 0 238 3800 1 0 3 0 3754 264 0 0 488 -1 0 0 0 252 2 219 0 0 200 3 0 0 2 0 0 4 0 0 0 0 0 0 4 0 256 1 7 242 236 0 0 0 0 0 0 0 0 211 0 3 0 1 4 260 237 2 255 0 0 0 472 0 2 0 0 0 242 229 0 3 0 0 0 220 0 -1 0 0 1 223 0 0 0 1 0 0 224 234 4 0 224 0 0 228 1 0 0 42 0 0 0 0 0 0 -1 241 3 479 1 0 3 0 0 0 0 2 0 0 1 476 0 4039 219 52 0 0 0 3 0 5 0 0 0 0 -1 0 0 0 3 245 0 0 216 220 269 54 249 202 0 223 5 247 6 0 -1 263 2 52 0 3 2 0 0 251 0 0 0 0 0 0 0 228 0 6 1 0 554 -1 5 4039 0 229 0 0 233 0 0 0 2 2 0 0 4 229 4 223 0 2 3 1 0 56 0 0 244 1 0 4269 457 243 1 0 0 2 0 4 0 241 0 0 230 238 0 254 215 4039 0 0 44 1 0 0 2 2 5 8 0 0 263 0 256 0 0 4 225 0 293 2 250 240 0 213 1 0 4 0 0 0 252 -1 0 232 0 4 220 0 0 0 220 
0 0 0 188 3 0 0 1 4 0 0 0 0 182 50 0 195 0 0 0 0 4 169 422 217 0 0 215 0 3 0 0 0 0 2 1 2 0 0 183 2 0 0 0 0 0 3048 5 0 0 0 0 0 0 1 0 200 0 200 0 0 198 0 197 205 0 0 2 0 0 210 0 4 1 203 0 1 185 0 0 196 203 1 0 168 3 0 3207 0 2 0 3441 3207 0 1 220 192 0 0 0 2 208 205 220 0 0 55 0 0 169 0 3 0 0 0 0 0 0 0 615 190 0 0 5 0 3 4 0 6 5 0 0 0 0 2 3 0 0 4 1 3 0 4 169 1 0 5 1 51 1 0 205 2 0 -1 0 0 0 213 7 189 32 0 3123 0 37 200 0 0 0 0 412 0 215 2 0 0 1 202 2 215 0 212 0 0 186 0 -1 192 182 2 5 186 51 179 0 0 0 0 199 1 0 0 372 -1 0 0 217 0 0 6 0 0 0 0 2 0 221 0 208 226 0 1 -1 226 0 209 212 0 3 0 0 205 214 0 0 0 0 2 205 3437 200 31 5 2 5 204 1 0 0 0 1 3480 199 0 0 185 5 0 201 40 0 0 0 188 0 0 0 375 43 0 203 1 0 0 0 1 204 1 6 3 0 0 0 2 0 0 227 0 0 0 194 195 0 0 2 2 1 39 199 0 185 368 0 1 0 0 0 43 51 0 41 0 39 0 3 0 0 1 0 0 0 198 6 0 215 5 1 0 0 52 0 0 196 3 205 0 211 0 0 0 3 0 218 3480 209 5 3288 0 3 413 2 0 0 192 0 0 0 0 0 193 209 201 0 0 0 0 5 0 0 46 0 0 38 218 0 4 1 0 0 0 2 0 -1 4 0 0 0 0 0 0 170 5 0 0 0 186 2 0 3207 1 38 5 0 0 0 1 4 0 3172 0 186 2 5 0 221 189 0 221 370 -1 0 0 0 178 0 185 195 41 0 1 0 188 203 0 189 196 3 4 191 202 224 0 0 1 183 44 1 365 3 0 0 226 0 0 3 -1 0 3 0 3 1 0 0 0 29 0 188 3545 0 0 189 214 0 4 9 0 0 0 0 0 205 1 0 1 0 0 0 0 0 224 43 1 184 4 0 0 1 0 0 3 5 0 0 0 0 204 0 0 0 0 0 193 2 220 0 209 223 0 3166 0 0 0 0 0 0 221 0 0 0 0 5 0 0 1 3163 0 183 0 3 198 0 0 0 0 4 0 45 0 0 0 249 0 1 0 0 0 0 3 2 0 0 198 0 0 0 0 0 0 1 0 0 0 218 198 391 0 1 0 202 170 378 1 0 192 3 0 4 201 0 7 0 0 0 -1 0 3 35 0 38 0 185 221 1 0 0 3481 0 5 0 0 163 3 3 0 189 0 0 0 409 214 187 226 1 208 0 3635 41 1 1 4 0 3 0 0 34 218 0 0 0 3 0 0 214 0 4 0 0 177 1 0 3176 164 -1 0 0 0 1 0 0 0 0 0 201 2 1 0 0 3 2 0 0 210 202 182 0 219 0 0 43 3 0 0 0 222 47 203 0 0 3 163 3437 0 -1 0 223 0 1 1 0 221 0 0 270 3480 1 0 1 0 204 0 0 0 1 0 0 216 3207 3 0 3 0 3165 203 0 0 396 -1 0 0 0 186 1 220 0 0 214 2 0 0 0 0 0 1 0 0 0 0 0 0 2 0 188 3 6 173 192 0 0 0 0 0 0 1 0 218 0 5 0 1 3 208 220 0 190 0 0 0 424 0 1 0 0 0 223 199 0 7 0 0 0 209 0 -1 0 0 1 214 0 0 0 2 0 0 196 210 4 0 208 0 0 176 1 0 0 40 0 0 0 0 0 0 -1 194 1 383 0 0 3 0 0 0 0 5 0 0 1 415 0 3480 208 31 0 0 0 2 0 2 0 0 0 0 -1 0 0 0 5 213 0 0 214 220 215 43 187 176 0 185 3 201 1 0 -1 192 0 55 0 2 1 0 0 214 0 0 0 0 1 0 0 202 0 2 0 0 433 -1 1 3480 0 189 0 0 199 0 0 0 1 5 0 0 6 195 7 183 0 2 7 0 0 45 0 0 199 5 0 3679 388 220 1 0 0 4 1 4 0 214 0 0 196 200 0 199 186 3480 0 0 39 0 0 0 2 2 4 3 0 0 192 0 188 0 0 2 185 0 208 1 190 223 0 219 1 1 2 0 0 0 202 -1 0 191 0 3 220 0 0 0 170 
1 0 0 103 1 0 0 3 2 0 0 0 0 113 21 0 114 0 0 0 0 0 130 255 120 0 0 103 0 0 0 0 0 0 1 5 1 0 0 122 2 0 0 0 0 0 1925 2 1 0 2 0 0 0 1 0 123 0 115 0 0 116 0 117 123 0 0 1 0 0 122 0 1 2 102 0 1 101 0 0 128 121 1 0 115 1 0 2007 0 2 0 1983 2007 0 0 122 117 0 0 0 0 122 113 118 0 0 22 0 0 130 0 1 0 0 0 0 0 0 0 369 119 0 0 1 0 5 1 0 2 2 0 0 0 0 1 3 0 0 4 1 3 0 1 119 0 0 5 2 22 1 0 121 2 0 -1 1 0 0 111 1 119 22 0 1959 0 23 115 0 1 0 0 237 0 116 2 0 0 0 130 4 103 0 111 3 0 136 0 -1 106 132 3 3 133 30 121 0 0 0 0 131 0 0 0 199 -1 0 0 133 0 0 4 0 0 0 0 1 0 98 0 122 112 0 1 -1 112 0 111 126 0 1 0 0 115 127 6 0 0 0 2 106 1964 122 25 0 1 7 117 0 0 0 0 4 1999 123 0 0 130 3 0 108 25 0 0 0 103 0 0 0 238 35 0 115 0 0 0 0 0 127 0 1 1 0 0 0 0 0 0 125 0 0 1 119 111 0 0 2 1 1 21 151 0 101 226 0 1 0 0 0 19 24 0 24 0 23 0 1 0 0 1 0 0 0 149 1 0 118 4 0 0 0 21 0 0 111 1 127 0 100 0 0 0 2 0 113 1999 99 1 1899 0 1 208 1 0 0 120 0 0 0 0 0 121 121 111 0 0 0 0 2 0 0 22 0 0 22 113 0 2 1 0 0 0 3 0 -1 0 0 0 0 0 0 0 120 1 0 0 0 116 0 0 2007 2 23 2 0 0 0 0 1 0 1986 0 137 1 2 0 111 116 0 100 262 -1 2 0 0 108 1 88 118 32 0 5 0 103 129 0 119 125 1 6 136 130 122 0 0 0 135 25 2 230 2 0 0 124 0 0 4 -1 0 1 0 3 1 0 0 0 27 0 101 2032 0 1 129 116 0 1 1 0 0 0 0 0 115 0 0 0 3 0 0 0 0 124 35 0 127 0 0 0 1 0 0 2 3 0 3 0 0 125 0 0 0 0 0 106 1 105 0 119 104 0 1987 0 0 0 0 0 0 123 0 0 0 0 2 0 0 1 1987 0 115 0 1 110 0 0 0 0 2 0 21 0 0 0 132 0 0 0 0 0 0 0 1 0 0 129 0 2 0 0 0 0 2 0 0 0 113 117 236 0 0 0 104 129 236 0 2 117 2 0 4 130 0 4 0 3 0 -1 0 0 38 0 28 0 88 124 1 0 0 2000 0 3 0 0 121 0 1 0 105 0 0 0 238 124 115 115 1 116 0 2114 30 3 1 0 0 1 0 0 34 119 0 0 0 1 0 0 120 0 2 0 0 107 2 0 1987 111 -1 0 0 0 3 0 0 0 0 0 117 3 0 0 0 2 1 0 0 127 127 101 0 120 0 0 28 0 0 0 0 123 27 118 0 0 2 105 1968 0 -1 0 136 0 1 1 0 121 0 0 128 1999 3 0 0 0 103 0 0 0 1 0 0 110 2007 0 0 1 0 1983 128 0 0 248 -1 0 0 0 136 0 117 0 0 113 2 0 0 0 0 0 0 1 0 0 0 2 0 1 0 138 2 6 130 126 0 0 0 0 0 0 0 0 119 0 1 0 1 3 123 122 2 135 0 0 0 238 0 1 0 0 0 122 122 0 0 0 0 0 123 0 -1 0 0 1 116 0 0 0 1 0 0 116 111 0 0 125 0 0 106 1 0 0 31 0 0 0 0 0 0 -1 113 1 219 0 0 2 0 0 0 0 5 0 0 0 239 0 1999 122 20 0 0 0 0 0 2 0 0 0 0 -1 0 0 0 4 110 0 0 103 118 105 32 140 115 0 108 0 116 2 0 -1 117 4 20 0 0 2 0 0 114 0 0 0 0 0 0 0 117 0 2 0 0 237 -1 1 1999 0 104 1 0 123 0 0 0 0 3 1 0 3 111 0 122 0 1 2 0 0 20 0 0 150 1 0 2121 244 105 1 0 0 1 0 0 0 124 0 0 112 114 1 118 119 1999 0 0 20 1 0 0 1 2 1 1 0 0 117 0 138 0 0 1 102 0 117 1 135 113 0 118 1 0 3 0 0 0 115 -1 0 120 0 3 118 0 0 0 102 
1 0 0 269 3 0 0 4 4 0 0 1 0 271 55 0 268 0 0 0 0 3 262 564 245 0 0 246 0 6 0 0 0 0 2 1 3 0 0 267 3 0 0 0 0 0 3839 3 4 0 1 0 0 0 1 0 254 0 262 0 0 222 0 271 267 6 0 4 1 0 253 0 4 4 224 0 5 265 0 0 259 288 2 0 253 2 0 4032 0 1 0 4195 4032 0 1 240 228 0 0 0 3 274 262 228 0 0 52 0 0 262 0 3 0 0 0 0 0 0 0 787 251 0 0 6 0 4 1 0 8 1 0 0 0 0 3 6 0 0 3 1 3 0 8 261 0 1 8 5 52 1 0 268 3 0 -1 4 0 0 261 3 249 58 0 3934 0 42 219 0 2 0 0 515 0 235 4 0 0 0 256 4 246 0 259 2 0 262 0 -1 244 244 2 5 278 47 233 0 0 0 0 262 3 0 0 474 -1 0 0 253 0 0 4 0 0 0 0 2 0 278 0 279 240 0 0 -1 240 0 229 269 0 4 0 0 251 271 1 0 0 0 5 227 4194 262 46 3 3 9 224 4 0 0 0 0 4235 236 0 0 271 4 0 239 56 0 0 0 269 0 0 0 482 40 0 255 0 0 0 0 1 277 1 2 2 0 0 0 1 0 0 251 0 0 0 260 260 0 0 3 5 2 52 283 0 260 500 0 0 0 0 0 47 50 0 40 0 48 0 4 0 0 0 0 0 0 282 1 0 238 3 5 0 0 48 2 0 241 7 269 0 255 1 0 0 3 0 249 4235 250 3 4030 0 4 501 1 0 0 259 0 0 0 0 0 251 252 258 0 0 0 0 4 0 0 46 0 0 48 238 0 6 4 0 0 0 7 0 -1 3 0 0 0 0 0 0 257 2 0 0 0 270 1 0 4032 4 50 3 0 0 0 0 4 0 3980 0 283 4 7 0 233 225 0 298 508 -1 3 0 0 238 0 263 275 51 0 1 0 266 241 0 269 244 4 7 238 256 252 0 0 1 256 62 1 499 1 0 0 250 0 0 4 -1 0 4 0 4 1 0 0 5 42 0 265 4317 0 0 257 222 0 2 14 0 0 0 0 0 221 0 0 0 2 0 1 0 0 227 40 1 254 3 0 0 1 0 0 2 3 0 4 0 0 261 0 0 0 0 0 249 6 270 0 234 281 0 3982 0 0 0 0 0 0 224 0 0 0 0 4 0 0 0 3986 0 254 0 4 235 0 0 0 0 4 0 59 0 0 0 279 0 0 0 0 0 0 4 1 0 0 257 0 5 0 0 0 2 1 0 0 0 249 232 507 0 1 0 221 262 481 0 1 245 5 0 8 262 0 10 0 5 0 -1 0 3 53 0 64 0 253 244 4 0 0 4236 0 4 0 0 253 6 5 0 247 0 0 0 550 286 274 246 1 260 0 4477 46 5 2 3 0 1 0 0 43 267 0 0 0 3 0 0 232 0 5 0 0 237 5 0 3981 221 -1 0 0 0 5 0 0 0 0 0 260 6 2 0 0 4 1 1 0 239 255 266 0 268 0 0 53 4 0 0 0 247 44 242 0 0 5 222 4177 0 -1 0 244 0 0 4 0 248 0 0 286 4235 3 0 0 0 215 0 0 0 4 0 0 233 4032 0 0 4 0 3990 274 0 0 534 -1 0 0 0 262 4 236 0 0 260 1 0 0 1 0 0 3 1 0 0 0 3 0 3 0 286 4 12 243 249 0 0 0 0 0 0 0 0 267 0 6 0 1 6 259 220 3 237 0 0 0 540 0 6 0 0 0 228 245 0 4 0 0 0 280 0 -1 0 0 3 236 0 0 0 1 0 0 252 241 3 0 272 0 0 233 1 0 0 43 0 0 0 0 0 0 -1 248 5 502 0 0 6 0 0 0 0 1 0 0 1 462 0 4235 279 46 0 0 0 3 0 3 0 0 0 0 -1 0 0 0 2 249 0 0 260 240 249 40 289 255 0 250 3 254 6 1 -1 245 4 52 0 5 4 0 0 256 0 0 0 0 1 0 0 238 0 3 0 0 500 -1 3 4235 0 270 0 0 259 0 0 0 2 2 4 0 5 261 0 267 0 2 3 1 0 55 0 0 284 1 0 4494 508 270 1 0 0 3 0 3 0 286 0 0 261 245 0 262 237 4235 0 0 57 0 0 0 2 2 7 3 0 0 245 0 286 0 0 4 261 0 266 2 270 240 0 265 1 0 1 1 0 0 262 -1 0 252 0 3 240 0 0 0 224 
1 0 0 195 3 0 0 2 3 0 0 0 0 235 39 0 212 0 0 0 0 4 225 432 248 0 0 227 0 2 0 0 0 0 3 1 3 0 0 213 6 0 0 0 0 0 3458 4 2 0 5 0 0 0 1 0 223 0 220 0 0 242 0 223 212 5 0 3 0 0 241 0 4 4 247 0 2 191 0 0 214 235 1 0 252 5 0 3651 0 3 0 3857 3651 0 2 258 193 0 0 0 1 217 229 242 0 0 68 0 0 225 0 4 0 2 0 0 0 0 0 607 244 0 0 2 0 5 4 0 6 2 0 0 0 0 0 3 0 0 0 1 3 0 3 258 0 0 9 2 39 1 0 209 4 0 -1 0 0 0 234 2 215 48 1 3574 0 41 235 0 1 0 0 466 0 245 4 0 0 0 247 4 227 0 226 2 0 234 0 -1 210 244 4 3 187 49 220 0 0 0 0 219 3 0 0 468 -1 0 0 257 0 0 5 0 0 0 0 3 0 230 0 226 225 0 0 -1 225 0 226 212 0 0 0 0 256 215 7 0 0 0 2 259 3846 203 36 2 2 6 245 0 0 0 0 3 3898 207 0 0 183 2 0 254 51 0 0 0 195 1 0 0 501 51 0 235 0 0 0 1 1 218 0 1 1 0 0 0 2 0 0 252 0 0 2 208 219 0 0 2 5 1 42 198 0 192 476 0 3 0 0 0 44 60 0 38 0 48 0 0 0 0 0 0 0 2 192 2 0 249 0 3 0 0 43 1 0 212 2 232 0 230 6 0 0 4 0 211 3898 227 7 3711 0 6 447 1 0 0 201 0 0 0 0 0 218 240 199 0 0 0 0 5 0 0 45 0 0 43 237 0 9 2 0 0 0 4 0 -1 3 0 0 0 0 0 0 255 6 0 0 0 223 3 0 3651 2 44 4 0 0 1 0 3 0 3606 0 187 2 0 1 208 193 0 294 461 -1 4 0 0 255 0 244 226 48 0 3 0 194 243 0 221 202 3 5 213 247 254 0 0 0 233 43 0 422 2 0 0 251 0 0 4 -1 0 4 0 0 2 0 0 2 37 0 192 3948 0 2 219 229 0 3 7 0 0 0 0 0 244 0 0 1 1 0 0 0 0 237 51 0 216 3 0 0 1 0 0 1 2 0 3 0 0 206 0 0 0 0 0 214 5 209 0 246 234 0 3602 0 0 0 0 0 0 230 0 0 0 0 3 0 0 0 3611 0 215 0 3 222 0 0 0 0 5 0 33 0 0 0 279 0 0 0 0 0 0 2 2 0 0 218 0 0 0 0 0 2 2 0 0 0 211 203 461 0 0 0 255 221 452 0 2 249 4 0 5 225 0 6 0 2 0 -1 0 2 45 0 42 0 236 259 6 0 0 3899 0 2 0 0 214 4 5 0 214 0 0 0 439 221 242 219 1 208 0 4042 58 2 1 5 0 2 0 0 39 236 0 0 0 9 0 0 232 0 2 0 0 253 3 0 3611 203 -1 0 0 0 3 0 0 0 0 0 224 1 0 0 0 2 0 0 0 211 228 194 0 237 0 0 48 3 0 0 0 246 53 209 0 0 7 210 3834 0 -1 0 234 0 0 3 0 247 0 0 262 3898 6 0 0 0 252 0 0 0 4 0 0 208 3651 5 0 2 0 3605 216 0 0 422 -1 0 0 1 234 4 240 0 0 231 5 0 0 5 0 0 3 0 0 0 0 0 0 1 0 190 4 10 236 212 0 0 0 0 0 0 0 0 236 0 2 0 1 4 209 230 5 212 0 0 0 452 0 1 0 0 0 238 216 0 5 0 0 0 227 0 -1 0 0 2 246 0 0 0 1 0 0 217 211 2 0 215 0 0 250 1 0 0 40 0 0 0 0 0 0 -1 229 3 433 0 0 2 0 0 0 0 6 0 0 0 475 0 3898 226 44 0 0 0 2 0 3 0 0 0 0 -1 0 0 0 4 222 0 0 220 240 227 54 193 210 0 217 2 233 1 0 -1 249 1 65 2 2 3 0 0 221 0 0 0 0 0 0 0 205 0 3 0 0 449 -1 7 3898 0 196 0 0 228 0 0 0 4 2 1 0 6 218 5 213 0 3 1 0 0 30 1 0 195 0 0 4123 445 209 1 0 0 4 0 4 0 221 0 0 220 211 0 210 194 3898 0 0 51 0 0 0 3 2 2 1 0 0 249 0 190 0 0 1 192 0 202 2 219 215 0 237 1 0 6 0 0 0 225 -1 0 245 0 4 240 0 0 0 235 
1 0 0 88 1 0 0 0 1 0 0 0 0 102 15 0 78 0 0 0 0 3 98 180 91 0 0 77 0 1 0 0 0 0 0 0 1 0 0 90 3 0 0 0 0 0 1443 0 0 0 0 0 0 0 1 0 89 0 90 0 0 88 0 90 78 1 0 1 0 0 98 0 1 2 83 0 1 88 0 0 67 88 2 0 75 0 0 1505 0 1 0 1522 1505 0 0 85 85 0 0 0 0 89 76 97 0 0 23 0 0 98 0 1 0 1 0 0 0 0 0 250 93 0 0 2 0 3 2 0 0 0 0 0 0 0 2 2 0 0 2 1 1 0 0 78 0 0 5 1 17 1 0 81 1 0 -1 0 0 0 97 2 86 17 0 1471 0 19 86 0 1 0 0 189 0 96 1 0 0 0 99 2 77 0 79 1 0 90 0 -1 109 76 2 1 99 18 89 0 0 0 0 70 0 0 0 171 -1 0 0 91 0 0 2 0 0 0 0 1 0 88 0 82 107 0 3 -1 107 0 87 93 0 3 0 0 99 92 0 0 0 0 0 87 1530 77 28 1 0 2 87 0 0 0 0 2 1538 88 0 0 98 2 0 100 18 1 0 0 88 0 0 0 164 8 0 107 0 0 0 0 0 95 1 1 2 0 0 0 0 0 0 93 0 0 0 93 89 0 0 1 2 0 15 92 0 86 188 0 1 0 0 0 10 17 0 15 0 25 0 1 0 0 1 0 0 0 90 0 0 96 1 2 0 0 20 0 0 108 1 97 0 90 0 0 0 0 0 99 1538 86 2 1467 0 3 166 0 0 0 99 0 0 0 0 0 87 97 88 0 0 0 0 0 0 0 14 0 0 23 88 0 2 2 0 0 0 2 0 -1 0 0 0 0 0 0 0 76 2 0 0 0 109 0 0 1505 3 23 2 0 0 0 0 1 0 1481 0 100 0 2 1 87 79 0 108 158 -1 3 0 0 104 0 91 83 11 0 1 0 86 85 0 97 82 2 1 90 99 96 0 0 0 88 16 0 193 1 0 0 92 0 0 3 -1 0 2 0 1 1 0 0 0 25 0 89 1594 0 0 113 92 0 1 2 0 0 0 0 0 86 0 0 0 1 0 0 0 0 71 8 0 81 1 0 0 1 0 0 1 1 0 4 0 0 87 0 0 0 0 0 112 1 81 0 96 88 0 1488 0 0 0 0 0 0 71 0 0 0 0 3 0 0 0 1488 0 107 0 1 86 0 0 0 0 1 0 22 0 0 0 102 0 3 0 0 0 0 1 2 0 0 69 0 0 0 0 0 0 2 0 0 0 99 79 181 0 0 0 85 99 188 0 0 93 0 0 2 113 0 4 0 0 0 -1 0 1 26 0 14 0 91 85 3 0 0 1539 0 5 0 0 93 1 0 0 111 0 0 0 170 83 105 92 1 90 0 1620 23 3 1 1 0 1 0 0 17 80 0 0 0 1 0 0 90 0 0 0 0 102 3 0 1487 96 -1 0 0 0 1 0 0 0 0 0 86 4 0 0 0 1 0 0 0 93 112 87 0 81 0 0 16 1 0 0 0 92 18 79 0 0 0 99 1518 0 -1 0 101 0 1 1 0 89 0 0 108 1538 0 0 0 0 87 0 0 0 1 0 0 90 1505 1 0 2 0 1478 92 0 0 194 -1 0 0 0 90 0 91 0 0 78 0 0 0 4 0 0 0 0 0 0 0 0 0 1 0 101 2 8 96 64 0 0 0 0 0 0 0 0 80 0 0 0 1 4 88 68 0 89 0 0 0 178 0 0 0 0 0 72 86 0 2 0 0 0 83 0 -1 0 0 2 92 0 0 0 1 0 0 85 101 1 0 81 0 0 100 1 0 0 17 0 0 0 0 0 0 -1 98 3 200 0 0 2 0 0 0 0 1 0 0 0 172 0 1538 82 17 0 0 0 0 0 2 0 0 0 0 -1 0 0 0 0 94 0 0 86 91 76 15 100 96 0 88 1 104 2 0 -1 93 2 22 0 0 1 0 0 93 0 0 0 0 0 0 0 79 0 1 0 0 190 -1 1 1538 0 89 0 0 89 0 0 0 0 1 0 0 1 90 0 90 0 2 1 0 0 21 0 0 92 0 0 1625 187 81 1 0 0 0 0 1 0 83 0 0 90 106 0 90 78 1538 0 0 17 0 0 0 0 0 1 1 0 0 93 0 101 0 0 3 84 0 92 1 97 90 0 81 1 0 0 0 0 0 91 -1 0 94 0 1 91 0 0 0 100 
0 0 0 207 4 0 0 3 1 1 0 0 0 238 44 0 198 0 0 0 0 3 198 441 210 0 0 226 0 0 1 0 0 0 5 2 2 0 0 242 2 0 0 0 0 0 3420 5 2 0 2 0 0 0 1 0 210 0 222 0 0 203 0 231 227 3 0 2 0 0 208 0 3 5 217 0 4 205 0 0 209 231 1 0 217 4 0 3589 0 3 0 3716 3589 0 2 216 235 0 0 0 1 227 214 231 0 0 49 0 0 198 0 1 0 0 0 0 0 0 0 672 248 0 0 1 0 3 1 0 4 1 0 0 0 0 1 5 0 0 4 1 6 0 0 226 0 0 10 1 36 1 0 193 3 0 -1 2 0 0 204 6 212 50 0 3505 0 55 196 0 1 0 0 432 0 214 1 0 0 0 220 4 226 0 211 1 0 223 0 -1 210 213 3 2 216 39 231 0 0 0 0 212 3 0 0 410 -1 0 0 221 0 0 3 0 0 0 0 2 0 201 0 205 215 0 0 -1 215 0 219 210 0 2 0 0 224 211 1 0 0 0 2 222 3717 225 47 3 2 4 201 2 0 0 0 5 3766 213 0 0 216 0 0 222 36 0 0 2 207 0 0 0 428 46 0 220 0 0 0 1 3 201 1 3 4 0 0 0 1 0 0 216 0 0 0 191 216 0 0 4 0 0 43 236 0 199 441 0 2 0 0 0 55 47 0 43 0 39 0 2 0 0 0 0 0 1 234 4 0 218 2 3 0 0 40 1 0 211 3 210 0 234 2 0 0 3 0 196 3766 231 6 3563 0 3 436 0 0 0 195 0 0 0 0 0 207 207 233 0 0 0 0 4 0 0 49 0 0 45 209 0 4 2 0 0 0 7 0 -1 3 0 0 0 0 0 0 226 5 0 0 0 234 5 0 3589 2 46 4 0 0 0 0 0 0 3547 0 221 3 3 1 212 228 0 261 436 -1 1 0 0 200 1 229 227 34 0 4 0 206 208 0 227 223 1 3 224 220 217 0 0 0 214 46 0 391 3 0 0 215 0 0 2 -1 0 1 0 6 0 0 0 3 46 0 206 3851 0 0 218 226 0 2 3 0 0 0 0 0 196 0 0 0 3 0 0 0 0 214 46 3 216 3 0 0 0 0 0 1 2 0 2 0 0 206 0 0 0 0 0 212 2 228 0 217 205 0 3529 0 0 0 0 0 0 213 0 0 0 0 2 0 0 0 3541 0 225 0 5 247 0 0 0 0 1 0 42 0 0 0 262 0 0 0 0 0 0 7 0 0 0 210 0 5 0 0 0 2 6 0 0 0 196 209 435 0 2 0 219 198 412 0 1 211 2 0 3 224 0 10 0 2 0 -1 0 3 54 0 38 0 224 220 5 0 0 3767 0 3 0 0 195 2 2 1 209 0 0 0 430 202 243 221 1 204 0 3953 46 4 1 7 0 4 0 0 42 219 0 0 0 2 0 0 207 0 2 0 0 198 4 0 3542 216 -1 0 0 0 2 0 0 0 0 0 194 5 1 0 0 3 0 0 0 217 224 204 0 220 0 0 43 3 0 0 0 213 48 218 0 0 2 216 3729 0 -1 0 207 0 0 2 0 209 0 0 269 3766 6 0 0 0 217 0 0 0 4 0 0 208 3589 7 0 0 0 3540 199 0 0 397 -1 0 0 0 223 3 210 0 0 212 6 0 0 3 0 0 7 0 0 0 0 1 0 3 0 225 5 4 230 205 0 0 0 0 0 0 0 0 219 0 2 0 1 1 203 207 4 223 0 0 0 437 0 3 0 0 0 214 204 0 3 0 0 0 206 0 -1 0 0 2 217 0 0 0 2 0 0 188 201 1 0 230 0 0 198 1 0 0 41 0 0 0 0 0 0 -1 207 2 427 0 0 6 0 0 0 0 1 0 0 1 403 0 3766 205 42 0 1 0 2 0 3 0 0 0 0 -1 1 0 0 4 226 0 0 201 213 226 43 220 218 0 208 2 217 3 0 -1 211 3 49 0 5 5 0 0 224 0 0 0 0 1 0 0 216 0 3 0 0 482 -1 5 3766 0 208 0 0 213 0 0 0 4 1 0 0 4 216 3 242 0 2 7 0 0 40 0 0 239 3 0 3961 397 228 1 0 0 4 0 3 0 202 0 0 217 215 0 194 220 3766 0 0 41 0 0 0 2 5 5 4 0 0 211 0 225 0 0 2 204 0 244 2 204 218 0 221 1 0 2 0 0 0 224 -1 0 249 0 1 213 0 0 0 196 
1 0 0 79 1 0 0 1 0 0 0 0 0 62 14 0 64 0 0 0 0 1 60 138 65 0 0 87 0 1 0 0 0 0 2 0 0 0 0 79 2 0 0 0 0 0 1046 3 0 0 1 0 0 0 1 0 65 0 66 0 0 57 0 60 70 1 0 0 0 0 63 0 1 0 66 0 0 79 0 0 48 66 2 0 58 1 0 1092 0 1 0 1085 1092 0 1 64 56 0 0 0 0 78 54 66 0 0 26 0 0 60 0 0 0 0 0 0 0 0 0 199 64 0 0 3 0 0 3 0 1 0 0 0 0 0 1 1 0 0 0 1 1 0 0 59 0 0 2 1 12 1 0 68 1 0 -1 1 0 0 71 0 61 18 0 1059 0 19 57 0 0 0 0 131 0 80 1 0 0 0 67 2 87 0 49 1 0 71 0 -1 61 62 0 0 58 15 69 0 0 0 0 49 0 0 0 98 -1 0 0 67 0 0 2 0 0 0 0 2 0 60 0 70 64 0 0 -1 64 0 59 76 0 1 0 0 79 80 0 0 0 0 0 66 1084 68 12 1 2 1 59 1 0 0 0 1 1096 67 0 0 61 0 0 75 5 0 0 0 79 0 0 0 118 12 0 55 0 0 0 0 2 63 0 1 0 0 0 0 0 0 0 69 0 0 0 62 76 0 0 0 1 0 9 78 0 73 114 0 2 0 0 0 12 20 0 14 0 13 0 1 0 0 1 0 0 0 78 1 0 81 1 1 0 0 13 0 0 75 3 58 0 70 1 0 0 1 0 74 1096 68 1 1037 0 0 121 0 0 0 64 0 0 0 0 0 62 62 45 0 0 0 0 0 0 0 6 0 0 13 70 0 2 3 0 0 0 2 0 -1 1 0 0 0 0 0 0 58 0 0 0 0 77 1 0 1092 1 13 1 0 0 0 0 2 0 1078 0 59 1 0 0 68 56 0 62 115 -1 1 0 0 63 0 47 65 16 0 1 0 79 61 0 70 75 1 1 77 67 72 0 0 0 71 14 0 112 2 0 0 68 0 0 1 -1 0 0 0 0 1 0 0 0 12 0 80 1131 0 0 68 65 0 0 3 0 0 0 0 0 61 0 0 0 0 0 0 0 0 55 12 0 50 0 0 0 0 0 0 1 1 0 0 0 0 78 0 0 0 0 0 61 0 56 0 82 60 0 1080 0 0 0 0 0 0 53 0 0 0 0 1 0 0 0 1078 0 75 0 0 65 0 0 0 0 2 0 16 0 0 0 83 0 0 0 0 0 0 1 0 0 0 47 0 3 0 0 0 0 0 0 0 0 74 63 120 0 0 0 65 61 122 0 1 57 1 0 1 72 0 3 0 1 0 -1 0 0 13 0 14 0 47 66 0 0 0 1097 0 3 0 0 58 2 0 0 59 0 0 0 148 71 64 71 1 77 0 1159 11 0 1 0 0 1 0 0 8 56 0 0 0 0 0 0 71 0 0 0 0 63 2 0 1082 63 -1 0 0 0 1 0 0 0 0 0 69 2 0 0 0 0 0 0 0 68 74 78 0 57 0 0 12 0 0 0 0 67 14 65 0 0 0 62 1086 0 -1 0 63 0 1 0 0 68 0 0 76 1096 0 0 0 0 62 1 0 0 2 0 0 67 1092 1 0 0 0 1067 63 0 0 126 -1 0 0 0 71 2 70 0 0 55 1 0 0 0 0 0 1 0 0 0 0 0 0 0 0 60 1 1 60 46 0 0 0 0 0 0 0 0 56 0 0 0 1 1 78 52 0 76 0 0 0 125 0 1 0 0 0 54 65 0 4 0 0 0 71 0 -1 0 0 3 81 0 0 0 0 0 0 69 64 0 0 71 0 0 62 1 0 0 11 0 0 0 0 0 0 -1 52 1 139 0 1 1 0 0 0 0 0 0 0 0 123 0 1096 70 5 0 0 0 0 0 2 0 0 0 0 -1 0 0 0 0 53 0 0 59 70 88 12 61 69 0 73 3 55 0 0 -1 57 2 26 0 0 1 0 0 54 0 0 0 0 0 0 0 64 0 1 0 0 113 -1 3 1096 0 80 0 0 65 0 0 0 0 0 0 0 0 76 1 79 0 1 0 0 0 16 0 0 78 1 0 1163 116 56 1 0 0 0 0 1 0 71 0 0 77 74 0 60 72 1096 0 0 14 0 0 0 0 0 2 0 0 0 57 0 60 0 0 3 78 0 47 1 58 69 0 57 1 0 2 0 0 0 68 -1 0 65 0 1 70 0 0 0 60 
0 0 0 114 1 0 0 0 3 0 0 0 0 90 23 0 89 0 0 0 0 0 118 208 90 0 0 97 0 1 0 0 0 0 2 1 0 0 0 99 1 0 0 0 0 0 1518 2 3 0 4 0 0 0 1 0 92 0 94 0 0 92 0 96 99 2 0 1 0 0 110 0 1 3 111 0 1 113 0 0 108 103 1 0 94 0 0 1598 0 4 0 1675 1598 0 0 122 97 0 0 0 0 96 118 100 0 0 22 0 0 118 0 1 0 0 0 0 0 0 0 272 104 0 0 2 0 2 3 0 2 4 0 0 0 0 0 1 0 0 0 1 1 0 2 99 0 0 2 0 15 1 0 91 1 0 -1 1 0 0 91 3 91 22 0 1566 0 15 89 0 1 0 0 205 0 100 2 0 0 0 86 3 97 0 119 3 0 106 0 -1 119 80 0 0 120 22 97 0 0 0 0 109 1 0 0 187 -1 0 0 107 0 0 2 0 0 0 0 3 0 107 0 91 97 0 0 -1 97 0 100 88 0 5 0 0 85 88 0 0 0 0 1 112 1675 95 20 2 2 5 91 1 0 0 0 2 1695 111 0 0 116 1 0 82 17 0 0 1 114 0 0 0 191 20 0 110 0 0 0 2 1 110 1 3 1 0 0 0 0 0 0 95 0 0 0 109 99 0 0 2 0 1 16 99 0 110 174 0 1 0 0 0 13 22 0 17 0 15 0 0 0 0 0 0 0 1 98 1 0 101 1 0 0 0 16 0 0 111 0 99 0 106 0 0 0 0 0 106 1695 101 1 1597 0 0 219 2 0 0 76 0 0 0 0 0 86 109 90 0 0 0 0 0 0 0 15 0 0 20 95 0 5 0 0 0 0 3 0 -1 1 0 0 0 0 0 0 99 0 0 0 0 113 1 0 1598 1 20 1 0 0 0 1 1 0 1584 0 119 1 1 0 115 95 0 116 188 -1 0 0 0 82 0 102 100 17 0 3 0 112 104 0 100 85 1 0 110 86 97 0 0 1 98 18 2 224 0 0 0 94 0 0 0 -1 0 2 0 2 1 0 0 0 21 0 114 1750 0 0 89 98 0 0 1 0 0 0 0 0 91 0 0 0 0 0 0 0 0 130 20 0 109 0 0 0 0 0 0 1 1 0 0 0 0 84 0 0 0 0 0 120 1 87 0 102 109 0 1574 0 0 0 0 0 0 127 0 0 0 0 1 0 0 0 1580 0 109 0 1 62 0 0 0 0 0 0 30 0 0 0 113 0 0 0 0 0 0 0 2 0 0 106 0 1 0 0 0 2 2 0 0 0 106 88 208 0 1 0 106 117 194 0 1 95 0 0 2 92 0 5 0 4 0 -1 0 3 15 0 24 0 102 125 1 0 0 1696 0 1 0 0 112 2 2 0 119 0 0 0 187 94 91 120 1 85 0 1773 18 2 1 2 0 1 0 0 13 122 0 0 0 1 0 0 96 0 0 0 0 81 2 0 1585 87 -1 0 0 0 2 0 0 0 0 0 103 0 1 0 0 0 0 0 0 111 92 110 0 123 0 0 16 3 0 0 0 92 24 89 0 0 0 89 1667 0 -1 0 103 0 0 3 0 93 0 0 130 1695 2 0 0 0 109 0 0 0 2 0 0 117 1598 5 0 2 0 1577 110 0 0 192 -1 0 0 0 106 0 97 0 0 118 1 0 0 0 0 0 1 0 0 0 0 0 0 1 0 123 0 5 92 106 0 0 0 0 0 0 0 0 122 0 0 0 1 1 82 129 0 109 0 0 0 196 0 3 0 0 0 131 90 0 3 0 0 0 92 0 -1 0 0 0 100 0 0 0 2 0 0 98 106 1 0 100 0 0 77 1 0 0 19 0 0 0 0 0 0 -1 103 0 221 0 0 2 0 0 0 0 1 0 0 0 180 0 1695 91 18 0 0 0 0 0 0 0 0 0 0 -1 0 0 0 1 101 0 0 117 96 97 23 122 93 0 96 1 109 0 0 -1 95 3 21 0 0 1 0 0 103 0 0 0 0 1 0 0 87 0 2 0 0 192 -1 3 1695 0 115 0 0 95 0 0 0 0 1 0 0 1 100 1 99 0 0 1 0 0 29 0 0 100 0 0 1799 222 87 1 0 0 2 0 1 0 94 0 0 100 112 0 101 82 1695 0 0 23 0 0 0 1 0 2 1 0 0 95 0 123 0 0 0 111 0 92 2 116 118 0 124 1 0 0 0 0 0 95 -1 0 105 0 1 96 0 0 0 79 
0 0 0 90 1 0 0 0 1 0 0 0 0 75 20 0 93 0 0 0 0 4 98 191 84 0 0 98 0 3 0 0 0 0 0 0 0 0 0 94 0 0 0 0 0 0 1396 2 1 0 2 0 0 0 1 0 94 0 102 0 0 73 0 88 87 1 0 3 0 0 103 0 0 2 85 0 1 89 0 0 76 92 0 0 83 1 0 1474 0 2 0 1502 1474 0 3 106 69 0 0 0 0 101 90 86 0 0 16 0 0 98 0 2 0 1 0 0 0 0 0 257 109 0 0 4 0 5 1 0 2 0 0 0 0 0 2 1 0 0 2 1 3 0 1 86 0 0 2 1 16 1 0 83 1 0 -1 0 0 0 104 0 88 14 0 1452 0 21 74 0 0 0 0 205 0 79 0 0 0 0 83 3 98 0 91 2 0 102 0 -1 85 101 0 3 93 16 103 0 0 0 0 77 1 0 0 159 -1 0 0 91 0 0 1 0 0 0 0 1 0 106 0 98 88 0 1 -1 88 0 96 84 0 0 0 0 73 84 3 0 0 0 2 85 1504 84 17 3 2 2 74 1 0 0 0 0 1524 80 0 0 90 2 0 73 20 0 0 1 90 0 0 0 159 19 0 97 0 0 0 0 2 122 1 2 1 0 0 0 0 0 0 85 0 0 0 115 87 0 0 1 1 0 15 83 0 85 157 0 1 0 0 0 18 32 0 19 0 21 0 0 0 0 0 0 0 0 81 1 0 79 0 1 0 0 15 0 0 98 1 77 0 90 3 0 0 2 0 101 1524 87 1 1430 0 1 175 0 0 0 99 0 0 0 0 0 90 102 84 0 0 0 0 0 0 0 16 0 0 18 100 0 0 0 0 0 0 1 0 -1 1 0 0 0 0 0 0 84 1 0 0 0 97 0 0 1474 0 18 2 0 0 0 0 1 0 1452 0 94 2 0 1 94 70 0 94 186 -1 2 0 0 71 0 89 89 11 0 0 0 87 85 0 105 73 2 2 82 83 89 0 0 1 97 21 0 156 3 0 0 84 0 0 1 -1 0 1 0 0 1 0 0 1 17 0 88 1579 0 0 72 84 0 1 1 0 0 0 0 0 72 0 1 1 2 0 0 0 0 80 19 2 85 2 0 0 0 0 0 0 4 0 0 0 0 80 0 0 0 0 0 85 2 80 0 80 108 0 1462 0 0 0 0 0 0 80 0 0 0 0 3 0 0 0 1469 0 94 0 1 90 0 0 0 0 0 0 20 0 0 0 113 0 0 0 0 0 0 0 3 0 0 76 0 1 0 0 0 0 0 0 0 0 101 94 171 0 1 0 81 100 188 0 1 90 1 0 2 78 0 6 0 1 0 -1 0 2 17 0 16 0 87 109 0 0 0 1525 0 3 0 0 93 1 0 0 85 0 0 0 194 92 77 99 1 86 0 1586 18 0 1 3 0 0 0 0 8 94 0 0 0 1 0 0 98 0 1 0 0 71 0 0 1465 114 -1 0 0 0 0 0 0 0 0 0 102 0 0 0 0 1 0 0 0 85 77 90 0 95 0 0 19 4 0 0 0 83 15 97 0 0 1 112 1504 0 -1 0 85 0 0 1 0 82 0 0 116 1524 0 0 1 0 83 0 0 0 0 0 0 97 1474 1 0 2 0 1459 122 0 0 223 -1 0 0 0 102 0 98 0 0 89 1 0 0 0 0 0 4 0 0 0 0 2 0 2 0 95 2 3 79 74 0 0 0 0 0 0 0 0 94 0 3 0 1 2 81 78 1 81 0 0 0 183 0 1 0 0 0 80 88 0 1 0 0 0 99 0 -1 0 0 0 77 0 0 0 2 0 0 99 84 1 0 89 0 0 69 1 0 0 17 0 0 0 0 0 0 -1 97 0 172 0 0 1 0 0 0 0 1 0 0 0 154 0 1524 98 18 0 0 0 2 0 0 0 0 0 0 -1 0 0 0 0 79 0 0 92 99 99 19 97 102 0 84 3 98 1 0 -1 90 0 16 0 0 2 0 0 83 0 0 0 0 0 0 0 96 0 1 0 0 176 -1 1 1524 0 91 0 0 97 0 0 0 1 4 0 0 2 87 0 94 0 1 1 0 0 21 0 0 83 0 0 1626 172 80 1 0 0 0 0 2 0 92 0 0 88 101 0 115 74 1524 0 0 13 0 0 0 0 2 1 0 0 0 90 0 95 0 0 4 87 0 85 0 78 97 0 92 1 0 1 0 0 0 102 -1 0 110 0 1 99 0 0 0 68 
0 0 0 93 5 0 0 0 2 0 0 0 0 66 11 0 67 0 0 0 0 2 72 124 68 0 0 77 0 1 0 0 0 0 3 1 1 0 0 68 1 0 0 0 0 0 1148 2 1 0 0 0 0 0 1 0 69 0 68 0 0 74 0 61 76 0 0 0 0 0 75 0 1 0 72 0 1 91 0 0 72 64 0 0 76 0 0 1204 0 0 0 1210 1204 0 1 79 61 0 0 0 0 82 86 70 0 0 23 0 0 72 0 2 0 0 0 0 0 0 0 199 82 0 0 4 0 2 1 0 3 0 0 0 0 0 0 0 0 0 0 1 1 1 2 77 0 0 1 2 13 1 0 71 0 0 -1 0 0 0 76 3 63 19 0 1176 0 14 69 0 0 0 0 144 0 83 0 0 0 0 86 0 77 0 83 0 0 72 0 -1 81 85 0 2 64 20 71 0 0 0 0 74 0 0 0 140 -1 0 0 73 0 0 2 0 0 0 0 3 0 58 0 79 82 0 0 -1 82 0 68 63 0 0 0 0 80 65 1 0 0 0 2 75 1204 74 15 1 0 2 71 2 0 0 0 0 1224 61 0 0 63 1 0 77 23 0 0 0 93 0 0 0 150 20 0 67 0 0 0 0 0 80 0 0 1 0 0 0 0 0 0 69 0 0 0 80 81 0 0 2 2 0 11 64 0 87 134 0 0 0 0 0 15 14 0 12 0 12 0 0 0 0 0 0 0 0 64 1 0 84 1 0 0 0 17 0 0 53 0 84 0 80 2 0 0 1 0 79 1224 79 2 1171 0 0 161 0 0 0 88 0 0 0 0 0 66 74 86 0 0 0 0 1 0 0 20 0 0 12 67 0 6 1 0 0 0 5 0 -1 1 0 0 0 0 0 0 78 0 0 0 0 81 1 0 1204 2 13 0 0 0 0 0 1 0 1189 0 64 2 0 0 69 62 0 88 158 -1 2 0 0 62 0 72 63 15 0 0 0 90 70 0 75 71 3 1 77 86 71 0 0 1 71 14 0 162 1 0 0 68 0 0 2 -1 0 0 0 0 1 0 0 0 11 0 92 1238 0 2 55 69 0 0 2 0 0 0 0 0 73 0 0 1 0 0 0 0 0 71 20 1 76 1 0 0 0 0 0 5 2 0 3 0 0 64 0 0 0 0 0 82 2 70 0 84 60 0 1185 0 0 0 0 0 0 69 0 0 0 0 1 0 0 0 1187 0 76 0 2 73 0 0 0 0 0 0 13 0 0 0 78 0 0 0 0 0 0 0 0 0 0 73 0 1 0 0 0 0 4 0 0 0 79 68 165 0 0 0 75 74 163 0 0 72 0 0 3 60 0 3 0 0 0 -1 0 1 16 0 15 0 68 80 0 0 0 1225 0 2 0 0 68 1 2 0 81 0 0 0 159 72 69 73 1 66 0 1267 11 0 1 0 0 1 0 0 27 86 0 0 0 1 0 0 66 0 0 0 0 62 0 0 1189 68 -1 0 0 0 1 0 0 0 0 0 71 1 0 0 0 0 0 0 0 63 64 92 0 87 0 0 16 1 0 0 0 68 17 68 0 0 0 66 1205 0 -1 0 72 0 0 2 0 67 0 0 83 1224 0 0 1 0 71 0 0 0 4 0 0 69 1204 2 0 3 0 1190 80 0 0 170 -1 0 0 0 72 1 69 0 0 82 2 0 0 0 0 0 1 0 0 0 0 1 0 0 0 65 1 4 96 73 0 0 0 0 0 0 0 0 86 0 3 0 1 1 64 70 0 76 0 0 0 148 0 1 0 0 0 70 67 0 0 0 0 0 80 0 -1 0 0 2 82 0 0 0 2 0 0 68 74 0 0 78 0 0 60 1 0 0 11 0 0 0 0 0 0 -1 65 2 164 0 0 0 0 0 0 0 0 0 0 0 130 0 1224 79 16 0 0 0 0 1 0 0 0 0 0 -1 0 0 0 2 68 0 0 68 68 76 11 66 72 0 80 0 67 1 0 -1 72 1 22 0 1 2 0 0 66 0 0 0 0 0 0 0 68 0 2 0 0 160 -1 1 1224 0 94 0 0 71 0 0 0 0 3 0 0 0 80 0 68 0 1 4 0 0 13 0 0 63 0 0 1296 156 70 1 0 0 5 0 1 0 72 0 0 82 54 0 74 64 1224 0 0 11 0 0 0 0 0 3 1 0 0 72 0 65 0 0 0 92 0 88 1 84 70 0 87 1 0 0 0 0 0 69 -1 0 83 0 0 68 0 0 0 59 
0 0 0 126 0 0 0 4 0 0 0 0 0 121 23 0 129 0 0 0 0 2 105 277 118 0 0 110 0 0 0 0 0 0 1 1 3 0 0 136 4 0 0 0 0 0 1881 2 0 0 1 0 0 0 1 0 120 0 125 0 0 99 0 125 140 4 0 0 0 0 152 0 0 3 132 0 1 125 0 0 113 131 3 0 114 1 0 1977 0 2 0 2122 1977 0 2 126 117 0 0 0 0 129 115 129 0 0 27 0 0 105 0 3 0 2 0 0 0 0 0 372 128 0 0 1 0 5 0 0 5 4 0 0 0 0 2 2 0 0 1 1 3 0 1 119 0 0 2 2 35 1 0 111 1 0 -1 0 0 0 117 1 116 23 0 1928 0 24 96 0 0 0 0 278 0 121 4 0 0 0 106 1 110 0 116 0 0 122 0 -1 123 113 0 3 143 30 135 0 0 0 0 116 2 0 0 215 -1 0 0 119 0 0 3 0 0 0 0 0 0 138 0 133 118 0 0 -1 118 0 127 133 0 1 0 0 104 131 4 0 0 0 3 134 2127 136 18 1 0 5 98 3 0 0 0 0 2153 125 0 0 141 0 0 99 31 0 0 0 126 0 0 0 216 25 0 112 0 0 0 0 5 124 0 2 1 0 0 0 0 0 0 122 0 0 0 120 134 0 0 3 0 0 22 136 0 124 255 0 2 0 0 0 28 27 0 29 0 18 0 1 0 0 0 0 0 0 135 1 0 124 1 4 0 0 22 0 0 114 0 116 0 126 0 0 0 1 0 121 2153 122 1 2050 0 1 236 0 0 0 106 0 0 0 0 0 117 151 136 0 0 0 0 1 0 0 29 0 0 27 114 0 1 1 0 0 0 5 0 -1 1 0 0 0 0 0 0 117 2 0 0 0 140 2 0 1977 3 27 2 0 0 0 0 1 0 1957 0 146 3 1 1 106 118 0 135 238 -1 2 0 0 131 0 126 130 36 0 2 0 126 115 0 137 132 2 7 126 106 120 0 0 0 117 22 2 250 0 0 0 121 0 0 1 -1 0 1 0 0 0 0 0 0 22 0 124 2177 0 0 114 123 0 0 5 0 0 0 0 0 96 0 0 0 3 0 0 0 0 105 25 1 124 4 0 0 1 0 0 2 5 0 1 0 0 126 0 0 0 0 1 123 2 124 0 122 141 0 1946 0 1 0 0 1 0 101 0 0 0 0 4 0 0 1 1953 0 134 0 2 110 0 0 0 0 1 0 23 0 0 0 137 0 1 0 0 0 0 1 4 0 0 110 0 0 0 0 0 2 2 0 0 0 121 112 253 0 0 0 128 106 235 0 2 141 3 0 6 118 0 3 0 1 0 -1 0 0 24 0 28 0 125 128 1 0 0 2154 0 1 0 0 102 2 0 0 121 0 0 0 261 115 123 113 1 128 0 2262 28 0 1 4 0 1 0 0 26 118 0 0 0 1 0 0 118 0 0 0 0 130 3 0 1946 109 -1 0 0 0 5 0 1 0 0 0 134 1 0 0 0 0 0 0 0 130 122 124 0 119 0 0 19 2 0 0 0 120 28 114 0 0 1 105 2120 0 -1 0 143 0 0 0 0 120 0 0 146 2153 1 0 1 0 130 0 0 0 0 0 0 107 1977 2 0 2 0 1949 125 0 0 233 -1 0 0 0 122 2 120 0 0 115 1 0 0 3 0 0 1 0 0 0 0 0 0 0 0 146 0 1 113 112 0 0 0 0 0 0 0 0 118 0 0 0 1 3 125 100 2 125 0 0 0 272 0 2 0 0 0 107 115 0 3 0 0 0 134 0 -1 0 0 0 122 0 0 0 1 0 0 132 144 3 0 141 0 0 129 1 0 0 28 0 0 0 0 0 0 -1 111 2 256 0 0 5 0 0 0 0 2 0 0 1 215 0 2153 133 31 0 0 0 2 0 0 0 0 0 0 -1 0 0 0 2 138 0 0 137 119 113 25 140 133 0 127 2 113 1 0 -1 141 2 26 0 1 1 0 0 137 0 0 0 0 0 0 0 113 0 4 0 0 270 -1 1 2153 1 127 0 0 123 0 0 0 1 0 1 0 1 132 3 136 0 1 1 0 0 23 0 0 135 1 0 2290 279 124 1 0 0 1 0 1 0 115 0 0 135 113 0 122 133 2153 0 0 32 0 0 0 3 2 1 4 0 0 141 0 146 0 0 1 123 0 141 3 137 112 0 119 1 0 1 0 0 0 126 -1 0 129 0 2 119 0 0 0 131 
0 0 0 199 1 0 0 1 2 0 0 0 0 200 39 0 209 0 0 0 0 2 181 366 205 0 0 176 0 3 0 0 0 0 1 2 0 0 0 185 4 0 0 0 0 0 2920 0 3 0 6 1 0 0 1 0 191 0 193 0 0 191 0 193 186 2 0 3 0 0 185 0 1 4 196 0 1 198 0 0 195 201 1 0 222 2 0 3055 0 2 0 3351 3055 0 3 201 206 0 0 0 0 196 193 204 0 0 33 0 0 181 0 3 0 2 0 0 0 0 0 552 186 0 0 4 0 3 2 0 4 3 0 0 0 0 4 3 0 0 1 1 5 0 2 227 0 0 6 1 45 1 0 195 3 0 -1 2 0 0 200 3 186 43 1 2982 0 33 191 0 0 0 0 381 0 201 2 0 0 0 179 3 176 0 186 5 0 187 0 -1 187 190 2 1 205 34 191 0 0 0 0 197 4 0 0 373 -1 0 0 183 0 0 4 0 0 0 0 4 0 189 0 217 203 0 0 -1 203 0 199 185 0 2 0 0 197 185 2 0 0 0 5 198 3355 184 44 3 2 10 195 3 0 0 0 0 3383 162 0 0 208 4 0 187 43 0 0 0 199 0 0 0 421 28 0 182 0 0 0 1 0 201 0 2 3 0 0 0 0 0 0 211 0 0 0 194 224 0 0 2 1 0 49 177 0 197 375 0 3 0 0 0 48 58 0 43 0 43 0 3 0 0 0 0 0 0 173 1 0 202 3 4 0 0 37 0 0 189 4 198 0 204 7 0 0 1 0 229 3383 203 2 3202 0 7 387 0 0 0 196 0 0 0 0 0 185 184 194 0 0 0 0 2 0 0 30 0 0 46 180 0 3 5 0 0 0 1 0 -1 1 0 0 0 0 0 0 225 2 0 0 0 194 0 0 3055 6 46 1 0 0 0 0 1 0 3006 0 217 1 2 1 189 200 0 235 352 -1 2 0 1 177 0 195 199 34 0 3 0 198 179 0 188 198 4 7 214 179 209 0 0 1 187 45 2 377 2 0 0 210 0 0 3 -1 0 2 0 2 0 0 0 2 42 0 197 3450 0 1 181 200 0 1 5 0 0 0 0 0 188 0 0 1 6 0 0 0 0 167 28 4 159 3 0 0 0 0 0 4 3 0 0 0 0 182 0 0 0 0 0 192 4 197 0 201 189 0 3021 0 0 0 0 0 0 162 0 0 0 0 4 0 0 0 3025 0 188 0 6 190 0 0 0 0 3 0 44 0 0 0 211 0 0 0 1 0 0 4 3 0 0 193 0 3 0 0 0 2 0 0 0 0 229 184 381 0 0 0 195 181 380 0 4 185 0 0 6 187 0 9 0 3 0 -1 0 1 40 0 37 0 192 201 2 0 0 3384 0 3 0 0 171 1 6 0 190 0 0 0 407 206 202 199 1 172 0 3528 38 5 1 1 0 1 0 0 37 197 0 0 0 1 0 0 181 0 0 0 0 176 3 0 3022 178 -1 0 0 0 3 0 0 0 0 0 186 3 1 0 0 1 1 0 0 167 182 196 0 198 0 0 43 4 0 0 0 208 41 187 0 0 3 176 3340 0 -1 0 186 0 0 3 0 204 0 0 258 3383 1 0 0 0 188 0 0 0 1 0 0 193 3055 3 0 4 0 3021 202 0 0 404 -1 0 0 0 187 3 181 0 0 189 2 0 0 2 0 0 2 0 0 0 0 1 0 7 0 217 4 5 201 188 0 0 0 1 0 0 0 0 197 0 5 0 1 3 185 161 3 213 0 0 0 427 0 3 0 0 0 165 182 0 3 0 0 0 218 0 -1 0 0 3 199 0 0 0 3 0 0 184 208 1 0 187 0 0 177 1 0 0 41 0 0 0 0 0 0 -1 178 3 413 0 0 2 0 0 0 0 0 0 0 0 393 0 3383 217 36 0 0 0 0 0 0 0 0 0 0 -1 0 0 0 4 200 0 0 178 182 174 41 208 177 0 211 3 179 1 0 -1 185 2 32 0 3 5 1 0 209 0 0 0 0 1 0 0 185 0 3 0 0 406 -1 0 3383 0 200 0 0 195 0 0 0 5 1 0 0 2 221 4 185 0 0 5 0 0 43 0 0 182 3 0 3570 366 197 1 0 0 2 0 4 0 206 0 0 225 188 0 194 200 3383 0 0 36 0 0 0 2 4 3 2 0 0 185 0 217 0 0 4 194 0 198 2 194 193 0 197 1 0 2 0 0 0 196 -1 0 187 0 7 182 0 0 0 168 
0 0 0 157 5 0 0 1 0 0 0 0 0 184 30 0 167 0 0 0 0 2 175 343 173 0 0 201 0 1 0 0 0 0 3 2 2 0 0 161 2 0 0 0 0 0 2692 2 0 0 2 0 0 0 1 0 167 0 156 0 0 183 0 181 167 0 0 3 0 0 185 0 5 1 160 0 1 154 0 0 183 185 2 0 178 2 0 2847 0 2 0 2865 2847 0 2 161 160 0 0 0 0 155 159 162 0 0 33 0 0 175 0 2 0 0 0 0 0 0 0 505 159 0 0 2 0 6 2 0 4 5 0 0 0 0 1 2 0 0 4 1 5 0 3 182 0 0 7 0 41 1 0 164 3 0 -1 0 0 0 181 3 162 44 0 2777 0 36 180 0 1 0 0 342 0 177 4 0 0 0 160 2 201 0 161 0 0 174 0 -1 170 185 3 4 175 30 165 0 0 0 0 187 1 0 0 354 -1 0 0 181 0 0 2 0 0 0 0 3 0 180 0 177 148 0 0 -1 148 0 189 169 0 2 0 0 179 171 2 0 0 0 5 161 2856 166 35 2 2 6 183 5 0 0 0 7 2894 173 0 0 167 0 0 174 33 0 0 1 157 0 0 0 365 38 0 166 1 0 0 0 2 162 0 3 2 0 0 0 3 0 0 176 0 0 0 151 146 0 0 4 3 2 32 163 0 157 319 0 2 0 0 0 35 40 0 31 0 34 0 2 0 0 0 0 0 0 162 2 0 177 3 2 0 0 37 0 0 168 1 197 0 175 1 0 0 1 0 154 2894 173 5 2748 0 4 317 2 0 0 167 0 0 0 0 0 162 184 142 0 0 0 0 0 0 0 36 0 0 35 196 0 2 2 0 0 0 4 0 -1 4 0 0 0 0 0 0 181 3 0 0 0 182 2 0 2847 4 35 1 0 0 0 0 1 0 2804 0 171 0 1 0 165 156 0 215 360 -1 1 0 0 205 0 187 176 29 0 1 0 155 175 0 167 170 1 5 184 160 179 0 0 1 172 25 2 350 3 0 0 175 0 0 2 -1 0 1 0 0 0 0 0 1 33 0 152 2916 0 1 175 155 0 3 4 0 0 0 0 0 177 0 0 1 1 0 0 0 0 150 38 0 171 2 0 0 1 0 0 1 4 0 1 0 0 165 0 0 0 0 0 170 3 179 0 177 180 0 2805 0 0 0 0 0 0 149 0 0 0 0 2 0 0 0 2821 0 180 0 7 173 0 0 0 0 2 0 38 0 0 0 237 0 1 0 0 0 0 3 1 0 0 183 0 2 0 0 0 1 4 0 0 0 154 162 340 0 0 0 158 174 349 0 3 148 4 0 5 179 0 1 0 2 0 -1 0 2 31 0 41 0 187 164 1 0 0 2895 0 4 0 0 169 6 3 0 166 0 0 0 330 167 186 174 1 165 0 3019 41 2 1 0 0 3 0 0 34 164 0 0 0 6 0 0 195 0 2 0 0 203 5 0 2810 166 -1 0 0 0 1 0 0 0 0 0 161 3 0 0 0 3 2 0 0 183 177 155 0 165 0 0 25 1 0 0 0 171 40 168 0 0 4 163 2853 0 -1 0 197 0 0 2 0 172 0 0 206 2894 2 0 0 0 157 0 0 0 3 0 0 170 2847 2 0 3 0 2805 161 0 0 328 -1 0 0 0 174 6 200 0 0 161 2 0 0 5 0 0 2 0 0 0 0 1 0 3 0 173 4 8 176 178 0 0 0 0 0 0 0 0 164 0 4 0 1 5 170 150 4 183 0 0 0 358 0 1 0 0 0 150 161 0 7 0 0 0 178 0 -1 0 0 1 176 0 0 0 2 0 0 156 180 1 0 168 0 0 205 1 0 0 42 0 0 0 0 0 0 -1 165 3 317 0 0 1 0 0 0 0 1 0 0 1 347 0 2894 177 43 0 0 0 1 0 2 0 0 0 0 -1 0 0 0 0 173 0 1 162 202 202 28 167 160 0 143 3 168 1 0 -1 148 1 33 0 1 1 0 0 175 0 0 0 0 0 0 0 165 0 6 0 0 314 -1 3 2894 0 158 1 0 172 0 0 0 3 1 0 0 3 143 1 161 0 0 2 0 0 37 0 0 164 2 0 3054 371 179 1 0 0 3 0 3 0 167 0 0 147 169 0 155 165 2894 0 0 35 0 0 0 2 4 3 4 0 0 148 0 173 0 0 2 156 0 146 0 199 170 0 165 1 0 4 0 0 0 157 -1 0 160 0 1 202 0 0 0 199 
0 0 0 208 5 0 0 1 4 0 0 0 0 175 39 0 202 0 0 0 0 3 192 380 182 0 0 188 0 5 0 0 0 0 2 3 0 0 0 185 3 0 0 0 0 0 3023 3 4 0 1 0 0 0 1 0 179 0 184 0 0 166 0 180 215 1 0 0 0 0 206 0 2 4 175 0 3 208 0 0 195 185 5 0 170 2 0 3169 0 2 0 3191 3169 0 3 197 174 0 1 0 1 184 177 180 0 0 40 0 0 192 0 0 0 1 0 0 0 0 0 579 217 0 0 2 0 4 3 0 3 2 0 0 0 0 0 1 0 0 4 1 5 0 2 178 0 0 6 4 31 1 0 200 2 0 -1 1 0 0 194 0 177 39 0 3111 0 45 170 0 0 0 0 390 0 207 2 0 0 0 190 4 188 0 179 4 0 178 0 -1 161 192 1 1 229 47 186 0 0 0 0 199 5 0 0 339 -1 0 0 206 0 0 1 0 0 0 0 3 0 194 0 213 179 0 0 -1 179 0 189 167 0 5 0 0 183 167 1 0 0 0 2 181 3184 210 39 1 0 6 172 1 0 0 0 0 3231 190 0 0 223 4 0 175 38 0 0 0 208 0 0 0 348 45 0 185 0 0 0 0 1 165 1 4 2 1 0 0 0 0 0 187 0 0 1 164 189 0 0 2 4 0 34 183 0 202 369 0 3 0 0 0 34 31 0 35 0 41 0 2 0 0 1 0 0 0 180 1 1 212 2 3 0 0 36 1 0 187 3 182 0 188 4 0 0 4 0 180 3231 185 5 3076 0 3 360 0 0 0 169 0 0 0 0 0 176 205 172 0 0 0 0 3 0 0 48 0 0 45 196 0 4 5 0 0 0 5 0 -1 4 0 0 1 0 0 0 175 3 0 0 0 200 2 0 3169 1 45 8 0 0 0 0 6 0 3131 0 230 2 1 0 188 170 0 210 413 -1 2 0 0 193 2 173 179 40 0 2 0 202 200 0 205 195 4 3 161 190 183 0 0 1 176 30 2 331 2 0 0 186 0 0 3 -1 0 1 0 3 0 0 0 2 38 0 206 3291 0 0 198 168 0 3 5 0 0 0 0 0 170 0 0 0 2 0 0 0 0 186 45 2 216 2 0 0 1 0 0 3 4 0 1 0 0 163 0 0 0 0 0 163 5 205 0 212 197 0 3132 0 1 0 0 0 0 179 0 0 0 0 4 0 0 0 3139 0 194 0 1 179 0 0 0 0 5 0 34 0 0 0 234 0 1 0 0 0 0 2 0 0 0 198 0 1 0 0 0 1 2 0 0 0 180 189 383 0 1 0 175 188 352 0 3 209 2 0 5 202 0 7 0 0 0 -1 0 2 37 0 40 0 171 197 2 0 0 3232 0 4 0 0 189 4 2 0 160 0 0 0 395 208 179 195 1 156 0 3367 35 3 1 2 0 6 0 0 33 184 0 0 0 3 0 0 200 0 1 0 0 188 3 0 3127 199 -1 0 0 0 2 0 0 0 0 0 200 0 0 0 0 5 1 0 0 202 195 204 0 185 0 0 38 2 0 0 0 185 32 197 0 0 6 200 3180 0 -1 0 202 0 1 2 0 173 0 0 232 3231 4 0 0 0 178 1 0 0 3 0 0 187 3169 5 0 1 0 3132 163 0 0 340 -1 0 0 0 178 2 195 0 0 181 4 0 0 2 0 0 2 0 0 0 0 2 0 2 0 235 2 5 192 188 0 0 0 0 0 0 0 0 184 0 5 0 1 2 160 183 1 160 0 0 0 411 0 3 0 0 0 184 169 0 5 0 0 0 214 0 -1 0 0 2 207 0 0 0 4 0 0 195 177 0 0 219 0 0 188 1 0 0 38 0 0 0 0 0 0 -1 180 3 350 0 0 1 0 0 0 0 1 0 0 1 346 0 3231 213 35 0 0 0 0 0 6 0 0 0 0 -1 0 0 0 0 193 0 0 190 199 187 35 237 191 0 185 4 184 1 0 -1 209 4 40 0 3 2 0 0 191 0 0 0 0 2 0 0 196 0 4 1 0 354 -1 3 3231 0 209 0 0 183 0 0 0 4 1 1 0 4 188 4 185 0 3 3 0 0 34 0 0 184 1 0 3431 370 205 1 0 0 3 0 3 0 208 0 0 190 189 0 154 194 3231 0 0 51 0 0 0 3 4 3 3 0 0 209 0 235 0 0 4 205 0 174 0 176 191 0 186 1 0 1 0 0 0 184 -1 0 218 0 3 199 0 0 0 190 
0 0 0 158 1 0 0 1 1 0 0 0 0 129 39 0 114 0 0 0 0 1 136 297 123 0 0 125 0 2 0 0 0 0 2 1 4 0 0 118 3 0 0 0 0 0 1987 1 2 0 5 0 0 0 1 0 145 0 137 0 0 125 0 131 120 1 0 2 0 0 138 0 1 0 114 0 2 156 0 0 136 134 0 0 134 0 0 2098 0 6 0 2319 2098 0 0 118 153 0 0 0 1 137 148 144 0 0 32 0 0 136 0 1 0 2 0 0 0 0 0 395 112 0 0 3 0 6 6 0 3 2 0 0 0 0 0 2 0 0 2 1 1 0 3 136 0 0 2 1 29 1 0 126 2 0 -1 1 0 0 119 1 143 30 1 2043 0 34 130 0 0 0 0 275 0 132 1 0 0 0 125 2 125 0 147 3 0 124 0 -1 119 133 6 1 147 22 125 0 0 0 0 140 2 0 0 266 -1 0 0 142 0 0 3 0 0 0 0 4 0 154 0 119 159 0 0 -1 159 0 140 147 0 2 0 0 129 142 3 0 0 0 1 117 2317 115 29 0 3 10 131 3 0 0 0 0 2343 107 0 0 143 2 0 124 27 0 0 0 158 0 0 0 271 26 0 145 0 0 0 0 2 124 0 0 0 0 0 0 1 0 0 128 0 0 0 117 156 0 0 3 1 0 33 138 0 152 262 0 6 0 0 0 28 36 0 29 0 20 0 1 0 0 0 0 0 0 134 3 0 133 0 5 0 0 27 0 0 123 2 144 0 120 1 0 0 2 0 157 2343 120 3 2235 0 2 261 0 0 0 117 0 0 0 0 0 139 137 139 0 0 0 0 3 0 0 32 0 0 41 136 0 0 0 0 0 0 4 0 -1 1 0 0 0 0 0 0 139 0 0 0 0 140 2 0 2098 2 41 0 0 0 0 0 2 0 2070 0 149 1 1 1 149 151 0 160 277 -1 0 0 0 122 0 141 125 27 0 2 0 158 138 0 159 126 3 3 141 125 132 0 0 0 118 19 2 245 3 0 0 127 0 0 2 -1 0 2 0 0 0 0 0 2 29 0 156 2371 0 0 138 141 0 1 1 0 0 0 0 0 131 0 0 2 4 0 0 0 0 136 26 0 140 1 0 0 0 0 0 3 3 0 1 0 0 138 0 0 0 0 0 119 4 131 0 133 159 0 2067 0 0 0 0 0 0 129 0 0 0 0 0 0 0 0 2075 0 134 0 1 143 0 0 0 0 1 0 20 0 0 0 164 0 0 0 0 0 0 0 3 0 0 135 0 2 0 0 0 2 1 0 0 0 157 125 281 0 0 0 114 135 251 1 2 145 1 0 1 146 0 2 0 2 0 -1 0 1 26 0 35 0 144 122 3 0 0 2344 0 0 0 0 131 3 4 0 119 0 0 0 253 131 132 159 1 140 0 2454 28 2 1 2 0 2 0 0 34 151 0 0 0 4 0 0 137 0 2 0 0 121 3 0 2074 152 -1 0 1 0 0 0 0 0 0 0 132 1 0 0 0 1 1 0 0 106 142 156 0 152 0 0 25 1 0 0 0 122 29 130 0 0 0 145 2307 0 -1 0 125 0 0 2 0 127 0 0 195 2343 1 0 0 0 112 0 0 0 2 0 0 148 2098 2 0 3 0 2073 121 0 0 240 -1 0 0 0 124 3 139 0 0 142 0 0 0 1 0 0 1 0 0 0 0 1 0 0 0 150 3 11 153 133 0 0 0 0 0 0 0 0 151 0 3 0 1 3 137 132 4 140 0 0 0 228 0 4 0 0 0 137 139 0 3 0 0 0 120 0 -1 0 0 1 129 0 0 0 1 0 0 131 136 5 0 121 0 0 122 1 0 0 13 0 0 0 0 0 0 -1 138 1 276 0 0 2 0 0 0 0 0 0 0 0 251 0 2343 119 35 0 0 0 2 0 2 0 0 0 0 -1 0 0 0 1 107 0 0 126 139 126 21 147 154 0 150 4 142 2 0 -1 145 4 31 0 2 0 0 0 106 0 0 0 0 0 0 0 127 0 3 0 0 292 -1 1 2343 0 159 0 0 145 0 0 0 0 3 1 0 3 157 0 118 0 1 4 0 0 21 0 0 138 2 0 2475 266 131 1 0 0 2 0 3 0 131 0 0 157 124 0 114 124 2343 0 0 26 0 0 0 1 0 1 2 0 0 145 0 150 0 0 1 155 0 146 0 135 156 0 150 1 0 2 0 0 0 137 -1 0 113 1 0 139 0 0 0 114 
0 0 0 224 2 0 0 4 1 1 0 0 0 202 40 0 197 0 0 0 0 1 209 453 187 0 0 210 0 0 0 0 0 0 1 4 3 0 0 198 1 0 0 0 0 0 3211 2 3 0 2 0 0 0 1 0 209 0 217 0 0 203 0 199 204 1 0 1 0 0 220 0 1 3 218 0 1 221 0 0 192 203 2 0 231 2 0 3389 0 3 0 3706 3389 0 2 236 212 0 0 0 0 209 215 221 0 0 47 0 0 209 0 2 0 1 0 0 0 0 0 608 214 0 0 2 0 4 0 0 3 3 0 0 0 0 1 0 0 0 3 1 4 0 3 239 0 0 3 2 56 1 0 218 5 0 -1 1 0 0 219 4 206 43 0 3311 0 41 205 0 0 0 0 439 0 182 1 0 0 0 235 3 210 0 214 1 0 206 0 -1 192 186 3 3 204 50 213 0 0 0 0 194 2 0 0 429 -1 0 0 231 0 0 3 0 0 0 0 1 0 230 0 207 236 0 0 -1 236 0 188 193 0 2 0 0 219 193 1 0 0 0 2 226 3711 201 40 2 3 6 209 1 0 0 0 2 3757 192 0 0 195 3 0 212 35 0 0 0 224 0 0 0 447 44 0 245 0 0 0 0 5 199 2 3 4 1 0 0 0 0 0 194 0 0 0 193 245 0 0 3 5 0 44 219 0 220 414 0 5 0 0 0 47 51 0 51 0 40 0 1 0 0 2 0 0 1 216 1 0 187 2 1 0 0 43 0 0 210 3 211 0 215 0 0 0 2 0 184 3757 214 8 3550 0 3 419 2 0 0 208 0 0 0 0 0 201 219 202 0 0 0 0 1 0 0 25 0 0 42 227 0 3 4 0 0 0 7 0 -1 2 0 0 0 0 0 0 237 0 0 0 0 213 4 0 3389 4 43 0 0 0 1 2 2 0 3354 0 208 1 3 0 214 211 0 271 408 -1 3 0 0 212 1 241 199 43 0 8 0 223 224 0 235 230 1 5 213 235 192 0 0 0 203 49 2 399 5 0 0 193 0 0 4 -1 0 4 0 5 3 0 0 7 34 0 221 3830 0 2 207 214 0 1 4 0 0 0 0 0 204 0 0 1 2 0 0 0 0 227 44 4 216 2 0 0 0 0 0 2 4 0 5 0 0 191 0 0 0 0 0 196 2 208 0 185 234 0 3349 0 0 0 0 0 0 222 0 0 0 0 2 0 0 0 3351 0 211 0 3 190 0 0 0 0 1 0 48 0 0 0 278 0 1 0 0 0 0 1 2 0 0 191 0 4 0 0 0 4 2 0 0 0 184 187 421 0 0 0 218 208 375 0 6 222 3 0 5 214 0 6 0 2 0 -1 0 3 52 0 42 0 240 239 1 0 0 3758 0 6 0 0 202 3 1 0 195 0 0 0 411 230 207 220 1 188 0 3930 44 1 1 2 0 6 0 0 40 224 0 0 0 2 0 0 226 0 0 0 0 209 4 0 3337 201 -1 0 0 0 6 0 0 0 0 0 198 4 0 0 0 1 1 0 0 199 212 222 0 225 0 0 39 2 0 0 0 188 48 189 0 0 1 195 3706 0 -1 0 206 0 2 1 1 189 0 0 280 3757 2 0 1 0 220 0 0 0 2 0 0 211 3389 5 0 2 0 3346 197 0 0 412 -1 0 0 0 206 1 228 0 0 213 4 0 0 2 0 0 1 0 0 0 0 1 0 3 0 208 5 13 214 181 0 0 0 0 0 0 0 0 224 0 3 0 1 4 183 221 0 212 0 0 0 442 0 1 0 0 0 227 204 0 4 0 0 0 208 0 -1 0 0 3 185 0 0 0 2 0 0 198 224 1 0 208 0 0 209 1 0 0 47 0 1 0 0 0 0 -1 242 5 434 0 0 4 0 0 0 0 1 0 0 0 385 0 3757 207 47 0 0 0 2 0 1 0 0 0 0 -1 0 0 0 1 227 0 0 212 230 211 36 210 223 0 232 2 246 2 0 -1 222 0 46 0 1 3 0 0 233 0 0 0 0 1 0 0 186 0 3 0 0 433 -1 5 3757 0 225 0 0 214 0 0 0 3 2 1 0 1 244 0 198 0 4 2 0 0 47 0 0 216 2 0 3956 428 208 1 1 0 2 0 5 0 230 0 0 246 214 0 192 227 3757 0 0 43 0 0 0 1 3 3 3 0 0 222 0 208 0 0 3 217 0 211 2 223 217 0 229 1 1 1 0 0 0 219 -1 0 215 0 2 230 0 0 0 200 
1 0 0 110 0 0 0 2 3 0 0 0 0 101 11 0 106 0 0 0 0 0 111 244 103 0 0 110 0 1 0 0 0 0 1 1 4 0 0 98 2 0 0 0 0 0 1641 1 1 0 3 1 0 0 1 0 123 0 113 0 0 107 0 103 118 3 0 1 0 0 100 0 2 1 115 0 0 107 0 0 91 104 0 0 101 2 0 1725 0 2 0 1766 1725 0 2 120 115 0 0 0 0 103 110 120 0 0 16 0 0 111 0 0 0 0 0 0 0 0 0 332 96 0 0 2 0 4 1 0 5 0 0 0 0 0 1 1 0 0 3 1 1 0 0 104 0 0 1 2 25 1 0 105 1 0 -1 0 0 0 104 1 119 26 0 1682 0 27 106 0 1 0 0 216 0 94 0 0 0 0 88 0 110 0 109 3 0 126 0 -1 88 97 1 0 120 27 75 0 0 0 0 92 0 0 0 199 -1 0 0 119 0 0 2 0 0 0 0 1 0 124 0 110 126 0 0 -1 126 0 103 109 0 2 0 0 120 111 4 0 0 0 1 116 1770 113 23 0 2 4 109 1 0 0 0 2 1787 103 0 0 114 0 0 117 22 0 0 0 110 0 0 0 212 17 0 112 0 0 0 0 1 92 0 1 0 0 0 0 0 0 0 106 0 0 1 90 110 0 0 0 3 2 25 118 0 105 188 0 1 0 0 0 22 15 0 25 0 26 0 0 0 0 0 0 0 0 117 0 0 98 2 2 0 0 30 2 1 110 1 111 0 105 0 0 0 1 0 113 1787 102 2 1700 0 2 212 0 0 0 96 0 0 0 0 0 116 99 106 0 0 0 0 2 0 0 19 0 0 24 104 0 2 0 0 0 0 2 0 -1 4 0 0 0 0 0 0 102 3 0 0 0 119 2 0 1725 2 24 1 0 0 0 3 0 0 1706 0 115 1 2 0 107 116 0 113 192 -1 0 0 0 112 0 98 100 20 0 1 0 108 115 0 101 95 5 5 106 88 105 0 0 1 123 10 4 189 2 0 0 105 0 0 0 -1 0 0 0 1 0 0 0 0 21 0 108 1839 0 0 104 112 0 0 1 0 0 0 0 0 104 0 0 0 2 0 0 0 0 89 17 1 93 1 0 0 0 0 0 3 1 0 0 0 0 109 0 0 0 0 0 89 0 110 0 99 126 0 1702 0 0 0 0 0 0 90 0 0 0 0 1 0 0 0 1710 0 114 0 0 103 0 0 0 0 2 0 33 0 0 0 118 0 0 0 0 0 0 2 1 0 0 90 0 2 0 0 0 1 2 0 0 0 113 102 201 0 1 0 114 111 187 0 7 94 4 0 5 109 0 2 0 2 0 -1 0 2 25 0 18 0 97 120 5 0 0 1788 0 3 0 0 105 1 1 0 87 0 0 0 212 110 102 113 1 101 0 1886 24 1 1 2 0 1 0 0 23 114 1 0 0 0 0 0 106 0 0 0 0 111 2 0 1706 116 -1 0 0 0 0 0 0 0 0 0 95 0 1 0 0 1 0 0 0 100 111 108 0 115 0 0 21 2 0 0 0 105 25 106 0 0 1 113 1767 0 -1 0 102 0 0 0 0 101 0 0 127 1787 1 0 1 0 112 0 0 0 2 0 0 109 1725 3 0 2 0 1702 92 0 0 189 -1 0 0 0 126 2 108 0 0 109 2 0 0 0 0 0 0 0 0 0 0 2 0 0 0 117 0 2 103 89 0 0 0 0 0 0 0 0 114 0 0 0 1 2 107 85 1 105 0 0 0 215 0 1 0 0 0 90 120 0 2 0 0 0 111 0 -1 0 0 2 98 0 0 0 2 0 0 95 100 2 0 120 0 0 112 1 0 0 29 0 0 0 0 0 0 -1 108 3 198 0 0 2 0 0 0 0 1 0 0 0 205 0 1787 110 20 0 0 0 0 0 1 0 0 0 0 -1 0 0 0 1 103 0 0 103 108 108 22 114 95 0 109 2 114 0 0 -1 94 1 16 0 4 4 0 0 100 0 0 0 0 1 0 0 105 0 1 0 0 228 -1 0 1787 0 111 0 0 122 0 0 0 2 1 0 0 0 111 0 98 0 2 0 0 0 32 0 0 117 1 0 1886 201 110 1 0 0 0 0 1 0 110 0 0 111 109 0 88 91 1787 0 0 14 0 0 0 2 0 0 2 0 0 94 0 117 0 0 1 108 0 109 4 108 110 0 113 1 0 2 0 0 0 116 -1 0 97 0 3 108 0 0 0 108 
0 0 0 151 0 0 0 1 2 0 0 0 0 131 25 0 139 0 0 0 0 1 154 322 137 0 0 158 0 5 0 0 0 0 1 2 1 0 0 143 4 0 0 0 0 0 2277 1 3 0 0 0 0 0 1 0 154 0 164 0 0 131 0 151 135 4 0 4 0 0 155 0 1 1 163 0 2 146 0 0 137 152 4 0 132 3 0 2401 0 5 0 2484 2401 0 1 151 152 0 0 0 0 142 122 156 0 0 21 0 0 154 0 5 0 0 0 0 0 0 0 453 158 0 0 5 0 3 0 0 2 1 0 0 0 0 1 0 0 0 2 1 2 0 4 136 0 0 4 2 34 1 0 139 4 0 -1 0 0 0 149 2 149 39 1 2343 0 25 125 0 1 0 0 321 0 159 2 0 0 0 136 2 158 0 122 3 0 150 0 -1 172 145 1 3 149 37 133 0 0 0 0 138 0 0 0 257 -1 0 0 152 0 0 3 0 0 0 0 0 0 155 0 144 157 0 0 -1 157 0 142 132 0 0 0 0 123 137 3 0 0 0 4 165 2481 131 27 4 2 2 131 1 0 0 0 4 2518 146 0 0 151 1 0 116 39 0 0 0 151 0 0 0 266 37 0 160 0 0 0 0 2 140 1 3 1 0 0 0 0 0 0 143 0 0 0 132 166 0 0 0 1 0 35 165 0 145 281 0 4 0 0 0 35 30 0 26 0 22 0 0 0 0 1 0 0 0 163 0 0 160 0 2 0 0 26 0 0 141 0 155 0 141 3 0 0 1 0 158 2518 138 0 2400 0 1 258 1 0 0 134 0 0 0 0 0 152 154 149 0 0 0 0 1 0 0 23 0 0 33 149 0 4 3 0 0 0 4 0 -1 2 0 0 0 0 0 0 134 2 1 0 0 138 0 0 2401 2 33 1 0 0 0 0 2 0 2366 0 158 4 1 0 111 151 0 153 290 -1 2 0 0 157 0 134 151 36 0 6 0 150 148 0 145 153 3 1 155 136 142 0 0 1 146 35 2 332 0 0 0 142 0 0 1 -1 0 3 0 1 0 0 0 4 26 0 147 2566 0 0 138 154 0 3 3 0 0 0 0 0 134 0 0 0 2 0 0 0 0 140 37 4 141 2 0 0 1 0 0 1 4 0 1 0 0 134 0 0 0 0 0 175 0 139 0 158 157 0 2366 0 0 0 0 0 0 139 0 0 0 0 4 0 0 0 2368 0 130 0 5 139 0 0 0 0 3 0 28 0 0 0 170 0 3 0 0 0 0 3 3 0 0 135 0 2 0 0 0 0 6 0 0 0 158 150 312 0 0 0 160 155 306 0 6 150 4 0 4 142 0 6 0 1 0 -1 0 2 36 0 29 0 130 152 1 0 0 2519 0 4 0 0 152 1 2 0 173 0 0 0 283 144 134 119 1 132 0 2644 27 2 1 3 0 2 0 0 31 125 0 1 0 1 0 0 144 0 2 0 0 156 1 0 2373 130 -1 0 0 0 4 0 0 0 0 0 167 2 1 0 0 0 1 0 0 149 146 149 0 126 0 0 31 3 0 0 0 140 32 153 0 0 1 129 2482 0 -1 0 153 0 1 1 0 141 0 0 141 2518 0 0 0 0 164 0 0 0 3 0 0 112 2401 1 0 1 0 2372 140 0 0 274 -1 0 0 0 150 0 149 0 0 123 1 0 0 3 0 0 2 0 0 0 0 0 0 1 0 158 1 6 150 136 0 0 0 0 0 0 0 0 125 0 2 0 1 3 134 138 0 154 0 0 0 288 0 3 0 0 0 138 153 0 2 0 0 0 145 0 -1 0 0 2 160 0 0 0 1 0 0 163 139 3 0 137 0 0 156 1 0 0 29 0 0 0 0 0 0 -1 155 2 339 0 0 3 0 0 0 0 1 0 0 0 256 0 2518 144 23 0 0 0 2 0 1 0 0 0 0 -1 0 0 0 6 143 0 0 159 151 156 30 160 139 0 159 2 159 4 0 -1 150 1 21 0 3 0 0 0 145 0 0 0 0 0 0 0 149 0 2 0 0 314 -1 2 2518 0 152 0 0 157 0 0 0 1 4 0 0 4 163 2 143 0 0 1 0 0 28 0 0 161 1 0 2682 313 139 1 0 0 0 0 2 0 144 0 0 167 141 0 135 148 2518 0 0 36 0 0 0 2 1 1 3 0 0 150 0 158 0 0 0 149 0 154 2 167 117 0 126 1 0 1 0 0 0 166 -1 0 159 0 0 151 0 0 0 150 
1 0 0 133 2 0 0 1 2 0 0 0 0 113 17 0 87 0 0 0 0 2 115 219 119 0 0 133 0 1 0 0 0 0 2 1 1 0 0 110 4 0 0 0 0 0 1803 2 0 0 1 0 0 0 1 0 111 0 112 0 0 89 0 111 133 2 0 0 0 0 141 0 2 2 122 0 6 132 0 0 114 117 0 0 121 2 0 1893 0 0 0 1965 1893 0 0 103 118 0 0 0 0 109 99 115 0 0 33 0 0 115 0 1 0 0 0 0 0 0 0 345 109 0 0 2 0 2 1 0 5 3 0 0 0 0 2 1 0 0 0 1 3 0 1 125 0 0 3 3 21 1 0 108 0 0 -1 0 0 0 124 0 116 20 1 1837 0 29 90 0 0 0 0 256 0 118 0 1 0 0 107 2 133 0 100 0 0 126 0 -1 112 119 4 0 118 32 120 0 0 0 0 116 5 0 0 203 -1 0 0 117 0 0 3 0 0 0 0 3 0 105 0 93 121 0 0 -1 121 0 117 128 0 1 0 0 128 131 0 0 0 0 0 125 1963 127 18 0 3 3 93 1 0 0 0 3 1990 110 0 0 117 2 0 121 22 0 0 0 133 0 0 0 219 27 0 125 0 0 0 1 0 116 2 3 1 0 0 0 0 0 0 121 0 0 1 109 111 0 0 1 1 0 26 114 0 133 233 0 0 0 0 0 27 25 0 27 0 22 0 1 0 0 0 0 0 0 111 1 0 119 1 2 0 0 29 0 0 122 6 113 0 141 0 0 0 1 0 105 1990 139 2 1888 0 1 235 0 0 0 126 0 0 0 0 0 115 140 110 0 0 0 0 4 0 0 24 0 0 24 128 0 2 3 0 0 0 5 0 -1 1 0 0 0 0 0 0 125 1 0 0 0 116 1 0 1893 1 24 1 0 0 0 0 1 0 1876 0 121 2 0 1 119 116 0 124 237 -1 2 0 0 108 0 118 112 27 0 0 0 132 112 0 129 108 1 4 122 107 122 0 0 0 124 20 2 224 0 0 0 120 0 0 0 -1 0 2 0 3 0 0 0 1 17 0 133 2049 0 0 103 117 0 2 3 0 0 0 0 0 91 0 0 1 0 0 0 0 0 106 27 1 117 0 0 0 0 0 0 1 2 0 2 0 0 126 0 0 0 0 0 113 3 114 0 118 105 0 1869 0 0 0 0 0 0 106 0 0 0 0 0 0 0 0 1874 0 112 0 3 121 0 0 0 0 2 0 29 0 0 0 151 0 1 0 0 0 0 0 1 0 0 114 0 3 0 0 0 3 0 0 0 0 105 117 244 0 1 0 120 116 230 0 3 129 0 0 2 107 0 4 0 0 0 -1 0 1 19 0 25 0 118 105 2 0 0 1991 0 6 0 0 110 2 0 0 111 0 0 0 200 116 115 123 1 128 0 2076 36 3 1 1 0 0 0 0 23 99 0 0 0 1 0 0 127 0 4 0 0 108 4 0 1873 106 -1 0 0 0 1 0 0 0 0 0 125 1 0 0 0 1 0 0 0 110 110 132 0 100 0 0 23 1 0 0 0 119 19 118 0 0 1 105 1968 0 -1 0 118 0 0 2 0 118 0 0 141 1990 2 0 3 0 117 0 0 0 1 0 0 118 1893 1 0 1 0 1868 116 0 0 238 -1 0 0 0 126 2 130 0 0 97 2 0 0 2 0 0 0 0 0 0 0 1 0 1 0 122 1 4 124 111 0 0 0 0 0 0 0 0 99 0 1 0 1 3 125 105 2 121 0 0 0 219 0 3 0 0 0 109 111 0 1 0 0 0 94 0 -1 0 0 2 116 0 0 0 1 0 0 120 110 3 0 135 0 0 106 1 0 0 30 0 0 0 0 0 0 -1 123 2 224 0 0 0 0 0 0 0 5 0 0 0 206 0 1990 93 24 0 0 0 1 0 2 0 0 0 0 -1 0 0 0 2 121 0 0 117 130 134 28 122 126 0 107 3 127 3 0 -1 129 1 32 0 2 2 0 0 125 0 0 0 0 0 0 0 116 0 4 0 0 232 -1 1 1990 0 134 0 0 119 0 0 0 2 0 0 0 3 111 1 110 0 1 2 0 0 27 0 0 114 2 0 2115 251 114 1 0 0 1 0 1 0 116 0 0 112 123 0 113 107 1990 0 0 22 0 0 0 3 2 1 2 0 0 129 0 122 0 0 4 128 0 112 1 119 121 0 100 1 0 0 0 0 0 115 -1 0 110 0 1 130 0 0 0 101 
1 0 0 236 4 0 0 1 2 0 0 0 0 249 51 0 237 0 0 0 0 4 230 536 234 0 0 265 0 3 0 0 0 0 2 3 3 0 0 252 0 0 0 0 0 0 4012 4 2 0 6 0 0 0 1 0 249 0 280 0 0 289 0 251 272 5 0 1 0 0 252 0 4 2 226 0 1 231 0 0 249 259 4 0 240 5 0 4196 0 3 0 4271 4196 0 2 241 237 0 0 0 0 246 225 254 0 0 55 0 0 230 0 3 0 0 0 0 0 0 0 773 269 0 0 2 0 7 4 0 5 0 0 0 0 0 4 4 0 0 5 1 7 0 3 249 0 0 4 6 57 1 0 254 5 0 -1 0 0 0 249 2 241 49 1 4087 0 57 280 0 1 0 0 537 0 273 4 0 0 0 264 3 265 0 231 4 0 263 0 -1 232 263 6 0 223 56 275 0 0 0 0 252 7 0 0 539 -1 0 0 244 0 0 4 0 0 0 0 5 0 273 0 251 260 0 1 -1 260 0 247 275 0 4 0 0 264 272 4 0 0 0 4 234 4280 266 45 5 3 7 293 4 0 0 0 2 4326 246 0 0 221 3 0 261 48 0 0 1 236 0 0 0 543 44 0 223 0 0 0 1 3 259 0 2 5 0 0 0 1 0 0 243 0 0 1 254 248 0 0 1 4 0 58 261 0 229 494 0 2 0 0 0 42 68 0 51 0 69 0 5 0 0 0 0 0 2 259 3 0 276 0 1 0 0 58 0 0 254 2 247 0 278 3 0 0 5 0 253 4326 273 11 4120 0 3 506 2 0 0 229 0 0 0 0 0 241 251 241 0 0 0 0 4 0 0 41 0 0 53 229 0 3 4 0 0 0 3 0 -1 2 0 0 0 0 0 0 249 3 0 0 0 281 2 0 4196 1 53 4 0 0 0 1 5 0 4152 0 230 6 3 2 249 237 0 315 503 -1 3 0 0 243 0 267 249 56 0 3 0 230 233 0 268 239 0 9 259 264 247 0 0 1 249 46 3 474 1 0 0 242 0 0 3 -1 0 3 0 3 1 0 0 1 39 0 231 4428 0 1 222 248 0 10 8 0 0 0 0 0 289 0 0 0 2 0 0 0 0 245 44 5 233 6 0 0 0 0 0 6 5 0 5 0 0 261 0 0 0 0 0 234 6 272 0 274 275 0 4138 0 1 0 0 1 0 246 0 0 0 0 3 0 0 0 4145 0 275 0 4 236 0 0 0 0 2 0 64 0 0 0 266 0 3 0 0 0 0 3 5 0 0 249 0 4 0 0 0 2 3 0 0 0 253 245 514 0 2 0 227 230 485 0 5 253 1 0 6 236 0 7 0 2 0 -1 0 1 59 0 52 0 261 245 1 0 0 4327 0 7 0 0 226 4 3 0 227 0 0 0 489 265 255 260 1 265 0 4537 56 3 1 3 0 5 0 0 59 243 0 0 0 2 0 0 231 0 0 0 0 240 6 0 4142 265 -1 0 0 0 3 0 0 0 0 0 263 3 3 0 0 7 2 0 0 261 233 234 0 244 0 0 58 4 0 0 0 239 44 249 0 0 2 267 4269 0 -1 0 258 0 0 4 0 238 0 0 302 4326 2 0 1 0 228 0 0 0 3 0 0 247 4196 4 0 2 0 4154 257 0 0 487 -1 0 0 0 263 7 229 0 0 236 3 0 0 2 0 0 4 0 0 0 0 0 0 4 0 234 6 6 267 240 0 0 0 0 0 0 0 0 243 0 3 0 1 3 269 241 3 258 0 0 0 523 0 2 0 0 0 250 241 0 7 0 0 0 252 0 -1 0 0 3 272 0 0 0 0 0 0 258 257 2 0 273 0 0 242 1 0 0 38 0 0 0 0 0 0 -1 218 3 479 0 0 1 0 0 0 0 3 0 0 0 516 0 4326 251 47 0 0 0 4 0 0 0 0 0 0 -1 0 0 0 4 262 0 0 244 232 268 57 231 256 0 238 6 222 1 0 -1 253 2 55 0 2 0 0 0 265 0 0 0 0 1 0 0 248 0 5 0 0 511 -1 2 4326 0 237 0 0 253 0 0 0 3 2 1 0 8 247 4 252 0 8 3 0 0 61 0 0 261 1 0 4591 483 272 1 0 0 3 0 4 0 265 0 0 249 260 0 250 235 4326 0 0 37 0 0 0 2 6 2 4 0 0 253 0 234 0 0 4 231 0 252 5 254 258 0 245 1 0 4 0 0 0 285 -1 0 270 0 1 232 0 0 0 238 
1 0 0 160 1 0 0 2 3 0 0 0 0 145 44 0 153 0 0 0 0 1 167 308 166 0 0 166 0 2 0 0 0 0 1 5 2 1 0 161 2 0 0 0 0 0 2526 2 0 0 3 0 0 0 1 0 157 0 187 0 0 171 0 170 150 1 0 0 0 0 155 0 0 1 168 0 0 157 0 0 162 175 0 0 151 0 0 2676 0 2 0 2698 2676 0 4 148 160 0 0 0 2 183 174 171 0 0 30 0 0 167 0 4 0 0 0 0 0 0 0 446 167 0 0 5 0 4 3 0 7 1 0 0 0 0 2 2 0 0 5 1 3 0 4 156 0 0 5 2 39 1 0 146 4 0 -1 3 0 0 159 3 153 33 1 2625 0 23 162 0 0 0 0 343 0 159 4 0 0 0 175 2 166 0 168 1 0 187 0 -1 156 177 3 5 165 32 176 0 0 0 0 164 1 0 0 315 -1 0 0 180 0 0 4 0 0 0 0 2 0 153 0 167 180 0 0 -1 180 0 161 135 0 1 0 0 157 132 3 0 0 0 2 177 2704 144 34 3 0 7 170 2 0 0 0 2 2736 174 0 0 162 2 0 155 41 0 0 0 160 0 0 0 327 32 0 170 0 0 0 0 3 168 0 0 1 0 0 0 1 0 0 174 0 0 0 157 149 0 0 0 0 0 41 152 0 157 282 0 3 0 0 0 26 29 0 26 0 38 0 1 0 0 0 0 0 0 150 4 0 163 0 3 0 0 25 1 0 167 4 160 0 147 1 0 0 1 0 158 2736 145 6 2594 0 2 317 1 0 0 153 0 0 0 0 0 153 154 164 0 0 0 0 5 0 0 34 0 0 30 146 0 4 2 0 0 0 1 0 -1 2 0 0 0 0 0 0 156 1 0 0 0 169 3 0 2676 3 30 3 0 0 0 0 3 0 2645 0 168 0 1 0 161 159 0 172 337 -1 2 0 0 190 0 153 170 39 0 5 0 157 173 0 140 144 1 3 147 175 174 0 0 0 179 40 2 299 3 0 0 173 0 0 0 -1 0 3 0 0 1 0 0 3 29 0 151 2823 0 0 165 167 0 0 4 0 0 0 0 0 165 0 0 1 2 0 0 0 0 149 32 2 157 0 0 0 0 0 0 4 2 0 1 0 0 127 0 0 0 0 0 158 2 142 0 163 156 0 2656 0 0 0 0 0 0 152 0 0 0 0 2 0 0 0 2649 0 166 0 0 141 0 0 0 0 5 0 37 0 0 0 181 0 0 0 0 0 0 2 1 0 0 159 0 0 0 0 0 2 1 0 0 0 158 154 342 0 1 0 171 167 332 0 3 151 4 0 6 164 0 5 0 0 0 -1 0 2 26 0 37 0 151 150 1 0 0 2737 0 5 0 0 157 2 4 0 158 0 0 0 346 155 147 167 1 123 0 2853 44 2 1 2 0 2 0 0 32 181 0 0 0 0 0 0 142 0 2 0 0 188 1 0 2640 153 -1 0 0 0 2 0 0 0 0 0 172 2 1 0 0 1 0 0 0 182 165 158 0 182 0 0 38 6 0 0 0 171 34 156 0 0 0 149 2694 0 -1 0 156 0 0 2 0 169 0 0 195 2736 1 0 1 0 173 0 0 0 3 0 0 164 2676 3 0 2 0 2639 166 0 0 323 -1 0 0 0 187 2 146 0 0 170 3 0 0 5 0 0 3 0 0 0 0 0 0 0 0 171 5 6 181 155 0 0 0 0 0 0 0 0 181 0 2 0 1 2 125 142 2 146 0 0 0 334 0 1 0 0 0 150 149 0 3 0 0 0 168 0 -1 0 0 4 160 0 0 0 0 0 0 171 153 2 0 151 0 0 189 1 0 0 28 0 0 0 0 0 0 -1 166 1 306 0 1 0 0 0 0 0 0 0 0 0 332 0 2736 167 29 0 0 0 3 0 3 0 0 0 0 -1 1 0 0 1 164 0 0 156 146 169 27 173 131 0 144 0 169 2 0 -1 151 2 30 0 3 4 0 0 163 0 0 0 0 1 0 0 153 0 3 0 0 344 -1 3 2736 0 161 0 0 159 0 0 0 2 0 0 0 1 148 1 161 0 6 2 1 0 37 0 0 154 0 0 2910 305 142 1 0 0 1 0 2 0 155 0 0 150 168 0 158 141 2736 0 0 23 0 0 0 1 2 0 2 0 0 151 0 171 0 0 4 159 0 171 0 156 164 0 180 1 0 3 0 0 0 188 -1 0 168 0 2 146 0 0 0 183 
0 0 0 139 0 0 0 3 3 0 0 0 0 112 23 0 124 0 0 0 0 1 131 282 132 0 0 140 0 3 0 0 0 0 1 1 4 0 0 119 4 0 0 0 0 0 2048 1 1 0 3 1 0 0 1 0 130 0 129 0 0 137 0 130 144 2 0 0 0 0 140 0 1 2 130 0 0 138 0 0 137 133 3 0 139 0 0 2144 0 2 0 2226 2144 0 1 137 139 0 0 0 0 137 133 121 0 0 29 0 0 131 0 2 0 0 0 0 0 0 0 418 136 0 0 3 0 3 4 0 4 5 0 0 0 0 3 3 0 0 1 1 3 0 3 142 0 0 4 2 28 1 0 119 2 0 -1 0 0 0 116 1 125 28 1 2096 0 32 134 0 0 0 0 272 0 124 0 0 0 0 128 1 140 0 130 3 0 137 0 -1 124 126 3 4 122 22 115 0 0 0 0 141 1 0 0 255 -1 0 0 146 0 0 1 0 0 0 0 3 0 140 0 131 124 0 3 -1 124 0 123 161 0 2 0 0 145 158 1 0 0 0 1 133 2221 140 23 4 1 4 141 2 0 0 0 4 2249 136 0 0 117 4 0 143 33 0 0 0 139 0 0 0 284 27 0 133 0 0 0 1 2 135 0 2 2 0 0 0 0 0 0 138 0 0 0 124 154 0 0 2 0 0 25 141 0 136 240 0 1 0 0 0 27 22 0 33 0 27 0 2 0 0 1 0 0 0 140 2 0 127 1 1 0 0 27 0 0 123 0 137 0 117 0 0 0 3 0 147 2249 114 0 2152 0 4 242 0 0 0 157 0 0 0 0 0 124 139 143 0 0 0 0 4 0 0 37 0 0 32 136 0 4 0 0 0 0 3 0 -1 3 0 0 0 0 0 0 142 2 1 0 0 137 1 0 2144 4 33 1 0 0 0 1 1 0 2122 0 123 1 5 0 127 140 0 145 262 -1 1 0 0 154 0 127 125 24 0 3 0 137 143 0 117 141 3 3 115 128 135 0 0 0 136 30 3 249 4 0 0 137 0 0 1 -1 0 0 0 3 0 0 0 1 20 0 138 2275 0 1 140 121 0 3 1 0 0 0 0 0 140 0 0 0 3 0 0 0 0 143 27 1 128 1 0 0 0 0 0 1 4 0 2 0 0 152 0 0 0 0 0 126 1 131 0 127 141 0 2118 0 0 0 0 0 0 138 0 0 0 0 2 0 0 0 2114 0 134 0 3 135 0 0 0 0 2 0 25 0 0 0 164 0 0 0 0 0 0 2 0 0 0 140 0 1 0 0 0 2 3 0 0 0 147 146 276 0 0 0 129 128 245 0 3 134 2 0 5 147 0 1 0 2 0 -1 0 2 31 0 25 0 128 140 2 0 0 2250 0 3 0 0 127 2 2 0 122 0 0 0 265 122 117 137 1 156 0 2357 22 4 1 0 0 1 0 0 22 136 0 0 0 0 0 0 135 0 2 0 0 151 3 0 2115 126 -1 0 0 0 1 0 0 0 0 0 139 0 0 0 0 3 1 0 0 143 141 137 0 137 0 0 31 4 0 0 0 135 22 148 0 0 3 124 2214 0 -1 0 132 0 1 0 0 135 0 0 171 2249 0 0 0 0 128 0 0 0 6 0 0 130 2144 0 0 2 0 2115 134 0 0 291 -1 0 0 0 137 1 136 0 0 128 1 0 0 2 0 0 1 0 0 0 0 0 0 3 0 123 1 7 151 136 0 0 0 0 0 0 0 0 136 0 2 0 1 1 149 141 2 114 0 0 0 260 0 1 0 0 0 144 129 0 3 0 0 0 132 0 -1 0 0 3 126 0 0 0 1 0 0 136 134 3 0 147 0 0 153 1 0 0 37 0 0 0 0 0 0 -1 131 0 282 0 0 3 0 0 0 0 0 0 0 0 269 0 2249 131 17 0 0 0 1 0 1 0 0 0 0 -1 1 0 0 0 128 0 0 127 138 140 29 119 109 0 147 2 134 0 0 -1 134 1 27 0 3 1 0 0 128 0 0 0 0 0 0 0 148 0 4 0 0 275 -1 2 2249 1 140 0 0 130 0 0 0 7 2 0 0 1 153 1 119 0 0 0 0 0 26 0 0 140 3 0 2389 261 131 1 0 0 4 0 3 0 122 0 0 155 124 0 129 137 2249 0 0 24 0 0 0 1 2 1 2 0 0 134 0 123 0 0 0 133 0 148 4 132 132 0 136 1 0 2 0 0 0 132 -1 0 137 0 0 138 0 0 0 146 
0 0 0 81 1 0 0 1 0 0 0 0 0 66 13 0 87 0 0 0 0 0 72 153 77 0 0 74 0 1 0 0 0 0 2 0 0 0 0 85 1 0 0 1 0 0 1156 1 0 0 2 0 0 0 1 0 77 0 62 0 0 83 0 70 78 2 0 0 0 0 111 0 1 1 94 0 2 81 0 0 63 75 2 0 74 0 0 1200 0 1 0 1344 1200 0 0 96 71 0 0 0 0 82 72 83 0 0 12 0 0 72 0 1 0 0 0 0 0 0 0 253 56 0 0 1 0 2 0 0 2 1 1 0 0 0 1 4 0 0 2 1 3 0 0 80 0 0 3 1 21 1 0 83 4 0 -1 0 0 0 77 0 76 15 1 1168 0 16 81 0 0 0 0 174 0 73 0 0 0 0 79 2 74 0 74 0 0 71 0 -1 82 96 1 1 72 19 79 0 0 0 0 64 1 0 0 157 -1 0 0 88 0 0 1 0 0 0 0 0 0 72 0 94 84 0 0 -1 84 0 80 75 0 1 0 0 82 76 1 0 0 0 0 96 1341 76 22 1 0 4 84 0 0 0 1 1 1353 80 0 0 70 0 0 83 18 0 0 0 81 0 0 0 162 12 0 85 0 0 0 0 2 69 0 1 3 0 0 0 0 0 0 78 0 0 0 67 84 0 0 1 1 0 10 81 0 80 132 0 2 0 0 0 14 14 0 20 0 15 0 2 0 0 2 0 0 0 80 1 0 75 0 2 0 0 16 0 0 54 0 92 0 76 1 0 0 0 0 83 1353 73 3 1295 0 1 144 0 0 0 80 0 0 0 0 0 79 110 75 0 0 0 0 2 0 0 10 0 0 15 77 0 2 1 0 0 0 4 0 -1 2 0 0 0 0 0 0 77 1 0 0 0 94 1 0 1200 1 15 1 0 0 0 0 1 0 1187 0 68 1 1 1 74 67 0 85 170 -1 2 0 0 65 2 78 74 19 0 0 0 81 84 0 69 81 0 1 72 79 79 0 0 0 69 18 0 174 0 0 0 77 0 0 2 -1 0 0 0 0 0 0 0 0 16 0 80 1346 0 1 60 86 0 0 2 0 0 0 0 0 84 0 0 0 3 0 0 0 0 84 12 4 69 1 0 0 0 0 0 2 1 0 0 0 0 73 0 0 0 0 0 83 0 80 0 76 72 0 1184 0 0 0 0 0 0 82 0 0 0 0 0 0 0 0 1188 0 92 0 3 76 0 0 0 0 2 0 10 0 0 0 92 0 0 0 0 0 0 2 1 0 0 62 0 1 0 0 0 0 1 0 0 0 83 92 150 0 0 0 94 72 180 0 3 75 2 0 3 61 0 3 0 2 0 -1 0 0 15 0 10 0 79 96 0 0 0 1354 0 2 0 0 70 1 0 0 80 0 0 0 173 85 67 77 1 76 0 1422 20 2 1 0 0 0 0 0 15 78 0 0 0 2 0 0 81 0 1 0 0 63 1 0 1189 72 -1 0 0 0 1 0 0 0 0 0 85 0 0 0 0 1 1 0 0 81 62 81 0 79 0 0 16 0 0 0 0 76 19 94 0 0 1 79 1327 0 -1 0 62 0 2 2 0 75 0 0 92 1353 0 0 0 0 95 0 0 0 0 0 0 71 1200 0 0 4 0 1191 70 0 0 150 -1 0 0 0 71 1 78 0 0 78 1 0 0 1 0 0 1 0 0 0 0 0 0 1 0 71 3 3 78 61 0 0 0 0 0 0 0 0 78 0 1 0 1 5 75 82 0 71 0 0 0 171 0 0 0 0 0 85 76 0 1 0 0 0 95 0 -1 0 0 1 75 0 0 0 2 0 0 85 85 1 0 79 0 0 63 1 0 0 19 0 0 0 0 0 0 -1 79 0 170 0 0 0 0 0 0 0 0 0 0 0 156 0 1353 94 14 0 0 0 1 0 1 0 0 0 0 -1 0 0 0 0 75 0 0 71 80 72 12 67 68 0 79 0 85 2 0 -1 75 1 12 0 0 0 0 0 74 0 0 0 0 0 0 0 93 0 1 0 0 164 -1 0 1353 0 82 0 0 80 0 0 0 1 2 0 0 2 82 0 85 0 1 4 0 0 10 0 0 82 0 0 1439 195 80 1 0 0 0 0 0 0 85 0 0 85 55 0 66 77 1353 0 0 18 0 0 0 1 2 1 0 0 0 75 0 71 0 0 0 79 0 77 2 93 74 0 77 1 0 0 0 0 0 63 -1 0 57 0 1 80 0 0 0 62 
0 0 0 152 0 0 0 4 1 0 0 0 0 126 24 0 122 0 0 0 0 3 132 252 107 0 0 133 0 2 0 0 0 0 1 0 0 0 0 112 1 0 0 0 0 0 1837 2 1 0 1 0 0 0 1 0 122 0 115 0 0 112 0 105 128 0 0 2 0 0 102 0 3 3 145 0 1 151 0 0 110 104 0 0 127 3 0 1954 0 2 0 2180 1954 0 4 119 129 0 0 0 1 120 139 135 0 0 28 0 0 132 0 0 0 0 0 0 0 0 0 370 106 0 0 1 0 3 0 0 1 1 0 0 0 0 0 2 0 0 3 1 1 0 1 131 0 0 7 0 32 1 0 140 0 0 -1 0 0 0 140 3 113 19 0 1907 0 29 111 0 0 0 0 219 0 113 1 0 0 0 131 0 133 0 130 6 0 128 0 -1 128 136 2 0 103 33 118 0 0 0 0 113 0 0 0 223 -1 0 0 121 0 0 6 0 0 0 0 1 0 119 0 131 137 0 0 -1 137 0 137 120 0 2 0 0 114 121 0 0 0 0 0 147 2166 123 26 1 1 4 113 1 0 0 0 1 2199 115 0 0 107 0 0 113 18 0 0 0 152 0 0 0 244 33 0 117 0 0 0 0 1 116 0 2 2 0 0 0 0 0 0 113 0 0 1 112 108 0 0 2 0 2 32 133 0 148 251 0 4 0 0 0 25 27 0 26 0 17 0 1 0 0 0 0 0 0 130 0 0 115 1 1 0 0 18 0 0 122 1 128 0 113 2 0 0 1 0 136 2199 112 2 2097 0 0 244 1 0 0 128 0 0 0 0 0 117 101 104 0 0 0 0 3 0 0 18 0 0 21 151 0 2 0 0 0 0 4 0 -1 2 0 0 0 0 0 0 130 1 0 0 0 138 2 0 1954 1 21 2 0 0 0 0 5 0 1928 0 110 0 1 0 129 127 0 134 264 -1 3 0 0 124 0 120 105 30 0 3 0 151 115 0 131 113 2 4 135 131 117 0 0 0 125 28 1 254 1 0 0 112 0 0 3 -1 0 0 0 3 0 0 0 3 27 1 151 2250 0 0 111 127 0 1 3 0 0 0 0 0 115 0 0 0 1 0 0 0 0 116 33 1 122 1 0 0 1 0 0 3 2 0 1 0 0 118 0 0 0 0 0 128 2 112 0 115 119 0 1925 0 0 0 0 0 0 115 0 0 0 0 1 0 0 0 1931 0 133 0 3 130 0 0 0 0 2 0 29 0 0 0 180 0 0 0 0 0 0 0 2 0 0 111 0 1 0 0 0 2 0 0 0 0 136 126 255 0 0 0 143 130 263 0 3 127 1 0 1 116 0 2 0 5 0 -1 0 2 23 0 23 0 120 121 2 0 0 2200 0 2 0 0 123 4 3 0 128 0 0 0 248 149 132 138 1 117 0 2298 32 2 1 0 0 1 0 0 16 141 0 0 0 0 0 0 154 0 4 1 0 123 2 0 1930 123 -1 0 0 0 1 0 0 0 0 0 122 0 2 0 0 1 1 0 0 116 116 149 0 142 0 0 28 3 0 0 0 110 22 129 0 0 2 122 2175 0 -1 0 128 0 0 4 0 109 0 0 162 2199 0 0 0 0 144 0 0 0 1 0 0 132 1954 2 0 3 0 1930 115 0 0 244 -1 0 0 0 128 5 154 0 0 136 2 0 0 0 0 0 3 0 0 0 0 0 0 3 0 111 1 5 114 109 0 0 0 0 0 0 0 0 141 0 1 0 1 2 114 115 3 134 0 0 0 250 0 1 0 0 0 116 119 0 3 0 0 0 132 0 -1 0 0 2 112 0 0 0 3 0 0 122 149 3 0 128 0 0 122 1 0 0 24 0 0 0 0 0 0 -1 113 0 235 0 0 1 0 0 0 0 3 0 0 0 218 0 2199 131 13 0 0 0 2 0 1 0 0 0 0 -1 0 0 0 2 115 0 0 139 155 132 26 112 125 0 104 0 117 0 0 -1 127 3 28 0 1 0 0 0 113 0 0 0 0 0 0 0 128 0 2 0 0 245 -1 2 2199 0 153 0 0 124 0 0 0 3 2 0 0 2 108 0 112 0 0 4 0 0 31 0 0 133 0 0 2323 224 112 1 0 0 2 0 3 0 149 0 0 109 125 0 111 107 2199 0 0 19 0 0 0 0 0 0 3 0 0 127 0 111 0 0 1 150 0 110 2 132 134 0 140 1 0 1 0 0 0 117 -1 0 107 0 3 155 0 0 0 116 
0 0 0 136 0 0 0 2 2 0 0 0 0 127 26 0 113 0 0 0 0 3 122 240 106 0 0 151 0 2 0 0 0 0 1 2 1 0 0 130 0 0 0 0 0 0 1853 3 3 0 3 0 0 0 1 0 117 0 138 0 0 130 0 114 134 2 0 2 0 0 119 0 0 0 131 0 3 135 0 0 120 119 0 0 103 3 0 1959 0 2 0 2186 1959 0 1 136 117 0 0 0 0 114 111 127 0 0 22 0 0 122 0 1 0 0 0 0 0 0 0 386 130 0 0 2 0 4 1 0 5 4 0 0 0 0 0 4 0 0 3 1 2 0 1 103 0 0 3 0 30 1 0 116 1 0 -1 0 0 0 120 3 116 31 0 1921 0 28 128 0 0 0 0 258 0 109 3 0 0 0 119 3 151 0 106 1 0 126 0 -1 125 133 2 3 113 27 123 0 0 0 0 123 2 0 0 257 -1 0 0 134 0 0 1 0 0 0 0 2 0 124 0 125 117 0 0 -1 117 0 141 129 0 1 0 0 125 131 1 0 0 0 2 135 2200 133 29 1 3 6 129 1 0 0 0 2 2215 111 0 0 112 2 0 119 35 0 0 2 136 0 0 0 233 15 0 154 0 1 0 0 3 127 0 1 2 0 0 0 0 0 0 113 0 0 0 119 126 0 0 0 0 0 22 115 0 132 228 1 0 0 0 0 37 23 0 27 0 26 0 0 0 0 0 0 0 0 115 1 0 109 3 2 0 0 23 0 0 126 1 141 0 112 3 0 0 1 0 88 2215 111 4 2114 0 3 217 0 0 0 119 0 0 0 0 0 114 118 128 0 0 0 0 2 0 0 22 0 0 17 135 0 1 0 0 0 0 2 0 -1 1 0 0 0 0 0 0 103 0 0 0 1 134 3 0 1959 2 18 1 0 0 0 0 1 0 1934 0 116 2 7 0 118 116 0 167 258 -1 2 0 0 115 0 136 113 25 0 3 0 134 125 0 127 112 3 2 139 119 114 0 0 1 123 23 2 238 1 0 0 112 0 0 3 -1 0 2 0 0 2 0 0 6 23 0 134 2265 0 2 120 119 0 4 5 0 0 0 0 0 127 0 0 1 1 0 0 0 0 129 15 1 123 0 0 0 0 0 0 3 4 0 2 0 0 128 0 0 0 0 0 126 0 135 0 107 125 0 1932 0 0 0 0 0 0 128 0 0 0 0 0 0 0 0 1938 0 128 0 0 131 0 0 0 0 0 0 32 0 0 0 154 0 0 0 0 0 0 2 1 0 0 124 0 1 0 0 0 1 1 0 0 0 88 138 252 0 0 0 132 122 256 0 1 107 2 0 2 123 0 3 0 1 0 -1 0 4 27 0 24 0 134 137 4 0 0 2216 0 2 0 0 116 1 2 0 123 0 0 0 235 125 129 127 1 125 0 2315 24 1 1 1 0 1 0 0 23 113 0 0 0 3 0 0 136 0 2 0 0 114 3 0 1934 119 -1 0 0 0 3 0 0 0 0 0 131 4 0 0 0 2 0 0 0 112 120 134 0 114 0 0 15 3 0 0 0 112 24 141 0 0 1 117 2186 0 -1 0 128 0 0 5 0 110 0 0 145 2215 0 0 0 0 133 0 0 0 1 0 0 124 1959 1 0 4 0 1935 128 0 0 245 -1 0 0 0 126 2 137 0 0 111 2 0 0 3 0 0 4 0 0 0 0 2 0 1 0 116 3 4 112 116 0 0 0 0 0 0 0 0 113 0 4 0 1 2 129 128 2 138 0 0 0 242 0 1 0 0 0 129 115 0 2 0 0 0 126 0 -1 0 0 3 109 0 0 0 1 0 0 128 132 1 0 135 0 0 109 1 0 0 24 0 0 0 0 0 0 -1 148 2 253 0 0 3 0 0 0 0 2 0 0 0 237 0 2215 125 28 0 0 0 2 0 0 0 0 0 0 -1 0 0 0 1 110 0 0 138 138 152 29 115 119 0 124 0 153 0 0 -1 107 0 22 0 0 0 0 0 116 0 0 0 0 0 0 0 136 0 2 0 0 260 -1 1 2215 0 137 0 0 119 0 0 0 0 2 0 0 3 127 1 130 0 3 0 0 0 31 0 0 116 2 0 2347 236 135 1 0 0 4 0 3 0 125 0 0 127 128 0 124 107 2215 0 0 26 0 0 0 1 1 2 1 0 0 107 0 116 0 0 3 133 0 131 2 124 123 0 112 1 0 0 0 0 0 139 -1 0 131 0 1 138 0 0 0 111 
1 0 0 114 4 0 0 0 2 0 0 0 0 116 18 0 115 0 0 0 0 2 97 218 91 0 0 117 0 1 0 0 0 0 2 1 1 0 0 103 1 0 0 0 0 0 1618 1 2 0 0 0 0 0 1 0 98 0 117 0 0 99 0 100 93 2 0 2 0 0 115 0 1 0 92 0 0 110 0 0 108 102 2 0 108 1 0 1689 0 2 0 1835 1689 0 1 95 112 0 0 0 0 122 106 103 0 0 22 0 0 97 0 1 0 0 0 0 0 0 0 322 102 0 0 1 0 1 0 0 3 1 0 0 0 0 1 0 0 0 1 1 1 0 0 111 0 0 3 4 24 1 0 98 1 0 -1 0 0 0 106 0 96 23 1 1638 0 15 98 0 0 0 0 232 0 113 2 0 0 0 106 4 117 0 112 1 0 129 0 -1 102 129 5 1 103 29 109 0 0 0 0 110 1 0 0 208 -1 0 0 99 0 0 1 0 0 0 0 1 0 121 0 122 115 0 0 -1 115 0 96 113 0 0 0 0 104 113 1 0 0 0 0 96 1826 93 20 2 0 7 100 0 0 0 0 0 1856 115 0 0 98 0 0 99 27 0 0 0 114 0 0 0 211 30 0 103 0 0 0 1 1 103 0 2 2 0 0 0 1 0 0 96 0 0 0 99 103 0 0 0 2 2 20 96 0 111 223 0 2 0 0 0 28 21 0 23 0 16 0 0 0 0 0 0 0 0 95 2 0 114 3 0 0 0 17 0 0 117 2 109 0 108 4 0 0 1 0 108 1856 105 2 1786 0 0 206 0 0 0 105 0 0 0 0 0 91 114 90 0 0 0 0 2 0 0 25 0 0 29 115 0 3 0 0 0 0 3 0 -1 0 0 0 0 0 0 0 110 0 0 0 0 100 1 0 1689 0 29 4 0 0 0 0 2 0 1672 0 103 1 1 0 99 115 0 132 226 -1 0 0 0 108 0 112 99 25 0 1 0 111 92 0 104 121 0 2 107 106 95 0 0 0 127 26 3 207 1 0 0 95 0 0 0 -1 0 1 0 1 0 0 0 0 21 0 112 1893 0 1 101 97 0 3 2 0 0 0 0 0 100 0 0 0 1 0 0 0 0 125 30 1 97 1 0 0 0 0 0 3 2 0 2 0 0 109 0 0 0 0 0 104 2 111 0 114 122 0 1670 0 0 0 0 0 0 125 0 0 0 0 1 0 0 0 1672 0 98 0 1 108 0 0 0 0 4 0 26 0 0 0 134 1 1 0 0 0 0 0 1 0 0 109 0 1 0 0 0 1 1 0 1 0 108 109 234 0 1 0 93 98 228 0 5 110 1 0 3 101 0 5 0 1 0 -1 0 1 26 0 26 0 109 95 2 0 0 1857 0 0 0 0 91 0 0 0 103 0 0 0 242 105 118 104 1 110 0 1920 29 2 1 2 0 2 0 0 22 110 0 0 0 1 0 0 119 0 1 0 0 107 3 0 1661 96 -1 0 0 0 1 0 0 0 0 0 116 0 0 0 0 0 1 0 0 119 104 112 0 111 0 0 24 2 0 0 0 94 22 115 0 0 1 97 1831 0 -1 0 91 0 0 2 0 94 0 0 127 1856 3 0 1 0 94 0 0 0 2 0 0 100 1689 3 0 2 0 1672 102 0 0 205 -1 0 0 0 129 1 118 0 0 104 2 0 0 1 0 0 0 0 0 0 0 0 0 2 0 104 2 6 103 105 0 0 0 0 0 0 0 0 110 0 2 0 1 2 112 123 1 106 0 0 0 221 0 0 0 0 0 126 97 0 3 0 0 0 123 0 -1 0 0 1 112 0 0 0 1 0 0 113 110 0 0 95 0 0 107 1 0 0 20 0 0 0 0 0 0 -1 103 3 208 0 0 2 0 0 0 0 2 0 0 1 184 0 1856 122 22 0 0 0 3 0 1 0 0 0 0 -1 0 0 0 2 96 0 0 131 120 116 19 97 100 0 99 3 109 1 0 -1 110 2 20 0 0 1 0 0 99 0 0 0 0 0 0 0 113 0 1 0 0 197 -1 3 1856 0 115 0 0 96 0 0 0 2 0 0 0 3 103 2 103 0 2 1 0 0 27 0 0 95 0 0 1972 213 111 1 0 0 0 0 0 0 105 0 0 104 118 0 97 115 1856 0 0 21 0 0 0 3 0 4 0 0 0 110 0 104 0 0 1 111 0 94 0 110 102 0 111 1 0 1 0 0 0 117 -1 0 103 0 4 120 0 0 0 103 
0 0 0 64 0 0 0 0 0 1 0 0 0 77 14 0 68 0 0 0 0 1 71 157 90 0 0 83 0 2 0 0 0 0 0 1 0 0 0 84 2 0 0 0 0 0 1180 2 0 0 0 0 0 0 1 0 62 0 65 0 0 88 0 69 66 1 0 0 0 0 59 0 0 2 64 0 2 64 0 0 80 76 3 0 74 2 0 1238 0 1 0 1229 1238 0 1 66 68 0 0 0 0 85 63 71 0 0 18 0 0 71 0 1 0 0 0 0 0 0 0 213 84 0 0 1 0 2 0 0 2 2 0 0 0 0 1 3 0 0 0 1 3 0 1 77 0 0 0 1 19 1 0 63 3 0 -1 0 0 0 81 1 63 14 0 1214 0 18 90 0 0 0 0 125 0 81 0 0 0 0 78 3 83 0 56 0 0 73 0 -1 76 83 0 1 74 18 62 0 0 0 0 81 0 0 0 169 -1 0 0 72 0 0 1 0 0 0 0 1 0 84 0 74 62 0 0 -1 62 0 70 88 0 0 0 0 78 88 2 0 0 0 2 68 1225 65 15 1 1 3 91 1 0 0 0 2 1244 74 0 0 72 0 0 76 15 0 0 1 64 0 0 0 168 19 0 69 0 0 0 0 1 89 0 0 0 0 0 0 0 0 0 93 0 0 0 86 82 0 0 0 0 0 14 73 0 63 142 0 0 0 0 0 14 13 1 12 0 16 0 1 0 0 1 0 0 1 72 2 0 84 2 1 0 0 14 1 0 56 0 86 0 67 2 0 0 1 0 67 1244 66 2 1190 0 0 123 0 0 0 78 0 0 0 0 0 61 58 69 0 0 0 0 3 0 0 17 0 0 15 78 0 3 1 0 0 0 1 0 -1 0 0 0 0 0 0 0 76 0 0 0 0 75 0 0 1238 2 16 1 0 0 0 0 1 0 1219 0 74 1 0 0 72 69 0 93 149 -1 1 0 0 71 0 83 75 12 0 1 0 63 68 0 76 50 1 1 82 78 94 0 0 0 70 7 4 153 3 0 0 92 0 0 1 -1 0 1 0 2 0 0 0 1 15 0 66 1248 0 1 75 68 0 0 0 0 0 0 0 0 92 0 0 2 0 0 0 0 0 83 19 1 62 0 0 0 1 0 0 2 2 0 1 0 0 83 0 0 0 0 0 76 0 71 0 85 84 0 1222 0 0 0 0 0 0 84 0 0 0 0 0 0 0 0 1226 0 72 0 0 89 0 0 0 0 1 0 9 0 0 0 94 0 0 0 0 0 0 2 1 0 0 79 0 1 0 0 0 1 1 0 0 0 67 67 178 0 0 0 68 72 160 0 1 67 0 0 0 78 0 2 0 3 0 -1 0 0 21 0 13 0 81 67 0 0 0 1245 0 2 0 0 70 1 1 0 76 0 0 0 158 66 79 78 1 84 0 1298 18 1 1 0 0 0 0 0 17 63 0 0 0 4 0 0 76 0 0 0 0 70 2 0 1221 88 -1 0 0 0 2 0 0 0 0 0 84 0 0 0 0 2 0 0 0 77 76 64 0 64 0 0 11 1 0 0 0 91 10 70 0 0 0 83 1231 0 -1 0 69 0 1 2 0 92 0 0 88 1244 1 0 0 0 66 0 0 0 3 0 0 72 1238 2 0 0 0 1220 89 0 0 164 -1 0 0 0 73 0 80 0 0 59 1 0 0 1 0 0 3 0 0 0 0 0 0 1 0 75 2 3 85 78 0 0 0 0 0 0 0 0 63 0 1 0 1 3 88 81 0 81 0 0 0 156 0 1 0 0 0 85 63 0 1 0 0 0 75 0 -1 0 0 1 84 0 0 0 0 0 0 84 92 0 0 67 0 0 70 1 0 0 18 0 0 0 0 0 0 -1 64 1 159 0 0 0 0 0 0 0 2 0 0 0 179 0 1244 74 17 0 0 0 0 0 3 0 0 0 0 -1 0 0 0 1 80 0 0 93 79 84 16 65 75 0 78 1 68 0 0 -1 67 1 18 0 1 1 0 0 79 0 0 0 0 0 0 0 68 0 1 0 0 141 -1 1 1244 0 65 0 0 63 0 0 0 0 2 0 0 1 82 1 84 0 1 1 0 1 7 0 0 73 1 0 1329 131 71 1 0 0 1 0 0 0 66 0 0 83 60 0 89 48 1244 0 0 11 0 0 0 2 2 1 2 0 0 67 0 75 0 0 1 61 0 71 0 80 75 0 65 1 0 1 0 0 0 66 -1 0 85 0 0 79 0 0 0 67 
1 0 0 163 3 0 0 3 0 0 0 0 0 152 43 0 167 0 0 0 0 1 183 345 180 0 0 183 0 3 0 0 0 0 2 2 3 0 0 182 4 0 0 0 0 0 2722 3 2 0 1 0 0 0 1 0 186 0 187 0 0 189 0 163 168 2 0 0 0 0 182 0 1 5 176 0 1 160 0 0 174 159 1 0 165 3 0 2880 0 1 0 2937 2880 0 4 179 157 0 0 0 1 184 153 169 0 0 39 0 0 183 0 3 0 0 0 0 0 0 0 524 179 0 0 2 0 5 0 0 5 1 0 0 0 0 2 4 0 0 3 1 1 0 3 171 0 0 3 1 39 1 0 152 2 0 -1 1 0 0 158 0 181 38 0 2822 0 40 182 0 1 0 0 371 0 155 4 0 0 0 173 0 183 0 150 2 0 182 0 -1 184 192 5 2 167 40 211 0 0 0 0 175 3 0 0 359 -1 0 0 173 0 0 2 0 0 0 0 2 0 159 0 172 172 1 0 -1 172 0 163 161 0 2 0 0 174 164 4 0 0 0 2 183 2920 163 40 1 2 9 187 3 0 0 0 5 2968 162 0 0 168 2 0 165 35 0 0 2 163 0 0 0 359 48 0 180 0 0 0 1 1 194 0 0 5 0 0 0 0 0 0 184 0 0 1 187 170 0 0 2 4 0 26 186 0 159 300 0 5 0 0 0 32 32 0 31 0 38 0 2 0 0 1 0 0 2 182 4 0 157 4 3 0 0 25 1 0 178 1 166 0 184 4 0 0 4 0 165 2968 178 6 2802 0 4 331 0 0 0 165 0 0 0 0 0 182 181 160 0 0 0 0 2 0 0 42 0 0 27 185 0 3 0 0 0 0 6 0 -1 0 0 0 0 0 0 0 171 1 0 0 0 153 2 0 2880 3 27 1 0 0 0 2 3 0 2854 0 175 2 3 0 175 155 0 227 377 -1 0 0 0 174 1 182 161 30 0 3 0 163 166 0 180 151 3 8 168 173 181 0 0 0 178 41 3 328 3 0 0 183 0 1 2 -1 0 2 0 2 1 0 0 1 37 0 163 3021 0 2 148 163 0 3 4 0 0 0 0 0 187 0 0 3 1 0 0 0 0 167 48 2 184 1 0 0 0 0 0 4 3 1 4 0 0 155 0 0 0 0 0 185 2 164 0 154 159 0 2845 0 0 0 0 0 0 168 0 0 0 0 4 0 0 0 2843 0 149 0 2 170 0 0 0 0 3 0 42 0 0 0 221 0 0 0 0 0 0 2 2 0 0 171 0 4 0 0 0 1 3 0 0 0 165 169 378 0 0 0 181 180 375 0 3 155 3 0 3 155 0 2 0 1 0 -1 0 1 31 0 31 0 180 182 2 0 0 2969 0 4 0 0 177 2 0 0 180 0 0 1 352 158 154 184 1 158 0 3102 40 3 1 1 0 3 0 0 39 156 0 1 0 2 0 0 187 0 2 0 0 174 1 0 2846 170 -1 0 0 0 2 0 0 0 0 0 159 3 0 0 0 2 2 0 0 167 157 158 0 157 0 0 39 2 0 0 0 180 44 175 0 0 4 169 2926 0 -1 0 179 0 1 3 0 180 0 0 210 2968 3 0 2 0 180 0 0 0 0 0 1 175 2880 1 0 1 0 2842 191 0 0 357 -1 0 0 1 182 3 182 0 0 151 1 0 0 5 0 0 3 0 0 0 0 0 0 3 0 175 3 6 188 169 0 0 0 0 0 0 0 0 156 0 0 0 1 5 158 165 2 167 0 0 0 344 0 4 0 0 0 168 183 0 5 0 0 0 173 0 -1 0 0 2 155 0 0 0 2 0 0 160 180 1 0 169 0 0 173 1 0 0 41 0 0 0 0 0 0 -1 173 2 349 0 0 0 0 0 0 0 5 0 0 0 360 0 2968 172 35 0 0 0 1 0 3 0 0 0 0 -1 0 0 0 4 162 0 0 187 187 182 34 171 171 0 165 1 179 3 0 -1 155 1 39 0 1 1 0 0 169 0 0 0 0 1 0 0 173 0 3 0 0 338 -1 2 2968 0 164 0 0 188 0 0 0 2 3 0 0 1 169 4 182 0 2 4 0 0 42 0 0 186 1 0 3128 330 164 1 0 0 2 0 2 0 158 0 0 171 182 0 185 138 2968 0 0 27 0 0 0 2 0 3 4 0 0 155 0 175 0 0 0 157 0 166 1 158 178 0 154 2 0 6 0 0 0 189 -1 0 180 0 2 187 0 0 0 169 
0 0 0 92 0 0 0 1 3 0 0 0 0 92 21 0 96 0 0 0 0 1 91 168 94 0 0 85 0 2 0 0 0 0 2 0 0 0 0 75 1 0 0 0 0 0 1321 1 3 0 0 0 0 0 1 0 90 0 93 0 0 90 0 89 85 2 0 2 1 0 98 0 1 2 90 0 2 92 0 0 87 93 2 0 77 0 0 1392 0 1 0 1522 1392 0 1 89 71 0 0 0 0 73 95 93 0 0 29 0 0 91 0 2 0 1 0 0 0 0 0 238 87 0 0 2 0 5 0 0 1 0 0 0 0 0 1 1 0 0 2 1 1 0 1 79 0 0 2 3 23 1 0 72 3 0 -1 0 0 0 86 2 89 12 0 1360 0 13 91 0 0 0 0 193 0 97 0 0 0 0 76 3 85 0 94 3 0 72 0 -1 86 88 3 4 95 12 85 0 0 0 0 89 2 0 0 185 -1 0 0 88 0 0 1 0 0 0 0 1 0 85 0 103 96 0 0 -1 96 0 90 79 0 1 0 0 74 79 2 0 0 0 0 94 1525 82 15 2 0 2 93 1 0 0 0 0 1543 81 0 0 91 0 0 68 27 0 0 0 92 0 0 0 172 17 0 96 0 0 0 1 1 80 0 1 2 0 0 0 0 0 0 98 0 0 0 75 88 0 0 0 1 0 12 81 0 89 177 0 2 0 0 0 25 21 0 18 0 16 0 0 0 0 0 0 0 0 80 1 0 99 1 2 0 0 24 0 0 77 0 79 0 92 1 0 0 0 0 86 1543 90 2 1468 0 1 186 0 0 0 85 0 0 0 0 0 89 97 87 0 0 0 0 1 0 0 17 0 0 14 97 0 0 0 0 0 0 4 0 -1 0 0 0 0 0 0 0 78 1 0 0 0 92 2 0 1392 2 14 2 0 0 0 0 3 0 1375 0 96 2 2 0 85 68 0 106 177 -1 1 0 0 86 0 97 91 23 0 0 0 89 85 0 91 87 0 4 85 76 94 0 0 0 70 17 0 162 0 0 0 97 0 0 0 -1 0 1 0 2 0 0 0 2 15 0 93 1562 0 1 86 100 0 2 2 0 0 0 0 0 92 0 0 1 1 0 0 0 0 101 17 1 84 2 0 0 0 0 0 0 3 0 0 0 0 76 0 0 0 0 0 87 2 81 0 98 87 0 1370 0 0 0 0 0 0 101 0 0 0 0 4 0 0 0 1384 0 90 0 3 97 0 0 0 0 2 0 21 0 0 0 115 0 1 0 0 0 0 0 3 0 0 88 0 1 0 0 0 2 3 0 0 0 86 72 186 0 1 0 92 93 168 0 2 91 3 0 2 90 0 5 0 1 0 -1 0 4 19 0 12 0 93 89 3 0 0 1544 0 2 0 0 90 1 1 0 86 1 0 0 173 76 94 89 1 72 0 1605 21 0 1 0 0 1 0 0 27 95 0 0 0 0 0 0 96 0 0 0 0 86 0 0 1368 78 -1 0 0 0 1 0 0 0 0 0 86 1 0 0 0 2 0 0 0 81 89 89 0 96 0 0 13 1 0 0 0 95 30 76 0 0 1 78 1525 0 -1 0 90 0 0 1 0 93 0 0 108 1543 1 0 0 0 94 0 0 0 3 0 0 82 1392 0 0 2 0 1379 78 0 0 166 -1 0 0 0 72 2 97 0 0 88 0 0 0 2 0 0 0 0 0 0 0 0 0 2 0 98 2 2 98 83 0 0 0 0 0 0 0 0 95 0 1 0 1 4 77 95 0 84 0 0 0 191 0 1 0 0 0 100 87 0 3 0 0 0 104 0 -1 0 0 2 98 0 0 0 1 0 0 84 91 0 0 85 0 0 86 1 0 0 20 0 0 0 0 0 0 -1 91 1 179 0 0 1 0 0 0 0 0 0 0 0 181 0 1543 103 17 0 0 0 2 0 1 0 0 0 0 -1 0 0 0 1 85 0 0 85 97 84 23 98 85 0 85 1 98 1 0 -1 91 0 29 0 0 1 0 0 87 0 0 0 0 0 0 0 75 0 3 0 0 192 -1 1 1543 0 93 0 0 94 0 0 0 1 0 1 0 1 87 2 75 0 1 3 0 0 21 0 0 79 0 0 1631 177 81 1 0 0 3 0 1 0 76 0 0 89 77 0 79 86 1543 0 0 29 0 0 0 0 0 3 1 0 0 91 0 98 0 0 0 91 0 90 0 87 85 0 95 1 0 2 0 0 0 95 -1 0 88 0 1 97 0 0 0 84 
0 0 0 229 3 0 0 1 3 0 0 0 0 259 51 0 233 0 0 0 0 2 237 489 233 0 0 244 0 2 0 0 0 0 1 1 4 0 0 252 6 0 0 0 0 0 3647 3 4 0 1 0 0 0 1 0 216 0 220 0 0 254 0 220 204 5 0 2 0 0 241 0 4 4 210 0 5 226 0 0 243 230 2 0 228 5 0 3836 0 6 0 3977 3836 0 4 203 255 0 0 0 1 246 211 233 0 0 48 0 0 237 0 5 0 0 0 0 0 0 0 736 225 0 0 5 0 7 2 0 5 4 0 0 0 0 1 4 0 0 3 1 8 0 1 236 0 0 5 1 50 1 0 216 3 0 -1 1 0 0 220 3 217 53 2 3750 0 51 247 0 0 0 0 464 0 228 4 0 0 0 245 4 244 0 208 4 0 224 0 -1 228 223 2 7 228 48 228 0 0 0 0 248 5 0 0 488 -1 0 0 241 0 0 3 0 0 0 0 3 0 241 0 250 224 0 0 -1 224 0 230 233 0 3 0 1 269 232 4 0 0 0 2 216 3971 207 45 4 4 7 258 3 0 0 0 3 4020 213 0 0 221 4 0 260 40 0 0 0 229 0 0 0 494 49 0 218 0 1 0 0 5 255 0 2 4 0 0 0 0 0 0 237 0 0 1 239 226 0 0 3 5 0 56 242 0 221 485 0 1 0 0 0 56 52 0 37 0 65 0 5 0 0 1 0 0 0 241 3 0 232 3 1 0 0 37 0 0 229 5 242 0 274 7 0 0 3 0 225 4020 266 5 3819 0 6 475 0 0 0 217 0 0 0 0 0 214 240 238 0 0 0 0 2 0 0 46 0 0 53 255 0 5 2 0 0 0 6 0 -1 8 0 0 0 0 0 0 235 1 0 0 0 229 4 0 3836 1 53 1 0 0 0 0 3 0 3786 0 231 2 2 0 227 254 0 290 445 -1 2 0 0 234 0 255 224 65 0 3 0 228 226 0 259 239 3 6 282 245 237 0 0 1 221 47 1 462 3 0 0 236 0 0 8 -1 0 3 0 4 0 0 0 2 41 1 227 4109 0 0 231 217 0 1 6 0 0 0 0 0 256 0 1 0 3 0 0 0 0 231 49 6 213 4 0 0 0 0 0 4 9 0 1 0 0 222 0 0 0 0 0 231 3 245 0 232 247 0 3785 0 0 0 0 0 0 224 0 0 0 0 4 0 0 0 3792 0 223 0 2 213 0 0 0 0 1 0 52 0 0 0 295 0 1 0 0 0 0 1 2 0 0 246 0 4 0 0 0 5 2 0 0 0 225 250 485 0 0 0 207 235 449 0 5 237 0 0 3 241 0 8 0 2 0 -1 0 4 54 0 60 0 252 203 3 0 0 4021 0 3 0 0 228 1 3 0 227 0 0 0 490 226 260 234 1 228 0 4211 56 0 1 6 0 6 0 0 46 222 0 0 0 6 0 0 254 0 1 0 0 233 0 0 3784 238 -1 0 0 0 1 0 0 0 0 0 214 2 0 0 0 4 2 0 0 216 230 226 0 223 0 0 45 3 0 0 0 235 49 257 0 0 4 231 3968 0 -1 0 247 0 1 2 0 227 0 0 273 4020 3 0 0 0 208 0 0 0 1 0 0 229 3836 3 0 5 0 3786 256 0 0 478 -1 0 0 0 224 5 258 0 0 214 2 0 0 1 0 0 7 1 0 0 0 0 0 3 0 234 0 8 225 241 0 0 0 0 0 0 0 0 222 0 3 0 1 6 231 229 5 281 0 0 0 510 0 6 0 0 0 233 214 0 7 0 1 0 251 0 -1 0 0 2 227 0 0 0 9 0 0 209 248 1 0 209 0 0 230 1 0 0 60 0 0 0 0 0 0 -1 208 2 457 0 0 4 0 0 0 0 5 0 0 2 481 0 4020 250 50 0 0 0 5 0 1 0 0 0 0 -1 0 0 0 3 249 0 0 262 262 238 67 236 246 0 216 5 218 1 0 -1 237 2 48 0 2 5 0 0 254 0 0 0 0 2 0 0 253 0 2 0 0 478 -1 2 4020 0 230 0 0 219 0 0 0 4 2 0 0 2 223 4 252 0 3 2 0 0 53 1 0 241 3 0 4236 476 245 1 0 0 2 0 2 0 226 0 0 227 231 0 247 240 4020 0 0 47 0 0 0 1 7 6 1 0 0 237 0 234 0 0 4 225 0 243 5 247 231 0 221 1 0 3 0 0 0 223 -1 0 226 0 3 262 0 0 0 229 
0 0 0 141 1 0 0 2 3 0 0 0 0 165 38 0 176 0 0 0 0 2 170 337 160 0 0 177 0 0 0 0 0 0 0 1 1 0 0 181 3 0 0 0 0 0 2627 2 1 0 2 0 0 0 1 0 145 0 173 0 0 165 0 172 191 1 0 1 0 0 168 0 3 3 141 0 1 141 0 0 157 178 4 0 179 1 0 2753 0 6 0 2836 2753 0 2 168 158 0 0 0 1 177 189 174 0 0 33 0 0 170 0 4 0 1 0 0 0 0 0 474 194 0 0 5 0 6 2 0 0 2 0 0 0 0 3 2 0 0 3 1 4 0 2 186 0 0 7 1 36 1 0 164 2 0 -1 0 0 0 172 3 143 33 1 2689 0 35 160 0 0 0 0 344 0 163 0 0 0 0 168 2 177 0 185 3 0 173 0 -1 163 177 1 3 175 40 183 0 0 0 0 158 2 0 0 339 -1 0 0 166 0 0 2 0 0 0 0 2 0 175 0 187 185 0 0 -1 185 0 152 173 0 2 0 0 170 176 1 0 0 0 2 149 2842 185 30 2 1 5 164 1 0 0 0 2 2878 164 0 0 172 0 0 164 43 0 0 0 141 0 0 0 351 35 0 168 0 0 0 0 3 154 1 0 0 0 0 0 0 0 0 166 0 0 1 139 179 0 0 3 0 0 39 158 0 136 333 0 2 0 0 0 35 44 0 36 0 27 0 4 0 0 0 0 0 1 157 3 0 165 2 3 0 0 25 1 0 171 2 143 0 173 0 0 0 3 0 164 2878 171 2 2733 0 1 353 1 0 0 169 0 0 0 0 0 139 167 191 0 0 0 0 3 0 0 33 0 0 30 165 0 3 1 0 0 0 5 0 -1 1 0 0 0 0 0 0 186 1 0 0 0 171 1 0 2753 0 30 2 0 0 0 0 1 0 2720 0 179 2 1 1 162 156 0 217 345 -1 2 0 0 142 0 188 165 44 0 0 0 140 159 0 175 154 1 5 151 168 167 0 0 0 170 31 2 323 6 0 0 165 0 0 1 -1 0 2 0 4 1 0 0 3 30 0 143 2943 0 1 167 164 0 2 4 0 0 0 0 0 165 0 0 0 3 0 0 0 0 167 35 1 164 1 0 0 2 0 0 2 3 0 2 0 0 169 0 0 0 0 0 164 3 145 0 165 179 0 2703 0 0 0 0 1 0 162 0 0 0 0 0 0 0 0 2726 0 164 0 2 184 0 0 0 0 3 0 37 0 0 0 198 0 1 0 0 0 0 3 0 0 0 155 0 2 0 0 0 3 6 0 0 0 164 171 324 0 0 0 141 169 332 0 2 170 3 0 2 179 0 7 0 8 0 -1 0 0 28 0 29 0 186 169 4 0 0 2879 0 1 0 0 163 4 1 0 164 0 0 0 358 168 169 170 1 159 0 2999 26 2 1 2 0 5 0 0 28 194 0 0 0 6 0 0 169 0 3 0 0 141 4 0 2729 151 -1 0 0 1 4 0 0 0 0 0 170 2 1 0 0 3 1 0 0 168 179 137 0 195 0 0 33 1 1 0 0 161 41 178 0 0 1 150 2843 0 -1 0 186 0 0 0 0 162 0 0 200 2878 1 0 1 0 147 0 0 0 1 0 0 164 2753 4 0 1 0 2699 154 0 0 330 -1 0 0 0 173 1 171 0 0 188 2 0 0 3 0 0 2 0 0 0 0 0 0 4 0 181 1 6 179 154 0 0 0 0 0 0 0 0 194 0 4 0 1 3 169 166 1 150 0 0 0 348 0 1 0 0 0 169 141 0 1 0 0 0 188 0 -1 0 0 4 159 0 0 0 1 0 0 170 164 1 0 191 0 0 141 1 0 0 41 0 0 0 0 0 0 -1 162 3 339 0 0 0 0 0 0 0 0 0 0 0 321 0 2878 187 44 0 0 0 1 0 3 0 0 0 0 -1 0 0 0 2 152 0 0 144 170 177 30 182 167 0 171 4 170 5 0 -1 170 2 33 0 4 3 0 0 157 0 0 0 0 0 0 0 175 0 2 0 0 376 -1 1 2878 0 142 0 0 145 0 0 0 1 0 1 0 4 176 1 181 0 1 6 0 0 36 1 0 160 1 0 3053 324 145 1 0 0 2 0 1 0 168 0 0 180 172 0 151 150 2878 0 0 31 0 0 0 5 3 1 1 0 0 170 0 181 0 0 2 134 0 200 1 169 169 0 195 1 0 2 0 0 0 176 -1 0 195 0 5 170 0 0 0 134 
0 0 0 95 0 0 0 0 0 0 0 0 0 76 16 0 78 0 0 0 0 2 90 203 77 0 0 71 0 0 0 0 0 0 0 1 3 0 0 94 1 0 0 0 0 0 1385 0 0 0 0 0 0 0 1 0 97 0 93 0 0 88 0 90 81 1 0 1 0 0 103 0 1 2 89 0 0 92 0 0 92 92 1 0 100 0 0 1449 0 3 0 1502 1449 0 0 95 91 0 0 0 0 81 93 89 0 0 16 0 0 90 0 1 0 0 0 0 0 0 0 279 79 0 0 3 0 3 0 0 1 0 0 0 0 0 1 2 0 0 0 1 1 1 0 102 0 0 4 1 19 1 0 71 1 0 -1 0 0 0 88 0 93 15 0 1407 0 22 86 0 0 0 0 197 0 82 0 0 0 0 96 1 71 0 91 1 0 92 0 -1 97 98 2 2 87 26 89 0 0 0 0 94 1 0 0 163 -1 0 0 97 0 0 1 0 0 0 0 1 0 108 0 83 95 0 0 -1 95 0 102 95 0 1 0 0 84 96 0 0 0 0 1 89 1494 76 14 2 1 1 89 0 0 0 0 1 1514 82 0 0 83 2 0 84 14 0 0 0 95 0 0 0 192 20 0 78 0 0 0 0 1 83 0 2 2 0 0 0 0 0 0 78 0 0 3 80 88 0 0 0 1 1 25 95 0 94 158 0 1 0 0 0 22 22 0 12 0 15 0 0 0 0 0 0 0 0 93 2 0 83 3 0 0 0 13 0 0 115 1 105 0 86 0 0 0 0 0 91 1514 83 1 1448 0 0 177 0 0 0 82 0 0 0 0 0 97 102 70 0 0 0 0 0 0 0 15 0 0 15 83 0 5 1 0 0 0 1 0 -1 1 0 0 0 0 0 0 102 0 0 0 0 74 2 0 1449 3 15 0 0 0 0 1 2 0 1418 0 86 2 2 0 86 90 0 91 183 -1 2 0 0 95 0 77 91 18 0 0 0 93 92 0 93 81 0 0 83 96 74 0 0 0 87 18 2 184 3 0 0 77 0 0 0 -1 0 0 0 1 0 0 0 3 14 0 91 1575 0 0 91 85 0 0 3 0 0 0 0 0 87 0 1 1 0 0 0 0 0 79 20 0 83 3 0 0 2 0 0 0 1 0 0 0 0 94 0 0 0 0 0 97 0 90 0 84 108 0 1432 0 0 0 0 0 0 79 0 0 0 0 1 0 0 0 1440 0 70 0 1 90 0 0 0 0 2 0 26 0 0 0 93 0 1 0 0 0 0 0 1 0 0 90 0 2 0 0 0 0 0 0 0 0 91 94 189 0 0 0 86 90 196 0 1 86 2 0 1 92 0 4 0 0 0 -1 0 1 24 0 19 0 76 96 5 0 0 1515 0 1 0 0 85 0 0 0 97 0 0 0 160 76 79 91 1 92 0 1588 25 1 1 1 0 2 0 0 14 95 0 0 0 1 0 0 82 0 0 0 0 95 1 0 1432 90 -1 0 0 0 0 0 0 0 0 0 102 3 0 0 0 2 0 0 0 82 91 93 0 96 0 0 18 2 0 0 0 77 20 96 0 0 1 90 1493 0 -1 0 87 0 0 1 0 75 0 0 100 1514 1 0 0 0 88 0 0 0 0 0 0 88 1449 4 0 0 0 1432 81 0 0 169 -1 0 0 0 92 1 84 0 0 90 0 0 0 1 0 0 1 0 0 0 0 0 0 3 0 86 1 6 93 89 0 0 0 0 0 0 0 0 95 0 0 0 1 2 88 78 1 82 0 0 0 189 0 1 0 0 0 80 93 0 5 0 0 0 84 0 -1 0 0 0 83 0 0 0 0 0 0 99 87 1 0 81 0 0 95 1 0 0 20 0 0 0 0 0 0 -1 76 1 182 0 0 2 0 0 0 0 1 0 0 1 159 0 1514 83 18 0 0 0 2 0 0 0 0 0 0 -1 0 0 0 3 104 0 0 94 83 73 17 90 85 0 85 0 77 1 0 -1 86 1 16 0 0 0 0 0 109 0 0 0 0 1 0 0 96 0 1 0 0 162 -1 0 1514 0 96 0 0 98 0 0 0 1 2 0 0 2 85 0 94 0 1 0 0 0 23 0 0 96 0 0 1616 189 90 1 0 0 0 0 1 0 76 0 0 89 116 0 77 80 1514 0 0 24 0 0 0 2 0 1 0 0 0 86 0 86 0 0 3 93 0 73 1 96 89 0 96 1 0 1 0 0 0 94 -1 0 80 0 0 83 0 0 0 94 
0 0 0 101 3 0 0 0 2 0 0 0 0 83 12 0 75 0 0 0 0 1 77 161 93 0 0 69 0 3 0 0 0 0 1 1 2 0 0 74 0 0 0 0 0 0 1191 1 1 0 1 0 0 0 1 0 79 0 78 0 0 87 0 86 70 0 0 1 0 0 86 0 0 1 74 0 0 99 0 0 84 84 2 0 69 0 0 1255 0 1 0 1346 1255 0 3 93 88 0 0 0 0 89 90 88 0 0 17 0 0 77 0 3 0 0 0 0 0 0 0 246 73 0 0 1 0 6 1 0 1 3 0 0 0 0 0 1 0 0 0 1 1 0 1 73 0 0 0 0 12 1 0 71 0 0 -1 0 0 0 85 4 73 16 0 1231 0 13 87 0 0 0 0 165 0 91 0 0 0 0 85 2 69 0 87 1 0 72 0 -1 89 75 0 2 72 18 89 0 0 0 0 88 2 0 0 159 -1 0 0 66 0 0 2 0 0 0 0 0 0 77 0 83 95 0 0 -1 95 0 79 67 0 0 0 0 88 70 2 0 0 0 2 76 1349 70 13 1 1 2 88 0 0 0 0 1 1362 76 0 0 69 1 0 86 10 0 0 1 101 0 0 0 160 13 0 92 0 0 0 0 2 72 1 1 1 0 0 0 0 0 0 95 0 0 0 68 79 0 0 2 1 0 23 84 0 99 159 0 1 0 0 0 16 21 0 10 0 23 0 0 0 0 0 0 0 0 82 1 0 94 1 0 0 0 10 0 0 71 2 82 0 84 1 0 0 4 0 85 1362 82 1 1288 0 0 165 0 0 0 87 0 0 0 0 0 76 85 65 0 0 0 0 0 0 0 24 0 0 20 83 0 4 1 0 0 0 3 0 -1 1 0 0 0 0 0 0 71 2 0 0 0 98 3 0 1255 1 21 0 0 0 0 0 0 0 1238 0 71 3 4 0 83 80 0 89 158 -1 1 0 0 99 1 77 85 10 0 0 0 101 64 0 86 70 1 2 89 85 94 0 0 0 68 16 1 160 0 0 0 94 0 0 0 -1 0 0 0 0 1 0 0 2 13 0 100 1380 0 0 76 86 0 0 2 0 0 0 0 0 83 0 0 0 4 0 0 0 0 75 13 1 79 3 0 0 0 0 0 2 1 0 1 0 0 68 0 0 0 0 0 90 1 76 0 95 77 0 1241 0 0 0 0 0 0 74 0 0 0 0 0 0 0 0 1242 0 94 0 2 76 0 0 0 0 4 0 18 0 0 0 98 0 0 0 0 0 0 0 0 0 0 86 0 1 0 0 0 1 1 0 0 0 85 89 156 0 1 0 74 77 164 0 2 76 2 0 5 82 0 4 0 0 0 -1 0 0 15 0 11 0 77 93 0 0 0 1363 0 1 0 0 72 0 2 0 88 0 0 0 170 75 88 89 1 67 0 1432 23 0 1 3 0 0 0 0 16 90 0 0 0 2 0 0 84 0 0 0 0 98 1 0 1237 69 -1 0 0 0 3 0 0 0 0 0 89 0 2 0 0 1 0 0 0 78 81 101 0 91 0 0 21 0 0 0 0 93 16 90 0 0 1 67 1347 0 -1 0 79 0 0 1 0 90 0 0 105 1362 0 0 0 0 73 0 0 0 3 0 0 85 1255 2 0 0 0 1234 72 0 0 161 -1 0 0 0 72 3 84 0 0 87 2 0 0 1 0 0 0 0 0 0 0 0 0 1 0 71 1 5 74 84 0 0 0 0 0 0 0 0 90 0 0 0 1 2 69 75 2 88 0 0 0 157 0 0 0 0 0 76 75 0 2 0 0 0 84 0 -1 0 0 0 93 0 0 0 1 0 0 91 66 4 0 72 0 0 98 1 0 0 17 0 0 0 0 0 0 -1 88 0 167 1 0 0 0 0 0 0 4 0 0 1 181 0 1362 83 22 0 0 0 1 0 0 0 0 0 0 -1 0 0 0 2 67 0 0 81 84 70 15 75 81 0 78 1 92 2 0 -1 76 0 17 0 0 1 0 0 73 0 0 0 0 1 0 0 90 0 2 0 0 157 -1 0 1362 0 102 0 0 79 0 0 0 1 0 0 0 1 79 0 74 0 1 1 0 0 17 0 0 84 0 0 1452 155 76 1 1 0 1 0 2 0 75 0 0 80 70 0 69 66 1362 0 0 20 0 0 0 0 0 0 1 0 0 76 0 71 0 0 1 96 0 67 0 75 85 0 91 1 0 0 0 0 0 79 -1 0 74 0 1 84 0 0 0 97 
0 0 0 109 1 0 0 0 1 0 0 0 0 108 23 0 83 0 0 0 0 0 110 199 90 0 0 99 0 1 0 0 0 0 4 2 0 0 0 101 1 0 0 0 0 0 1558 1 1 0 3 0 0 0 1 0 112 0 88 0 0 93 0 126 102 4 0 2 0 0 108 0 0 2 104 0 2 107 0 0 98 135 1 0 106 0 0 1643 0 0 0 1704 1643 0 1 105 106 0 0 0 0 124 87 107 0 0 21 0 0 110 0 0 0 1 0 0 0 0 0 325 126 0 0 2 0 2 0 0 0 4 0 0 0 0 1 1 0 0 2 1 3 0 1 111 0 0 3 0 23 1 0 116 2 0 -1 0 0 0 107 2 107 22 0 1607 0 16 90 0 0 0 0 197 0 94 0 1 0 0 103 0 99 0 83 2 0 109 0 -1 88 102 1 2 105 24 91 0 0 0 0 101 1 0 0 179 -1 0 0 97 0 0 4 0 0 0 0 2 0 95 0 93 89 0 0 -1 89 0 110 108 0 1 0 0 97 111 0 0 0 0 3 107 1711 101 23 2 0 3 93 2 0 0 0 0 1732 109 0 0 106 1 0 88 20 0 0 0 109 0 0 0 202 21 0 99 0 0 0 0 2 113 2 1 0 0 0 0 1 0 0 94 0 0 0 109 91 0 0 2 1 0 26 102 0 108 213 0 2 0 0 0 22 27 0 15 0 23 0 1 0 0 0 0 0 0 101 1 0 94 2 3 0 0 14 0 0 104 2 100 0 94 4 0 0 1 0 92 1732 92 4 1639 0 2 174 0 0 0 95 0 0 0 0 0 110 107 95 0 0 0 0 1 0 0 18 0 0 13 104 0 9 0 0 0 0 5 0 -1 0 0 0 0 0 0 0 108 1 0 0 0 86 0 0 1643 0 15 2 0 0 0 0 2 0 1619 0 104 0 1 0 130 107 0 108 195 -1 1 0 0 119 0 94 130 20 0 1 0 108 89 0 104 78 1 2 105 103 91 0 0 0 105 17 1 192 2 0 0 93 0 0 1 -1 0 3 0 3 0 0 0 1 18 0 105 1777 0 2 93 101 0 0 4 1 0 0 0 0 93 0 0 0 1 0 0 0 0 107 21 2 88 3 0 0 0 0 0 2 1 0 2 0 0 106 1 0 0 0 0 89 3 116 0 93 97 0 1618 0 0 0 0 0 0 108 0 0 0 0 1 0 0 0 1623 0 84 0 1 100 0 0 0 0 1 0 23 0 0 0 127 0 0 0 0 0 0 0 0 0 0 101 0 3 0 0 0 0 0 0 0 0 92 107 204 0 0 0 105 113 192 0 2 113 3 0 0 94 0 2 0 2 0 -1 0 2 31 0 18 0 92 106 1 0 0 1733 0 5 0 0 104 0 1 0 87 0 0 0 214 124 110 133 1 103 0 1813 22 2 1 2 0 0 0 0 21 88 0 0 0 0 0 0 107 0 0 0 0 119 0 0 1618 91 -1 0 1 0 1 0 0 0 0 0 111 2 0 0 0 1 0 0 0 111 97 109 0 89 0 0 15 1 0 0 0 91 18 110 0 0 3 89 1716 0 -1 0 91 0 0 1 0 92 0 0 149 1732 1 0 0 0 104 0 0 0 2 0 0 130 1643 1 0 1 0 1628 113 0 0 210 -1 0 0 0 109 2 106 0 0 85 1 0 0 2 0 0 2 0 0 0 0 0 0 2 0 105 0 5 98 94 0 0 0 0 0 0 0 0 88 0 2 0 1 2 110 102 2 104 0 0 0 193 0 2 0 0 0 107 110 0 4 0 0 0 94 0 -1 0 0 2 93 0 0 0 1 0 0 107 89 1 0 104 0 0 119 1 0 0 17 0 0 0 0 0 0 -1 97 1 181 0 0 2 0 0 0 0 1 0 0 0 181 0 1732 93 14 0 0 0 1 0 2 0 0 0 0 -1 0 0 0 1 96 0 0 106 105 99 14 105 102 0 87 0 100 0 0 -1 113 1 20 0 0 0 0 0 96 0 0 0 0 1 0 0 108 0 2 0 0 210 -1 1 1732 0 110 0 0 113 0 0 0 1 1 0 0 1 90 0 101 0 1 1 0 0 23 0 0 102 0 0 1845 210 116 1 0 0 2 0 1 0 124 0 0 92 106 0 110 75 1732 0 0 22 0 0 0 1 2 0 2 0 0 113 0 105 0 0 2 105 0 101 1 111 132 0 88 1 0 0 0 0 0 89 -1 0 127 0 1 105 0 0 0 115 
0 0 0 151 2 0 0 1 1 0 0 0 0 145 30 0 157 0 0 0 0 1 167 304 146 0 0 162 0 2 0 0 0 0 1 4 3 0 0 158 0 0 0 0 0 0 2210 0 2 0 0 1 0 0 1 0 159 0 131 0 0 145 0 142 139 1 0 4 0 0 141 0 5 5 131 0 1 148 0 0 136 148 4 0 132 2 0 2340 0 4 0 2369 2340 0 3 136 142 0 0 0 0 161 136 140 0 0 30 0 0 167 0 3 0 0 0 0 0 0 0 478 150 0 0 4 0 4 6 0 3 1 0 0 0 0 0 3 0 0 2 1 2 0 1 142 0 0 1 3 34 1 0 141 1 0 -1 0 0 0 138 2 158 27 0 2275 0 24 140 0 1 0 0 274 0 143 1 0 0 0 129 1 162 0 136 0 0 121 0 -1 139 131 1 4 138 32 149 0 0 0 0 138 2 0 0 279 -1 0 0 161 0 0 3 0 0 0 0 2 0 129 0 165 123 0 0 -1 123 0 149 154 0 3 0 0 138 155 0 0 0 0 2 135 2373 141 26 2 0 2 146 2 0 0 0 0 2394 149 0 0 131 2 0 133 36 0 0 1 151 0 0 0 286 21 0 149 0 0 0 1 2 155 0 4 1 0 0 0 0 0 0 150 0 0 0 150 153 0 0 1 2 0 27 172 0 149 284 0 1 0 0 0 38 25 1 29 0 31 0 1 0 0 0 0 0 0 168 2 0 144 3 2 0 0 30 0 0 149 5 139 0 137 3 0 0 1 0 143 2394 135 4 2289 0 2 265 0 0 0 128 0 0 0 0 0 152 140 143 0 0 0 0 2 0 0 21 0 0 25 145 0 6 3 0 0 0 2 0 -1 3 0 0 0 0 0 0 139 2 0 0 0 168 1 0 2340 3 25 3 0 0 0 0 4 0 2313 0 136 1 2 0 156 143 0 168 274 -1 1 0 0 154 0 138 145 33 0 4 0 150 155 0 155 151 1 2 156 129 147 0 0 0 118 15 0 268 2 0 0 149 0 0 3 -1 0 1 0 2 0 0 0 2 26 0 151 2436 0 0 122 137 0 1 5 0 0 0 0 0 143 0 0 0 6 0 0 0 0 133 21 2 142 1 0 0 0 0 0 3 4 0 1 0 0 149 0 0 0 0 0 141 0 147 0 144 132 0 2304 0 0 0 0 0 0 134 0 0 0 0 3 0 0 0 2313 0 157 0 0 129 0 0 0 0 2 0 37 0 0 0 171 1 0 0 0 0 0 1 1 0 0 137 0 1 0 0 0 6 3 0 0 0 143 163 259 0 2 0 132 170 273 0 1 142 3 0 6 126 0 4 0 0 0 -1 0 1 29 0 30 0 139 137 3 0 0 2395 0 3 0 0 163 1 2 0 138 0 0 0 323 149 148 163 1 146 0 2539 31 1 1 2 0 1 0 0 20 139 0 0 0 0 0 0 147 0 2 0 0 152 3 0 2313 138 -1 0 0 0 1 0 0 0 0 0 132 3 0 0 0 1 1 0 0 147 126 146 0 140 0 0 20 2 0 0 0 149 24 168 0 0 2 132 2361 0 -1 0 154 0 0 2 0 144 0 0 191 2394 1 0 0 0 131 1 0 0 3 0 0 157 2340 2 0 1 0 2309 153 0 0 287 -1 0 0 0 121 1 148 0 0 134 0 0 0 4 0 0 1 0 0 0 0 0 0 3 0 139 1 6 126 132 0 0 0 0 0 0 1 0 139 0 0 0 1 1 151 129 2 155 0 0 0 314 0 2 0 0 0 133 153 0 3 0 0 0 166 0 -1 0 0 1 142 0 0 0 2 0 0 132 129 0 0 144 0 0 153 1 0 0 26 0 0 0 0 0 0 -1 147 2 290 0 0 1 0 0 0 0 1 0 0 0 284 0 2394 165 19 0 0 0 0 0 2 0 0 0 0 -1 0 0 0 0 145 0 0 131 151 161 34 138 145 0 147 2 150 2 0 -1 142 1 30 0 0 3 0 0 144 0 0 0 0 1 0 0 164 0 5 0 0 289 -1 0 2394 0 152 0 0 159 0 0 0 1 0 1 0 2 152 2 158 0 2 2 0 0 36 0 0 174 0 0 2528 277 147 1 0 0 3 0 3 0 149 0 0 154 151 0 146 145 2394 0 0 30 0 0 0 1 1 1 4 0 0 142 0 139 0 0 0 148 0 146 1 143 160 0 138 1 0 0 0 0 0 133 -1 0 151 0 1 151 0 0 0 151 
1 0 0 106 0 0 0 0 2 0 0 0 0 105 21 0 98 0 0 0 0 1 87 209 90 0 0 109 0 4 0 0 0 0 4 0 1 0 0 117 1 0 0 0 0 0 1477 0 2 0 2 0 0 0 1 0 94 0 114 0 0 99 0 80 90 1 0 1 0 0 89 0 2 0 90 0 3 106 0 0 108 79 2 0 84 3 0 1544 0 3 0 1632 1544 0 2 98 94 0 0 0 0 92 77 95 0 0 25 0 0 87 0 2 0 0 0 0 0 0 0 294 109 0 0 2 0 2 0 0 2 3 0 0 0 0 2 0 0 0 1 1 3 0 2 91 0 0 3 0 27 1 0 101 2 0 -1 0 0 0 88 2 94 16 1 1501 0 16 97 0 0 0 0 204 0 114 2 0 0 0 88 1 109 0 80 0 0 107 0 -1 88 108 0 2 73 20 103 0 0 0 0 114 3 0 0 183 -1 0 0 94 0 0 1 0 0 0 0 2 0 102 0 106 101 0 0 -1 101 0 87 106 0 0 0 0 99 107 1 0 0 0 1 97 1641 84 17 1 3 5 100 1 0 0 0 0 1660 87 0 0 70 2 0 97 23 0 0 0 106 0 0 0 189 18 0 81 0 0 0 1 1 85 0 1 2 0 0 0 1 0 0 96 0 0 0 83 100 0 0 1 1 0 21 105 0 103 174 0 1 0 0 0 19 29 0 18 0 17 0 1 0 0 1 0 0 0 103 2 0 115 0 0 0 0 17 0 0 98 0 84 0 94 2 0 0 0 0 93 1660 91 0 1576 0 0 168 0 0 0 97 0 0 0 0 0 96 88 93 0 0 0 0 1 0 0 17 0 0 15 105 0 2 0 0 0 0 3 0 -1 1 0 0 0 0 0 0 88 2 0 0 0 100 0 0 1544 0 15 0 0 0 0 0 2 0 1522 0 74 1 1 0 94 90 0 106 192 -1 3 0 0 82 0 90 76 15 0 0 0 106 90 0 101 113 2 4 88 88 95 0 0 0 104 23 1 182 1 0 0 95 0 0 1 -1 0 1 0 3 0 0 0 1 14 0 105 1718 0 1 93 91 0 2 2 0 0 0 0 0 100 0 0 0 2 0 0 0 0 90 18 2 80 0 0 0 0 0 0 2 2 0 1 0 0 104 0 0 0 0 0 89 2 86 0 115 104 0 1524 0 1 0 0 0 0 88 0 0 0 0 1 0 0 0 1524 0 95 0 2 97 0 0 0 0 1 0 18 0 0 0 123 0 1 0 0 0 0 0 0 0 0 112 0 2 0 0 0 1 2 0 0 0 93 106 182 0 0 0 97 88 193 0 0 79 2 0 1 99 0 3 0 3 0 -1 0 3 15 0 22 0 91 100 2 0 0 1661 0 1 0 0 85 0 0 0 87 0 0 0 196 110 108 99 1 103 0 1745 16 1 1 1 0 4 0 0 20 81 0 0 0 1 0 0 102 0 0 0 0 81 2 0 1529 79 -1 0 0 0 0 0 0 0 0 0 95 1 0 0 0 2 0 0 0 92 101 106 0 82 0 0 16 1 0 0 0 94 20 107 0 0 1 76 1634 0 -1 0 86 0 1 2 0 95 0 0 116 1660 1 0 0 0 93 0 0 0 1 0 0 96 1544 4 0 2 0 1526 83 0 0 183 -1 0 0 0 107 0 104 0 0 79 1 0 0 1 0 0 0 0 0 0 0 0 0 0 0 75 2 2 87 112 0 0 0 0 0 0 0 0 81 0 2 0 1 2 105 86 0 87 0 0 0 206 0 2 0 0 0 88 96 0 0 0 0 1 107 0 -1 0 0 4 114 0 0 0 2 0 0 91 92 0 0 91 0 0 81 1 0 0 22 0 0 0 0 0 0 -1 79 0 186 0 0 2 0 0 0 0 2 0 0 0 187 0 1660 106 15 0 0 0 3 0 1 0 0 0 0 -1 0 0 0 2 96 0 0 94 105 109 19 71 96 0 95 1 82 1 0 -1 79 0 25 0 1 1 0 0 96 0 0 0 0 0 0 0 107 0 4 0 0 191 -1 0 1660 0 107 0 0 99 0 0 0 1 2 0 0 1 101 2 117 0 0 2 0 0 18 0 0 105 2 0 1756 183 86 1 0 0 2 0 0 0 110 0 0 101 100 0 83 113 1660 0 0 11 0 0 0 2 2 1 0 0 0 79 0 75 0 0 2 103 0 95 1 102 95 0 83 1 0 1 0 0 0 115 -1 0 110 0 0 105 0 0 0 79 
0 0 0 73 1 0 0 0 4 0 0 0 0 85 12 0 86 0 0 0 0 0 83 195 76 0 0 82 0 0 0 0 0 0 1 0 1 0 0 74 1 0 0 0 0 0 1235 0 1 0 1 0 0 0 1 0 68 0 90 0 0 79 0 82 86 1 0 0 0 0 96 0 1 1 91 0 1 72 0 0 81 84 0 0 77 2 0 1311 0 0 0 1431 1311 0 0 94 85 0 0 0 0 81 72 84 0 0 10 0 0 83 0 1 0 0 0 0 0 0 0 246 89 0 0 1 0 5 3 0 3 2 0 0 0 0 0 0 0 0 2 1 2 0 0 81 0 0 2 1 18 1 0 76 1 0 -1 0 0 0 76 2 68 19 0 1284 0 22 77 0 0 0 0 186 0 63 0 0 0 0 85 2 82 0 70 1 0 95 0 -1 82 69 1 0 85 13 85 0 0 0 0 82 0 0 0 164 -1 0 0 78 0 0 1 0 0 0 0 3 0 105 0 97 70 0 1 -1 70 0 79 68 0 0 0 0 84 68 0 0 0 0 2 92 1426 84 19 3 0 4 79 0 0 0 0 1 1447 69 0 0 86 1 0 82 20 0 0 0 73 0 0 0 160 20 0 91 0 0 0 1 1 79 0 1 2 0 0 0 0 0 0 79 0 0 0 79 106 0 0 1 0 0 16 89 0 70 157 0 1 0 0 0 20 13 0 21 0 5 0 1 0 0 0 0 0 1 87 0 0 63 0 1 0 0 17 0 1 86 0 84 0 82 3 0 0 2 0 87 1447 81 4 1387 0 3 147 0 0 0 81 0 0 0 0 0 67 95 88 0 0 0 0 0 0 0 17 0 0 14 84 0 2 0 0 0 0 0 0 -1 2 0 0 0 0 0 0 80 0 0 0 0 87 2 0 1311 0 14 1 0 0 0 0 0 0 1298 0 85 4 0 0 70 85 0 106 166 -1 3 0 0 92 0 94 85 16 0 3 0 71 75 0 99 77 0 3 83 85 79 0 0 0 92 22 1 164 0 0 0 78 0 0 2 -1 0 0 0 1 0 0 0 0 18 0 73 1482 1 1 75 80 0 2 3 0 0 0 0 0 79 0 0 0 2 0 0 0 0 86 20 0 96 2 0 0 0 0 0 0 2 0 1 0 0 67 0 0 0 0 0 83 1 92 0 64 106 0 1293 0 0 0 0 0 0 85 0 0 0 0 1 0 0 0 1297 0 87 0 1 93 0 0 0 0 0 0 20 0 0 0 103 0 0 0 0 0 0 0 1 0 0 80 0 2 0 0 0 2 1 0 0 0 87 62 160 0 0 0 90 84 149 0 0 79 1 0 1 81 0 2 0 1 0 -1 0 1 23 0 13 0 90 95 2 0 0 1448 0 1 0 0 80 1 0 0 83 0 0 0 175 82 87 74 1 66 0 1515 9 0 1 1 0 0 0 0 23 73 0 0 0 2 0 0 85 0 1 0 0 90 1 0 1297 90 -1 0 0 0 0 0 0 0 0 0 84 4 0 0 0 1 1 0 0 71 84 72 0 74 0 0 22 1 0 0 0 77 16 65 0 0 2 92 1426 0 -1 0 87 0 0 0 0 77 0 0 88 1447 3 0 0 0 91 0 0 0 3 0 0 66 1311 1 0 0 0 1299 79 0 0 161 -1 0 0 0 95 1 85 0 0 72 2 0 0 0 0 0 2 0 0 0 0 0 0 0 0 87 1 4 76 78 0 0 0 0 0 0 0 0 73 0 5 0 1 4 67 84 2 82 0 0 0 194 0 1 0 0 0 84 69 0 1 0 0 1 98 0 -1 0 0 0 63 0 0 0 0 0 0 84 81 3 1 89 0 0 92 1 0 0 17 0 0 0 0 0 0 -1 88 2 191 0 1 1 0 0 0 0 1 0 0 1 155 0 1447 97 20 0 0 0 1 0 1 0 0 0 0 -1 0 0 0 0 94 0 0 84 86 83 16 83 97 0 103 1 92 1 0 -1 79 0 10 0 1 1 0 0 96 0 0 0 0 0 0 0 64 0 4 0 0 177 -1 3 1447 0 74 0 0 68 0 0 0 1 0 0 0 0 105 1 74 0 2 0 0 0 19 0 0 91 0 0 1532 189 92 1 0 0 1 0 0 0 82 0 0 107 86 0 76 74 1447 0 0 15 0 0 0 1 1 3 0 0 0 79 0 87 0 0 0 71 0 92 0 94 71 0 74 1 0 0 0 0 0 90 -1 0 90 0 2 86 0 0 0 88 
0 0 0 98 2 0 0 2 3 0 0 0 0 118 16 0 103 0 0 0 0 1 113 243 100 0 0 114 0 2 0 0 0 0 2 0 1 0 0 108 1 0 0 0 0 0 1612 0 4 0 1 0 0 0 1 0 105 0 122 0 1 115 0 96 111 1 0 0 0 0 104 0 0 1 117 0 1 96 0 0 115 98 2 0 116 2 0 1720 0 1 0 2022 1720 0 1 114 117 0 0 0 0 101 105 114 0 0 23 0 0 113 0 2 0 2 0 0 0 0 0 333 108 0 0 3 0 0 2 0 4 0 0 0 0 0 2 0 0 0 0 1 4 0 2 116 0 0 2 1 19 1 0 123 3 0 -1 1 0 0 124 0 102 22 0 1685 0 28 112 0 0 0 0 228 0 93 2 0 0 0 112 1 114 0 106 1 0 126 0 -1 112 105 2 2 112 23 125 0 0 0 0 118 1 0 0 233 -1 0 0 124 0 0 2 0 0 0 0 2 0 126 0 108 117 0 0 -1 117 0 107 119 0 2 0 0 98 117 1 0 0 0 2 119 2011 111 23 1 1 4 115 3 0 0 0 2 2041 119 0 0 113 0 0 95 25 0 0 1 98 0 0 0 234 29 0 121 0 0 0 1 1 122 0 2 2 0 0 0 0 0 0 104 0 0 0 111 115 0 0 1 3 0 21 114 0 94 243 0 1 0 0 0 29 32 0 15 0 19 0 1 0 0 0 0 0 1 110 0 0 96 0 3 0 0 32 1 0 97 0 106 0 115 3 0 0 1 0 112 2041 114 6 1929 0 2 217 0 0 0 106 0 0 0 0 0 103 103 115 0 0 0 0 1 0 0 25 0 0 24 109 0 1 1 0 0 0 7 0 -1 0 0 0 0 0 0 0 118 0 0 0 0 111 0 0 1720 0 24 3 0 0 0 0 0 0 1695 0 114 1 1 0 107 115 0 145 225 -1 1 0 0 108 0 130 93 30 0 3 0 97 119 0 110 112 1 4 125 112 103 0 0 0 121 23 2 223 0 0 0 103 0 0 2 -1 0 0 0 2 3 0 0 1 18 0 96 2071 0 0 112 114 0 1 6 0 0 0 0 0 111 0 0 0 0 0 0 0 0 112 29 0 120 1 0 0 0 0 0 4 1 0 0 0 0 115 0 0 0 0 0 113 0 119 0 95 129 0 1692 0 0 0 0 0 0 115 0 0 0 0 2 0 0 0 1700 0 103 0 3 139 0 0 0 0 1 0 27 0 0 0 128 0 3 0 0 0 0 2 1 0 0 115 0 1 0 0 0 2 2 0 0 0 112 103 227 0 0 0 116 112 215 0 0 130 0 0 2 120 0 2 0 0 0 -1 0 1 42 0 27 0 131 117 1 0 0 2042 0 1 0 0 106 2 2 0 111 0 0 0 207 133 119 114 1 107 0 2126 21 0 1 1 0 1 0 0 22 111 0 0 0 2 0 0 108 0 2 0 0 108 0 1 1700 112 -1 0 0 0 2 0 0 0 0 0 110 1 0 0 0 2 0 0 0 123 119 94 0 112 0 0 23 3 0 0 0 103 22 104 0 0 0 109 2018 0 -1 0 103 0 0 1 0 100 0 0 138 2041 0 0 0 0 117 0 0 0 1 0 0 109 1720 1 0 0 0 1703 120 0 0 225 -1 0 0 0 126 2 110 0 0 109 0 0 0 1 0 0 2 0 0 0 0 0 0 0 0 116 0 2 102 107 0 0 0 0 0 0 0 0 111 0 1 0 1 4 113 109 3 124 0 0 0 208 0 1 0 0 0 113 104 0 7 0 0 0 109 0 -1 0 0 2 95 0 0 0 0 0 0 111 91 2 0 112 0 0 106 1 0 0 19 0 0 0 0 0 0 -1 116 0 227 0 0 2 0 0 0 0 1 0 0 0 213 0 2041 108 26 0 0 0 0 0 0 0 0 0 0 -1 0 0 0 1 96 0 0 120 110 116 18 117 102 0 108 2 120 0 0 -1 130 0 22 0 2 3 0 0 100 0 0 0 0 0 0 0 103 0 3 0 0 235 -1 1 2041 0 99 0 0 105 0 0 0 1 0 0 0 1 116 1 108 0 2 4 0 0 27 0 0 115 0 0 2153 215 119 1 0 0 1 0 2 0 133 0 0 116 101 0 117 109 2041 0 0 20 0 0 0 0 3 1 3 0 0 130 0 116 0 0 1 97 0 117 1 117 108 0 112 1 0 0 0 0 0 124 -1 0 109 1 0 110 0 0 0 105 
0 0 0 184 2 0 0 2 0 0 0 0 0 186 36 0 189 0 0 0 0 4 186 399 187 0 0 190 0 3 0 0 0 0 6 2 5 0 0 192 1 0 0 0 0 0 2970 1 3 0 4 0 0 0 1 0 197 0 191 0 0 204 0 185 205 1 0 2 0 0 188 0 2 1 161 0 2 180 0 0 200 190 6 0 205 3 0 3100 0 1 0 3324 3100 0 2 195 204 0 0 0 1 205 201 182 0 0 57 0 0 186 0 4 0 0 0 0 0 0 0 553 216 0 0 2 0 3 2 0 5 1 0 0 0 0 4 1 0 0 3 1 6 0 5 215 0 0 4 2 47 1 0 182 2 0 -1 1 0 0 208 4 188 36 0 3026 0 38 202 0 1 0 0 381 0 220 2 0 0 0 191 4 190 0 196 1 0 202 0 -1 212 190 2 3 173 52 210 0 0 0 0 203 3 0 0 375 -1 0 0 211 0 0 3 0 0 0 0 1 0 195 0 200 188 0 0 -1 188 0 197 175 0 2 0 0 199 178 2 0 0 0 2 168 3319 197 34 1 6 4 205 1 0 0 0 6 3361 196 0 0 175 2 0 196 42 0 1 0 184 1 0 0 419 42 0 175 0 1 0 0 6 179 0 5 1 0 0 0 1 0 0 198 0 0 0 175 176 0 0 1 4 1 45 199 0 182 383 0 1 0 0 0 41 33 0 32 0 42 0 3 0 0 0 0 0 0 196 1 0 222 1 5 0 0 43 1 0 157 3 207 0 199 3 0 0 1 0 179 3361 196 3 3210 0 2 388 1 0 0 206 0 0 0 0 0 191 187 202 0 0 0 0 1 0 0 45 0 0 43 187 0 1 1 0 0 0 1 0 -1 4 0 0 0 0 0 0 213 4 0 0 0 204 2 0 3100 6 44 2 0 0 0 0 2 0 3066 0 180 2 0 0 173 198 0 225 361 -1 3 0 0 212 0 194 187 49 0 1 0 181 205 0 189 203 3 3 189 191 192 0 0 0 195 50 3 397 3 0 0 197 0 0 3 -1 0 5 0 3 0 0 0 1 30 0 179 3403 0 1 200 173 0 1 2 0 0 0 0 0 203 0 0 0 2 0 0 0 0 199 42 4 167 3 0 0 1 0 0 2 8 0 1 0 0 173 0 0 0 0 0 219 7 194 0 217 200 0 3062 0 0 0 0 0 0 200 0 0 0 0 0 0 0 0 3063 0 196 0 3 206 0 0 0 0 0 0 34 0 0 0 225 0 2 0 0 0 0 4 3 0 0 199 0 2 0 0 0 3 5 0 0 0 179 167 395 0 0 0 164 186 399 0 2 205 4 0 5 211 0 5 0 1 0 -1 0 2 49 0 40 0 191 198 5 0 0 3362 0 3 0 0 175 2 2 0 217 0 0 0 400 191 190 181 1 170 0 3516 48 3 1 4 0 2 0 0 42 207 0 0 0 4 0 0 188 0 1 0 0 209 4 0 3061 179 -1 0 0 0 2 0 0 0 0 0 184 3 1 0 0 1 1 0 0 204 205 182 0 208 0 0 40 4 0 0 0 195 35 170 0 0 3 178 3328 0 -1 0 171 0 0 2 0 191 0 0 220 3361 4 0 1 0 164 0 0 0 1 0 0 172 3100 3 0 3 0 3047 179 0 0 387 -1 0 0 0 202 1 190 0 0 195 3 0 0 0 0 0 4 0 0 0 0 0 0 1 0 181 1 8 197 197 0 0 0 0 0 0 0 0 207 0 3 0 1 3 175 191 4 188 0 0 0 402 0 0 0 0 0 200 187 0 3 0 0 0 201 0 -1 0 0 2 221 0 0 0 0 0 0 177 206 2 0 205 0 0 209 1 0 0 37 0 0 0 0 0 0 -1 170 5 395 0 0 5 0 0 0 0 2 0 0 0 392 0 3361 200 47 0 0 0 6 0 3 0 0 0 0 -1 0 1 0 1 197 0 0 200 190 190 43 174 179 0 168 1 174 1 0 -1 205 1 57 0 1 1 0 0 198 0 0 0 0 0 0 0 166 0 7 0 0 390 -1 2 3361 0 185 0 0 198 0 0 0 0 4 1 0 2 174 2 192 0 3 2 0 0 33 0 0 199 1 0 3546 374 194 1 0 0 2 0 1 0 191 0 0 177 161 0 172 193 3361 0 0 37 0 0 0 3 5 1 3 0 0 205 0 181 0 0 1 177 0 205 5 193 176 0 208 1 0 2 0 0 0 193 -1 0 217 0 5 190 0 0 0 209 
1 0 0 167 1 0 0 3 2 0 0 0 0 158 30 0 149 0 0 0 0 1 170 325 159 0 0 176 0 2 0 0 0 0 2 2 1 0 0 159 0 0 0 0 0 0 2313 1 2 0 5 0 0 0 1 0 144 0 126 0 0 148 0 122 117 1 0 1 0 0 150 0 1 1 150 0 2 163 0 0 145 130 2 0 123 5 0 2429 0 6 0 2443 2429 0 0 157 153 0 0 0 0 164 157 153 0 0 29 0 0 170 0 3 0 0 0 0 0 0 0 435 152 0 0 5 0 0 2 0 5 2 0 0 0 0 3 2 0 0 0 1 7 0 4 128 0 0 6 0 24 1 0 129 0 0 -1 1 0 0 146 1 143 29 0 2371 0 30 145 0 0 0 0 277 0 132 1 0 0 0 154 1 176 0 156 2 0 135 0 -1 177 139 4 2 151 31 140 0 0 0 0 151 0 0 0 300 -1 0 0 154 0 0 4 0 0 0 0 3 0 188 0 151 147 0 0 -1 147 0 132 142 0 3 0 0 149 143 1 0 0 0 1 153 2445 115 34 2 1 4 149 3 0 0 0 4 2476 154 0 0 147 5 0 148 36 0 0 1 167 0 0 0 278 31 0 154 0 0 0 0 3 156 0 3 2 0 0 0 2 0 0 164 0 0 1 152 135 0 0 0 1 0 26 135 0 164 270 0 4 0 0 0 24 38 0 27 0 27 0 1 0 0 0 0 0 0 135 2 0 132 2 1 0 0 27 2 0 163 2 156 0 151 1 0 0 2 0 155 2476 149 6 2329 0 3 306 0 0 0 171 0 0 0 0 0 141 149 150 0 0 0 0 1 0 0 26 0 0 29 142 0 0 1 0 0 0 2 0 -1 3 0 0 0 0 0 0 128 1 0 0 0 181 1 0 2429 0 29 3 0 0 0 1 0 0 2404 0 152 1 1 0 143 153 0 196 291 -1 3 0 0 150 0 166 126 26 0 1 0 166 146 0 164 161 2 3 162 154 163 0 0 0 132 28 1 309 1 0 0 163 0 0 0 -1 0 4 0 1 0 0 0 1 33 0 166 2551 0 0 131 145 0 3 4 0 0 0 0 0 146 0 0 1 0 0 0 0 0 141 31 1 142 1 0 0 0 0 0 0 3 0 2 0 0 141 0 0 0 0 0 178 1 146 0 132 190 0 2400 0 0 0 0 1 0 137 0 0 0 0 1 0 0 0 2402 0 168 0 0 137 0 0 0 0 2 0 36 0 0 0 172 0 1 0 0 0 0 3 5 0 0 148 0 1 0 0 0 2 0 0 0 0 155 154 282 0 0 0 146 171 315 0 3 119 3 0 7 135 0 3 0 1 0 -1 0 1 36 0 30 0 164 160 4 0 0 2477 0 5 0 0 164 1 1 0 177 0 0 0 312 136 162 148 1 135 0 2579 20 0 1 2 0 4 0 0 27 162 0 0 0 5 0 0 140 0 0 0 0 146 3 0 2392 145 -1 0 0 0 0 0 0 0 0 0 158 1 0 0 0 2 2 0 0 155 135 165 0 163 0 0 27 6 0 0 0 161 28 156 0 0 0 143 2439 0 -1 0 147 0 0 5 0 159 0 0 183 2476 0 0 0 0 148 0 0 0 1 0 0 137 2429 2 0 0 0 2393 154 0 0 337 -1 0 0 0 135 2 139 0 0 156 2 0 0 0 0 0 1 0 0 0 0 1 0 0 0 155 4 5 141 148 0 0 0 0 0 0 0 0 162 0 1 0 1 3 141 135 1 161 0 0 0 296 0 1 1 0 0 143 138 0 1 0 0 0 152 0 -1 0 0 0 130 0 0 0 2 0 0 159 150 3 0 120 0 0 149 1 0 0 28 0 0 0 0 0 0 -1 148 2 311 0 0 0 0 0 0 0 1 0 0 0 299 0 2476 151 46 0 0 0 0 0 4 0 0 0 0 -1 0 0 0 3 141 0 0 143 143 176 27 149 158 1 130 2 156 4 0 -1 119 6 29 0 2 5 0 0 141 0 0 0 0 0 0 0 150 0 4 0 0 311 -1 0 2476 1 168 0 0 146 0 0 0 3 2 0 0 3 136 3 159 0 2 0 0 0 35 0 0 133 1 0 2639 284 146 1 0 0 1 0 1 0 136 0 0 136 163 0 152 159 2476 0 0 29 0 0 0 2 6 2 3 0 0 119 0 155 0 0 1 165 0 155 1 146 146 0 163 1 0 2 1 0 0 127 -1 0 153 0 2 143 0 0 0 144 
1 0 0 125 1 0 0 1 3 0 0 0 0 131 33 0 135 0 0 0 0 4 135 269 132 0 0 121 0 1 0 0 0 0 1 2 1 0 0 131 1 0 0 0 0 0 1926 1 2 0 1 0 0 0 1 0 145 0 128 0 0 127 0 128 145 4 0 2 0 0 124 0 2 1 125 0 3 123 0 0 119 128 4 0 128 1 0 2031 0 1 0 2211 2031 0 2 123 123 0 0 0 0 125 111 122 0 0 21 0 0 135 0 2 0 0 0 0 0 0 0 410 134 0 0 1 0 8 1 0 1 3 0 0 0 0 1 3 0 0 1 1 2 0 3 131 0 0 3 2 31 1 0 126 3 0 -1 0 0 0 132 3 143 19 0 1988 0 24 127 0 1 0 0 254 0 114 0 0 0 0 127 3 121 0 113 2 0 139 0 -1 119 133 1 3 109 24 153 0 0 0 0 123 0 0 0 252 -1 0 0 117 0 0 4 0 0 0 0 3 0 125 0 140 136 0 1 -1 136 0 133 123 0 1 0 0 116 123 0 0 0 0 1 129 2207 142 19 3 2 5 128 1 0 0 0 1 2245 126 0 0 105 1 0 113 27 0 0 0 125 0 0 0 258 37 0 114 0 0 0 0 0 135 0 3 0 0 0 0 1 0 0 139 0 0 0 124 130 0 0 3 1 0 25 141 0 122 261 0 0 0 0 0 27 31 0 22 0 25 0 3 0 0 0 0 0 1 139 1 0 116 3 1 0 0 17 0 0 139 2 125 0 125 2 0 0 3 0 106 2245 123 5 2151 0 2 230 1 0 0 119 0 0 0 0 0 143 123 117 0 0 0 0 1 0 0 18 0 0 28 139 0 4 0 0 0 0 3 0 -1 0 0 0 0 0 0 0 129 1 0 0 0 129 3 0 2031 1 28 0 0 0 0 0 0 0 2005 0 107 2 2 1 121 122 0 160 279 -1 0 0 0 148 0 136 129 27 0 2 0 125 112 0 116 124 1 3 154 127 136 0 0 0 134 26 0 258 1 0 0 138 0 0 0 -1 0 3 0 1 0 0 0 2 19 0 121 2295 0 1 121 114 0 1 4 0 0 0 0 0 126 0 0 1 4 0 0 0 0 113 37 1 137 3 0 0 1 0 0 3 1 0 3 0 0 119 1 0 0 0 0 122 4 138 0 113 128 0 2001 0 0 0 0 0 0 111 0 0 0 0 0 0 0 0 2013 0 126 0 0 119 0 0 0 0 1 0 28 0 0 0 161 0 0 0 0 0 0 1 1 0 0 117 0 1 0 0 0 1 3 0 0 0 106 128 241 0 0 0 127 137 248 0 3 134 2 0 4 124 1 2 0 1 0 -1 0 2 29 0 33 0 134 125 3 0 0 2246 0 3 0 0 123 0 2 0 122 0 0 0 263 129 135 130 1 111 0 2348 37 3 1 0 0 2 0 0 21 114 0 0 0 0 0 0 138 0 3 0 0 148 0 1 2001 107 -1 0 0 0 3 0 0 0 0 0 120 1 0 0 0 5 2 0 0 128 123 122 0 115 0 0 19 1 0 0 0 136 30 132 0 0 6 105 2226 0 -1 0 110 0 0 1 0 137 0 0 151 2245 1 0 0 0 125 0 0 0 2 0 0 124 2031 3 0 5 0 2011 134 0 0 252 -1 0 0 0 139 0 138 0 0 111 1 0 0 7 0 0 1 0 0 0 0 0 0 2 0 108 2 10 117 119 0 0 0 1 0 0 0 0 114 0 3 0 1 2 119 112 1 153 0 0 0 276 0 0 0 0 0 113 141 0 7 0 0 0 141 0 -1 0 0 1 115 0 0 0 5 0 0 119 127 2 0 145 0 0 148 1 0 0 27 0 0 0 0 0 0 -1 110 2 255 0 0 1 0 0 0 0 0 0 0 0 259 0 2245 140 26 0 0 0 2 0 0 0 0 0 0 -1 0 0 0 2 129 0 0 124 140 117 30 104 109 0 126 1 113 5 0 -1 134 1 21 0 2 2 0 0 132 0 0 0 0 0 0 0 130 0 2 0 0 246 -1 1 2245 0 126 0 0 148 0 0 0 1 3 0 0 1 128 2 131 0 3 1 0 0 29 0 0 140 0 0 2369 258 138 1 0 0 1 0 4 0 129 0 0 131 144 0 131 118 2245 0 0 25 0 0 0 4 1 1 1 0 0 134 0 108 0 0 4 122 0 123 1 145 127 0 110 1 0 3 0 0 0 130 -1 0 135 1 2 140 0 0 0 143 
1 0 0 164 3 0 0 1 3 0 0 1 0 135 27 0 127 0 0 0 0 3 153 323 157 0 0 151 0 2 0 0 0 0 1 1 3 0 0 138 2 0 0 0 0 0 2312 3 1 0 2 0 0 0 1 0 129 0 171 0 0 144 0 140 151 3 0 2 0 0 146 0 2 0 149 0 4 161 0 0 165 139 2 0 153 2 0 2461 0 1 0 2496 2461 0 0 143 145 0 0 0 0 160 154 153 0 0 46 0 0 153 0 3 0 0 0 0 0 0 0 443 149 0 0 3 0 4 4 0 2 1 0 0 0 0 3 4 0 0 0 1 4 0 0 158 0 0 5 4 44 1 0 132 2 0 -1 0 0 0 143 4 127 22 1 2395 0 40 139 0 0 0 0 318 0 162 1 0 0 0 160 3 151 0 158 4 0 168 0 -1 158 139 2 1 152 28 150 0 0 0 0 169 1 0 0 273 -1 0 0 144 0 0 5 0 0 0 0 1 0 155 0 136 143 0 0 -1 143 0 147 136 0 2 0 0 126 137 4 0 0 0 3 152 2501 147 26 0 0 5 143 3 0 0 1 1 2533 123 0 0 144 2 0 123 26 0 0 0 164 0 0 0 300 32 0 186 0 0 0 0 0 131 0 2 3 0 0 0 0 0 0 163 0 0 0 129 153 0 0 1 0 1 36 168 0 162 296 0 2 0 0 0 27 35 0 32 1 28 0 4 0 0 1 0 0 0 167 0 0 165 4 1 0 0 26 0 0 144 0 143 0 149 0 0 0 2 0 131 2533 146 1 2413 0 0 302 0 0 0 154 0 0 0 0 0 128 145 158 0 0 0 0 1 0 0 40 0 0 31 154 0 5 2 0 0 0 4 0 -1 2 0 0 0 0 0 0 156 3 0 0 0 143 3 0 2461 0 31 1 0 0 0 1 3 0 2440 0 152 3 2 0 140 144 0 164 302 -1 0 0 0 146 1 140 139 44 0 0 0 164 133 0 151 170 4 2 143 160 158 0 0 0 163 28 1 289 2 0 0 162 0 0 2 -1 0 3 0 2 1 0 0 4 26 0 162 2581 0 0 127 148 0 3 7 0 0 0 0 0 143 0 0 0 1 0 0 0 0 132 32 4 162 0 0 0 0 0 0 4 1 0 0 0 0 132 0 0 0 0 0 160 1 138 0 165 155 0 2434 0 0 0 0 0 0 134 0 0 0 0 3 0 0 0 2433 0 131 0 1 133 0 0 0 0 1 0 30 0 0 0 179 0 0 0 0 0 0 0 0 0 0 167 0 0 0 0 0 3 2 0 0 0 131 137 299 0 0 0 145 156 297 1 1 164 2 0 3 135 0 5 0 0 0 -1 0 1 30 0 34 0 139 145 0 0 0 2534 0 5 0 0 142 2 4 0 158 0 0 0 293 140 139 144 1 131 0 2663 18 3 1 2 0 1 0 0 28 162 0 0 0 1 0 0 151 0 0 0 0 145 4 0 2435 173 -1 0 0 0 1 0 0 0 0 0 147 2 0 1 0 2 0 0 0 129 129 160 0 163 0 0 32 0 0 0 0 159 29 141 0 0 2 174 2493 0 -1 0 163 0 1 4 0 160 0 0 169 2533 0 0 0 0 147 0 0 0 2 0 0 137 2461 2 0 4 0 2440 129 0 0 290 -1 0 0 0 168 2 157 0 0 153 2 0 0 0 0 0 3 0 0 0 0 0 0 2 0 153 4 4 161 161 0 0 0 0 0 0 0 0 162 0 4 0 1 4 130 131 2 142 0 0 0 292 0 5 0 0 0 130 127 0 6 0 0 0 137 0 -1 0 0 2 162 0 0 0 0 0 0 144 167 3 0 152 0 0 143 1 0 0 31 0 0 0 0 0 0 -1 179 0 313 0 0 0 0 0 0 0 0 0 0 0 295 0 2533 136 26 0 0 0 2 0 1 0 0 0 0 -1 0 0 0 3 150 0 0 135 156 152 24 150 137 0 147 1 187 4 0 -1 164 2 46 0 1 2 0 0 154 0 0 0 0 0 0 0 140 0 4 0 0 322 -1 0 2533 0 165 0 0 131 0 0 0 2 1 1 0 3 153 1 138 0 0 0 0 0 29 0 0 168 1 0 2683 282 138 1 0 0 3 0 2 0 140 0 0 154 146 0 122 166 2533 0 0 31 0 0 0 0 3 1 2 0 0 164 0 153 0 0 0 160 0 165 1 144 142 0 161 1 0 1 0 0 0 172 -1 0 150 0 0 156 0 0 0 143 
1 0 0 241 6 0 0 2 4 0 0 0 0 259 45 0 207 0 0 0 0 3 232 471 214 0 0 247 0 4 0 0 0 0 2 3 6 0 0 228 0 0 0 0 0 0 3528 6 2 0 1 0 0 0 1 0 249 0 251 0 0 195 0 229 237 2 0 4 0 0 241 0 4 5 213 0 1 240 0 1 232 234 2 0 224 5 0 3713 0 2 0 4041 3713 0 3 237 220 0 0 0 0 186 205 237 0 0 48 0 0 232 0 3 0 1 0 0 0 0 0 705 216 0 0 5 0 4 4 0 10 1 0 0 0 0 4 4 0 0 2 1 8 0 3 237 0 0 5 2 50 1 0 234 1 0 -1 0 0 0 223 3 238 43 0 3606 0 54 191 0 1 1 0 495 0 226 8 0 0 0 218 2 247 0 213 0 0 201 0 -1 233 234 4 3 228 54 184 0 0 0 0 239 1 0 0 404 -1 0 0 245 0 0 4 0 0 0 0 3 0 225 0 221 249 0 0 -1 249 0 218 257 0 4 0 0 230 255 3 0 0 0 3 219 4028 235 31 3 4 5 200 5 0 0 1 2 4070 196 0 0 219 5 0 224 54 0 0 2 241 0 0 0 435 42 0 235 0 0 0 3 3 231 0 3 9 0 0 0 2 0 0 228 0 0 0 219 217 0 0 5 3 1 53 242 0 237 470 0 4 0 0 1 55 52 0 46 0 42 0 3 0 0 0 0 0 1 241 2 0 230 4 1 0 0 46 0 0 228 2 231 0 240 1 0 0 3 0 208 4070 236 13 3871 0 2 435 0 0 0 228 0 0 0 0 0 243 240 233 0 0 0 0 4 0 0 50 0 0 40 209 0 2 3 0 0 0 7 0 -1 5 0 0 0 0 0 0 234 4 0 0 0 217 3 0 3713 1 40 3 0 0 0 2 3 0 3675 0 233 0 3 2 234 220 0 266 441 -1 1 0 0 237 0 223 226 46 0 5 0 237 233 0 240 256 5 4 255 218 228 0 0 1 192 55 4 433 6 0 0 227 0 0 2 -1 0 3 0 1 3 0 0 3 31 0 242 4164 0 0 239 226 0 3 6 1 0 0 0 0 197 0 0 1 5 0 0 0 0 225 42 0 205 1 0 0 0 0 0 3 5 0 2 0 0 251 0 0 0 0 0 235 4 245 0 230 229 0 3669 0 0 0 0 0 0 224 0 0 0 0 3 0 0 0 3666 0 211 0 2 267 0 0 0 0 0 0 53 0 0 0 244 0 0 0 0 0 0 1 1 0 0 236 0 4 0 0 0 5 4 0 0 0 208 222 469 0 1 0 214 232 465 0 3 218 4 0 2 246 0 5 0 3 0 -1 0 7 50 0 58 0 216 241 1 0 0 4071 0 5 0 0 223 3 3 0 230 0 0 0 399 247 261 241 1 243 0 4264 36 1 1 5 0 4 0 0 47 220 0 0 0 2 0 0 209 1 5 0 0 235 4 0 3669 235 -1 0 0 0 4 0 0 0 0 0 223 3 0 0 0 5 0 0 0 204 243 237 0 221 0 0 46 8 0 0 0 224 42 226 0 0 4 224 4015 0 -1 0 227 0 0 1 0 217 0 0 291 4070 1 0 0 0 214 0 0 0 1 0 0 228 3713 5 0 4 0 3661 228 0 0 455 -1 0 0 0 201 3 208 0 0 213 5 0 0 1 0 0 2 0 0 0 0 0 0 2 0 235 1 5 238 233 0 0 0 0 0 0 1 0 220 0 4 0 1 2 242 221 2 254 0 0 0 438 0 1 0 0 0 221 244 0 7 0 0 0 222 0 -1 0 0 1 228 0 0 0 0 0 0 222 242 0 0 245 0 0 235 1 0 0 39 0 0 0 0 0 0 -1 227 0 447 0 0 3 0 0 0 0 3 0 0 0 407 0 4070 221 45 0 0 0 2 0 3 0 0 0 0 -1 0 0 0 3 212 0 0 234 212 250 46 236 224 0 208 2 232 3 0 -1 218 2 48 0 5 4 0 0 211 0 0 0 0 0 0 0 224 0 3 0 0 487 -1 0 4070 0 242 0 0 253 0 0 0 6 5 2 0 5 216 1 228 0 7 2 0 0 53 0 0 239 0 0 4292 436 245 1 0 0 5 0 3 0 247 0 0 218 234 0 218 246 4070 0 0 51 0 0 0 2 7 3 3 0 0 218 0 235 0 0 2 235 0 242 5 214 238 0 218 1 0 2 0 0 0 254 -1 0 217 0 3 212 0 0 0 229 
1 0 0 259 2 0 0 5 1 0 0 0 0 256 53 0 231 0 0 0 0 1 265 470 220 0 0 253 0 2 0 0 0 0 2 4 1 0 0 255 4 0 0 0 0 0 3642 1 2 0 4 0 0 0 1 0 242 0 229 1 0 244 0 237 236 1 0 3 0 0 244 0 2 2 246 0 4 255 0 0 264 237 3 0 229 3 0 3821 0 3 0 4027 3821 0 5 230 248 0 0 0 0 258 225 239 0 0 57 0 0 265 0 3 0 1 0 0 0 0 0 678 239 0 0 2 0 9 4 0 4 2 0 0 0 0 1 1 0 0 4 1 3 0 1 234 0 0 5 4 42 1 0 220 0 0 -1 2 0 0 239 3 237 41 0 3723 0 38 240 0 1 0 0 473 0 231 0 0 0 0 228 4 253 0 226 3 0 241 0 -1 230 263 5 1 230 56 242 0 0 0 0 266 2 0 0 446 -1 0 0 246 0 0 5 0 0 0 0 2 0 230 0 243 257 0 1 -1 257 0 267 234 0 2 0 0 253 235 5 0 0 0 4 253 4028 233 48 2 2 11 245 4 0 0 0 4 4088 269 0 0 224 0 0 241 59 0 2 2 259 0 0 0 483 60 0 264 0 0 0 1 3 235 0 1 3 0 0 0 0 0 0 229 0 0 0 224 246 0 0 6 1 1 56 234 0 247 509 0 2 0 0 0 42 48 0 53 0 49 0 2 0 1 1 0 0 1 229 3 0 233 3 4 0 0 51 3 0 216 2 229 0 247 4 0 0 3 0 243 4088 246 6 3884 0 2 463 0 0 0 225 0 0 0 0 0 236 243 245 0 0 0 0 4 0 0 50 0 0 51 252 0 1 5 0 0 0 4 0 -1 1 0 0 0 0 0 0 237 6 0 0 0 236 2 0 3821 2 55 7 0 0 0 2 0 0 3775 0 231 2 2 0 230 246 0 257 481 -1 1 0 0 249 1 222 228 65 0 1 0 254 238 0 242 250 4 5 232 228 223 0 1 0 235 47 6 479 2 0 0 228 0 0 5 -1 0 1 0 5 0 0 0 3 43 0 259 4146 0 0 223 234 0 4 5 0 0 0 0 0 239 0 0 1 6 0 0 0 0 254 60 5 217 3 0 0 0 0 0 2 4 0 4 0 0 230 0 0 0 0 0 231 0 214 0 231 236 0 3765 0 0 0 0 0 0 251 0 0 0 0 5 0 0 0 3793 0 222 0 2 219 0 0 0 0 2 0 51 0 0 0 307 0 0 0 0 0 0 7 6 0 0 261 0 3 0 0 0 2 4 0 0 0 243 232 503 0 0 0 246 268 490 0 6 266 3 0 1 230 0 9 0 4 0 -1 0 4 58 0 62 0 220 231 3 0 0 4089 0 8 0 0 256 6 5 0 228 0 0 0 495 233 260 237 1 225 0 4258 47 2 1 4 0 2 0 0 47 239 0 0 0 3 0 0 256 0 3 0 0 246 4 0 3767 221 -1 0 0 0 2 0 0 0 0 0 223 7 0 0 0 2 0 0 0 262 230 259 0 240 0 0 49 1 0 0 0 225 50 238 0 0 0 218 4041 0 -1 0 218 0 1 2 0 221 0 0 284 4088 2 0 2 0 246 0 0 0 3 0 0 226 3821 4 0 1 0 3774 234 0 0 465 -1 0 0 0 241 5 259 0 0 230 5 0 0 3 0 0 1 0 0 0 0 1 0 2 0 233 0 4 233 255 0 0 0 0 0 0 0 0 239 0 1 0 1 1 227 246 4 231 0 0 0 484 0 1 0 0 0 253 233 0 9 0 0 0 244 0 -1 0 0 3 231 0 0 0 0 0 0 218 212 1 0 239 0 1 246 1 0 0 48 0 0 0 0 0 0 -1 258 3 478 0 0 1 0 0 0 0 2 0 0 0 460 0 4088 243 37 0 0 0 3 0 1 0 0 0 0 -1 0 0 0 3 230 0 0 271 262 259 51 238 231 0 241 4 260 7 0 -1 266 2 57 0 3 4 0 0 237 0 0 0 0 0 0 0 236 0 4 0 0 499 -1 2 4088 0 260 0 0 245 0 0 0 2 5 0 0 3 243 2 255 0 4 6 0 0 48 0 0 233 0 0 4312 501 214 1 0 0 3 0 1 0 233 0 0 247 220 0 219 242 4088 0 0 53 0 0 0 3 2 2 4 0 0 266 0 233 0 0 1 251 0 254 3 273 233 0 242 1 0 3 0 0 0 229 -1 0 240 0 3 262 0 0 0 241 
0 0 0 109 1 0 0 0 2 0 0 0 0 107 24 0 104 0 0 0 0 0 92 212 98 0 0 112 0 4 0 0 0 0 1 0 1 0 0 101 1 0 0 0 0 0 1621 0 1 0 0 0 0 0 1 0 119 0 132 0 0 107 0 100 114 2 0 0 0 0 99 0 2 0 92 0 3 107 0 0 107 102 0 0 111 3 0 1693 0 1 0 1856 1693 0 3 116 108 0 0 0 0 99 101 115 0 0 16 0 0 92 0 2 0 0 0 0 0 0 0 351 107 0 0 3 0 4 1 0 3 1 0 0 0 0 2 0 0 0 0 1 5 0 0 116 0 0 3 0 22 1 0 119 0 0 -1 0 0 0 130 2 119 20 2 1660 0 24 106 0 0 0 0 232 0 91 1 0 0 0 106 0 112 0 101 3 0 89 0 -1 116 83 2 1 115 28 108 0 0 0 0 109 1 0 0 213 -1 0 0 117 0 0 2 0 0 0 0 1 0 95 0 114 115 0 0 -1 115 0 105 112 0 0 0 0 110 115 1 0 0 0 1 96 1863 108 19 1 0 2 108 3 0 0 0 1 1882 94 0 0 113 2 0 107 35 0 0 1 109 0 0 0 225 19 0 103 0 0 0 0 2 112 0 0 0 0 0 0 1 0 0 101 0 0 0 109 101 0 0 1 0 0 23 115 0 107 228 0 1 0 0 0 21 29 0 18 0 25 0 0 0 0 0 0 0 0 112 0 0 92 2 1 0 0 31 3 0 100 1 132 0 104 0 0 0 2 0 99 1882 101 2 1791 0 1 198 0 0 0 104 0 0 0 0 0 115 98 114 0 0 0 1 1 0 0 19 0 0 26 104 0 1 0 0 0 0 1 0 -1 1 0 0 0 0 0 0 116 0 0 0 0 100 1 0 1693 2 26 1 0 0 0 0 1 0 1670 0 116 1 1 0 110 107 0 136 196 -1 2 0 0 102 0 112 95 28 0 1 0 108 114 0 112 90 1 2 104 106 105 0 0 1 87 27 2 224 2 0 0 100 0 0 0 -1 0 4 0 1 0 0 0 2 19 0 107 1923 0 0 105 108 0 2 6 0 0 0 0 0 109 0 0 0 1 0 0 0 0 110 19 0 107 0 0 0 0 0 0 0 3 0 0 0 0 112 0 0 0 0 0 117 1 108 0 89 97 0 1668 0 0 0 0 0 0 105 0 0 0 0 3 0 0 0 1677 0 97 0 2 113 0 0 0 0 1 0 19 0 0 0 129 0 1 0 0 0 0 3 1 0 0 107 0 3 0 0 0 2 1 0 0 0 99 127 223 0 1 0 96 92 193 0 0 127 1 0 4 104 0 2 0 1 0 -1 0 0 28 0 26 0 109 120 0 0 0 1883 0 1 0 0 90 1 2 0 115 0 0 0 211 122 108 121 1 119 0 1977 20 1 1 1 0 3 0 0 18 103 0 0 0 0 0 0 107 0 1 0 0 101 1 0 1673 96 -1 0 0 0 2 0 0 0 0 0 114 0 0 0 0 1 0 0 0 94 104 109 0 104 0 0 22 3 0 0 0 100 16 132 0 0 2 97 1861 0 -1 0 111 0 0 1 0 99 0 0 141 1882 0 0 0 0 92 0 0 0 0 0 0 115 1693 0 0 1 0 1674 111 0 0 217 -1 0 0 0 89 0 107 0 0 101 0 0 0 2 0 0 1 0 0 0 0 0 0 3 0 116 1 3 106 104 0 0 0 0 0 0 0 0 103 0 0 0 1 1 110 107 2 103 0 0 0 218 0 2 0 0 0 109 118 0 2 0 1 0 115 0 -1 0 0 0 92 0 0 0 1 0 0 113 101 0 1 114 0 0 98 1 0 0 24 0 0 0 0 0 0 -1 101 3 219 0 0 0 0 0 0 0 0 0 0 0 201 0 1882 114 25 0 0 0 0 0 1 1 0 0 0 -1 0 0 0 1 101 0 0 113 106 111 24 113 101 0 93 2 104 1 0 -1 127 3 16 0 2 1 0 0 100 0 0 0 0 1 0 0 131 0 4 0 0 237 -1 0 1882 0 110 0 0 121 0 0 0 1 2 0 0 2 101 4 101 0 1 1 0 0 17 0 0 116 0 0 1999 205 108 1 0 0 4 0 1 0 122 0 0 102 104 0 107 89 1882 0 0 23 0 0 0 1 4 1 2 0 0 127 0 116 0 0 2 106 0 121 0 110 115 0 101 1 0 2 0 0 0 133 -1 0 108 0 2 106 0 0 0 99 
2 0 0 170 1 0 0 3 3 0 0 0 0 169 29 0 159 0 0 0 0 2 169 337 153 0 0 181 0 1 0 0 0 0 2 3 2 0 0 162 3 0 0 0 0 0 2577 2 6 0 1 1 0 0 1 0 178 0 163 0 0 178 0 171 183 0 0 3 0 0 149 0 1 3 153 0 4 170 0 0 177 174 3 0 148 0 0 2710 0 0 0 2926 2710 0 1 166 181 0 0 0 0 153 124 140 0 0 31 0 0 169 0 1 0 0 0 0 0 0 0 532 173 0 0 6 0 3 2 0 5 2 0 0 0 0 1 3 0 0 0 1 3 0 1 151 0 0 9 2 46 1 0 168 5 0 -1 0 0 0 175 2 178 24 1 2645 0 38 172 0 0 0 0 313 0 159 5 0 0 0 164 3 181 0 123 4 0 151 0 -1 165 164 2 3 162 48 196 0 0 0 0 180 5 0 0 335 -1 0 0 174 0 0 5 0 0 0 0 2 0 178 0 166 160 0 1 -1 160 0 173 162 0 1 0 0 177 164 4 0 0 0 3 155 2932 181 41 2 3 4 176 1 0 0 0 1 2966 177 0 0 156 2 0 167 31 0 0 1 170 0 0 0 330 34 0 172 0 0 0 0 2 155 1 2 2 0 0 0 1 0 0 158 0 0 0 145 168 0 0 2 2 0 37 158 0 165 339 0 1 0 0 0 45 38 0 38 0 42 0 0 0 0 0 0 0 0 155 4 0 164 0 2 0 0 36 0 0 160 2 170 0 161 6 0 0 3 0 166 2966 156 9 2809 0 3 278 1 0 0 128 0 0 0 0 0 174 148 159 0 0 0 0 2 0 0 41 0 0 28 170 0 6 0 0 0 0 4 0 -1 1 0 0 0 0 0 0 153 5 0 0 0 155 3 0 2710 4 28 3 0 0 0 0 3 0 2675 0 163 5 3 1 160 177 0 208 330 -1 0 0 0 179 1 170 170 42 0 1 0 169 165 0 161 174 2 7 179 164 160 0 0 0 148 34 3 314 1 0 0 157 0 0 0 -1 0 3 0 1 1 0 0 2 42 0 173 3017 0 0 169 131 0 1 5 0 0 0 0 0 170 1 0 2 1 0 0 0 0 166 34 3 160 2 0 0 2 0 0 2 5 0 5 0 0 162 0 0 0 0 0 168 5 205 0 164 179 0 2681 0 0 0 0 0 0 161 0 0 0 0 1 0 0 0 2677 0 150 0 0 176 0 0 0 0 4 0 42 0 0 0 207 0 0 0 0 0 0 1 2 0 0 174 0 3 0 0 0 4 3 0 0 0 166 169 329 0 0 0 152 170 331 0 3 173 2 0 4 179 0 3 0 2 0 -1 0 1 31 0 44 0 170 167 2 0 0 2967 0 4 0 0 165 4 5 0 164 0 1 0 316 177 171 166 1 160 0 3087 32 3 1 1 0 0 0 0 38 129 0 0 0 1 0 0 167 0 4 0 0 176 4 0 2677 165 -1 0 0 0 2 0 0 0 0 0 164 0 1 0 0 0 2 0 0 180 175 169 0 130 0 0 40 1 0 0 0 157 35 174 0 0 3 163 2937 0 -1 0 168 0 0 1 0 154 0 0 210 2966 2 0 0 0 148 0 0 0 3 0 0 154 2710 1 0 3 0 2665 154 0 0 280 -1 0 0 0 151 2 168 0 0 124 1 0 0 3 0 0 5 1 0 0 0 0 0 1 0 164 2 6 174 173 0 0 0 0 0 0 0 0 129 0 4 0 1 3 164 162 1 178 0 0 0 331 0 1 0 0 0 165 178 0 3 0 0 0 167 0 -1 0 0 0 161 0 0 0 2 0 0 161 186 1 0 187 0 0 175 1 0 0 24 0 0 0 0 0 0 -1 167 4 332 0 0 3 0 0 0 0 2 0 0 0 323 0 2966 166 21 0 0 0 2 0 0 0 0 0 0 -1 0 0 0 0 161 0 0 153 170 181 23 161 152 0 162 1 171 4 0 -1 173 3 30 0 1 0 0 0 159 0 0 0 0 0 0 0 171 0 6 0 0 303 -1 3 2966 0 171 0 0 183 0 0 0 5 5 0 0 2 169 0 162 0 3 1 0 0 40 0 0 160 3 0 3135 297 205 1 0 0 2 0 0 0 177 0 0 169 161 0 149 176 2966 0 0 28 0 0 0 3 2 2 2 0 0 173 0 164 0 0 2 167 0 160 4 161 162 0 131 1 0 3 0 0 0 164 -1 0 174 0 1 170 0 0 0 175 
1 0 0 106 1 0 0 0 0 0 0 0 0 85 27 0 120 0 0 0 0 2 116 213 114 0 0 98 0 2 0 0 0 0 4 3 1 0 0 123 1 0 0 0 0 0 1589 1 1 0 0 0 0 0 1 0 105 0 109 0 0 110 0 103 116 4 0 3 0 0 112 0 1 0 86 0 0 105 0 0 88 108 1 0 102 3 0 1663 0 2 0 1832 1663 0 3 147 114 0 0 0 0 106 125 109 0 0 22 0 0 116 0 4 0 1 0 0 0 0 0 326 114 0 0 2 0 4 1 0 0 1 0 0 0 0 1 1 0 0 2 1 1 0 0 108 0 0 2 0 17 1 0 88 0 0 -1 0 0 0 116 1 103 17 2 1619 0 24 108 0 0 0 0 222 0 96 5 0 0 0 116 1 98 0 126 1 0 103 0 -1 128 120 3 0 101 31 108 0 0 0 0 90 3 0 0 208 -1 0 0 117 0 0 3 0 0 0 0 1 0 113 0 131 101 0 0 -1 101 0 93 110 0 0 0 0 109 112 0 0 0 0 0 89 1822 111 30 1 1 3 111 3 0 0 0 2 1851 96 0 0 100 0 0 106 10 0 0 0 106 0 0 0 219 28 0 119 0 0 0 0 1 105 1 4 1 0 0 0 1 0 0 116 0 0 0 104 99 0 0 3 1 0 21 100 0 103 190 0 2 0 0 0 25 20 0 16 0 23 0 1 0 0 0 0 0 0 98 1 0 96 2 0 0 0 19 0 0 101 0 110 0 102 1 0 0 0 0 95 1851 99 6 1765 0 3 221 0 0 0 118 0 0 0 0 0 101 111 89 0 0 0 0 1 0 0 15 0 0 23 108 0 2 2 0 0 0 3 0 -1 3 0 0 0 0 0 0 107 3 0 0 0 109 2 0 1663 0 24 0 0 0 0 0 5 0 1637 0 102 1 2 0 106 110 0 128 239 -1 2 0 0 99 0 110 103 20 0 2 0 103 108 0 105 103 0 2 110 116 114 0 0 0 103 22 0 254 2 0 0 115 0 0 1 -1 0 0 0 2 1 0 0 0 22 0 106 1879 0 0 89 105 0 2 1 0 0 0 0 0 109 0 0 0 1 0 0 0 0 102 28 0 118 0 0 0 1 0 0 2 4 0 2 0 0 108 0 0 0 0 0 129 4 114 0 96 113 0 1640 0 0 0 0 0 0 99 0 0 0 0 2 0 0 0 1646 0 107 0 2 110 0 0 0 0 1 0 16 0 0 0 124 0 1 0 0 0 0 2 2 0 0 89 0 2 0 0 0 1 1 0 0 0 95 108 209 0 0 0 86 117 246 0 1 111 3 0 4 91 0 4 0 0 0 -1 0 4 20 0 21 0 111 148 2 0 0 1852 0 1 0 0 113 1 1 0 129 0 0 0 233 99 90 110 1 108 0 1923 21 1 1 0 0 0 0 0 19 128 0 0 0 5 0 0 107 0 2 0 0 99 1 0 1651 96 -1 0 1 0 3 0 0 0 0 0 114 2 2 0 0 3 0 0 0 99 92 105 0 129 0 0 18 0 0 0 0 113 12 113 0 0 2 94 1825 0 -1 0 114 0 0 0 0 113 0 0 135 1851 1 0 0 0 86 0 0 0 1 0 0 107 1663 4 0 1 0 1640 105 0 0 220 -1 0 0 0 103 0 108 0 0 123 1 0 0 2 0 0 1 0 0 0 0 0 0 0 0 103 2 2 100 87 0 0 0 1 0 0 0 0 128 0 1 0 1 3 107 93 4 109 0 0 0 220 0 2 0 0 0 101 101 0 4 0 0 0 132 0 -1 0 0 1 96 0 0 0 1 0 0 105 120 4 0 117 0 0 99 1 0 0 21 0 0 0 0 0 0 -1 111 2 228 0 0 2 0 0 0 0 0 0 0 0 217 0 1851 131 25 0 0 0 0 0 0 0 0 0 0 -1 0 0 0 1 86 0 0 109 108 98 28 103 97 0 98 1 119 0 0 -1 111 5 22 0 2 2 0 0 89 0 0 0 0 0 0 0 111 0 1 0 0 205 -1 0 1851 0 107 0 0 106 0 0 0 1 1 0 0 3 100 0 123 0 3 1 0 0 17 0 0 103 0 0 1964 240 114 1 0 0 1 0 2 0 99 0 0 100 103 0 100 101 1851 0 0 22 0 0 0 3 0 2 2 0 0 111 0 103 0 0 2 103 0 94 3 135 108 0 126 1 0 3 0 0 0 110 -1 0 115 0 0 108 0 0 0 96 
0 0 0 115 0 0 0 0 5 0 0 0 0 99 25 0 124 0 0 0 0 1 123 236 100 0 0 111 0 2 0 0 0 0 2 2 1 0 0 127 1 0 0 0 0 0 1759 1 4 0 2 0 0 0 1 0 117 0 106 0 0 106 0 110 107 2 0 3 0 0 114 0 0 2 108 0 1 115 0 0 131 111 1 0 116 0 0 1847 0 0 0 2005 1847 0 2 123 116 0 0 0 1 118 132 119 0 0 28 0 0 123 0 2 0 1 0 0 0 0 0 353 114 0 0 1 0 4 2 0 1 2 0 0 0 0 1 2 0 0 2 1 3 0 0 120 0 0 6 2 26 1 0 124 0 0 -1 1 0 0 121 1 112 20 1 1791 0 26 109 0 0 0 0 220 0 110 1 0 0 0 141 1 111 0 129 2 0 135 0 -1 110 127 4 2 97 26 99 0 0 0 0 133 0 0 0 226 -1 0 0 113 0 0 3 0 0 0 0 4 0 124 0 133 104 0 0 -1 104 1 119 114 0 1 0 0 95 115 2 0 0 0 0 112 1985 103 26 0 1 5 109 2 0 0 0 2 2025 139 0 0 97 2 0 90 25 0 0 0 115 0 0 0 227 40 0 113 0 0 0 1 2 124 2 0 2 0 0 0 0 0 0 105 0 0 0 118 96 0 0 2 2 0 25 110 0 109 232 0 3 0 0 0 32 29 0 19 0 21 0 1 0 0 0 0 0 1 108 0 0 111 1 1 0 0 26 0 0 94 3 133 0 109 1 0 0 0 0 121 2025 105 2 1919 0 0 231 0 0 0 109 0 0 0 0 0 114 113 112 0 0 0 0 1 0 0 28 0 0 27 117 0 4 2 0 0 0 4 0 -1 0 0 0 0 0 0 0 117 4 0 0 0 119 2 0 1847 1 27 3 0 0 0 0 0 0 1833 0 96 0 1 1 125 112 0 139 239 -1 0 0 0 126 1 125 106 22 0 3 0 114 107 0 113 108 1 1 121 141 105 0 0 0 131 28 1 219 4 0 0 104 0 0 0 -1 0 3 0 2 0 0 0 1 23 0 113 2030 0 0 124 108 0 3 4 0 0 0 0 0 107 0 0 1 1 0 1 0 0 125 40 1 110 0 0 0 0 0 0 0 2 0 0 0 0 112 0 0 0 0 0 113 2 131 0 112 126 0 1819 0 0 0 0 0 0 126 0 0 0 0 4 0 0 0 1829 0 115 0 2 107 0 0 0 0 1 0 24 0 0 0 133 0 0 0 0 0 0 0 3 0 0 131 0 2 0 0 0 1 3 0 0 0 121 115 215 0 0 0 109 123 238 0 0 139 4 0 4 127 0 7 0 3 0 -1 0 0 35 0 29 0 124 126 0 0 0 2026 0 5 0 0 118 2 0 0 112 0 0 0 246 127 100 129 1 112 0 2094 26 0 1 1 0 1 0 0 23 135 0 0 0 3 0 0 120 0 4 0 0 125 1 0 1828 121 -1 0 0 0 1 0 0 0 0 0 120 2 0 0 0 1 0 0 0 137 126 114 0 136 0 0 25 1 0 0 0 103 27 120 0 0 2 120 2000 0 -1 0 106 0 0 0 0 99 0 0 143 2025 1 0 0 0 111 0 0 0 2 0 0 120 1847 1 0 0 0 1818 124 0 0 236 -1 0 0 0 135 0 119 0 0 131 1 0 0 2 0 0 0 0 0 0 0 0 0 5 0 99 1 5 114 125 0 0 0 0 0 0 0 0 135 0 2 0 1 2 110 123 4 120 0 0 0 249 0 0 0 0 0 128 116 0 4 0 0 0 134 0 -1 0 0 1 110 0 0 0 0 0 0 117 123 2 0 110 0 0 122 1 0 0 20 0 0 0 0 0 0 -1 111 0 207 0 0 2 0 0 0 0 1 0 0 0 201 0 2025 133 23 0 0 0 2 0 3 0 0 0 0 -1 0 0 0 0 115 0 0 104 119 114 29 100 106 0 95 2 112 2 0 -1 139 3 28 0 1 0 0 0 113 0 0 0 0 0 0 0 119 0 1 0 0 239 -1 0 2025 0 116 0 0 118 0 0 0 1 2 0 0 1 93 1 127 0 0 4 0 0 25 0 0 110 1 0 2146 224 131 1 0 0 2 0 2 0 127 0 0 97 95 0 119 107 2025 0 0 26 0 0 0 0 2 1 0 0 0 139 0 99 0 0 0 113 0 119 3 120 126 0 140 1 0 0 0 0 0 106 -1 0 115 0 0 119 0 0 0 123 
1 0 0 128 1 0 0 1 1 0 0 0 0 145 22 0 145 0 0 0 0 2 114 261 123 0 0 117 0 2 0 0 0 0 1 1 1 0 0 125 3 0 0 0 0 0 2010 1 0 0 0 0 0 0 1 0 107 0 132 0 0 126 0 127 131 2 0 2 0 0 123 0 0 1 125 0 1 125 0 0 130 130 2 0 106 1 0 2097 0 1 0 2171 2097 0 1 111 141 0 0 0 1 125 128 139 0 0 28 0 0 114 0 4 0 1 0 0 0 0 0 366 132 0 0 1 0 1 2 0 2 1 0 0 0 0 1 1 0 0 1 1 2 0 1 115 0 0 5 2 34 1 0 121 1 0 -1 0 0 0 121 2 106 24 0 2037 0 26 126 0 0 0 0 256 0 121 1 0 0 0 134 1 117 0 129 4 0 130 0 -1 143 135 1 0 136 23 137 0 0 0 0 132 2 0 0 251 -1 0 0 137 0 0 3 0 0 0 0 2 0 115 0 158 136 0 0 -1 136 0 134 142 0 2 0 0 133 144 4 0 0 0 0 126 2167 129 28 0 3 6 129 2 0 0 0 1 2193 127 0 0 135 0 0 133 20 0 0 1 128 1 0 0 239 26 0 130 0 0 0 1 2 135 1 3 2 0 0 0 0 0 0 132 0 0 0 136 140 0 0 2 0 0 38 144 0 125 277 0 1 0 0 0 20 26 0 24 0 28 0 2 0 0 1 0 0 1 142 0 0 123 2 1 0 0 31 0 0 125 1 159 0 161 3 0 0 0 0 129 2193 158 5 2086 0 3 277 0 0 0 147 0 0 0 0 0 105 122 124 0 0 0 0 1 0 0 20 0 0 23 117 0 2 4 0 0 0 3 0 -1 0 0 0 0 0 0 0 109 4 0 0 0 142 5 0 2097 2 23 0 0 0 0 1 0 0 2068 0 136 1 1 0 113 141 0 156 255 -1 0 0 0 128 1 134 129 33 0 4 0 128 128 0 140 138 1 2 123 134 138 0 0 2 125 32 2 255 3 0 0 131 0 0 0 -1 0 1 0 2 1 0 0 2 26 0 127 2237 0 0 129 129 0 3 4 0 0 0 0 0 131 0 0 0 0 0 0 0 0 131 26 2 120 2 0 0 1 0 0 1 4 0 2 0 0 137 0 0 0 0 0 143 2 107 0 123 117 0 2068 0 1 0 0 0 0 131 0 0 0 0 2 0 0 0 2076 0 137 0 2 121 0 0 0 0 2 0 26 0 0 0 140 0 0 0 0 0 0 4 1 0 0 129 0 0 0 0 0 1 0 0 0 0 129 116 297 0 0 0 122 115 275 0 4 133 1 0 5 132 0 2 0 2 0 -1 0 1 32 0 32 0 132 112 1 0 0 2194 0 1 0 0 111 7 3 0 139 0 0 0 280 126 147 118 1 142 0 2309 32 1 1 1 0 2 0 0 21 133 0 0 0 0 0 0 119 0 0 0 0 124 1 0 2076 119 -1 0 0 0 3 0 0 0 0 0 138 1 1 0 0 0 0 0 0 138 132 127 0 134 0 0 31 3 0 0 0 131 34 117 0 0 2 120 2170 0 -1 0 123 0 1 3 0 130 0 0 145 2193 4 0 0 0 123 0 0 0 1 0 0 112 2097 3 0 0 0 2077 134 0 0 288 -1 0 0 0 130 1 118 0 0 129 2 0 0 1 0 0 0 0 0 0 0 1 0 5 0 137 2 5 152 126 0 0 0 0 0 0 0 0 133 0 3 0 1 3 144 129 0 122 0 0 0 296 0 1 0 0 0 127 105 0 1 0 0 0 159 0 -1 0 0 0 122 0 0 0 1 0 0 132 128 1 0 132 0 0 127 1 0 0 23 0 0 0 0 0 0 -1 127 1 282 0 0 1 0 0 0 0 1 0 0 0 249 0 2193 158 17 0 0 0 1 0 2 0 0 0 0 -1 0 0 0 1 134 0 0 143 119 118 26 134 138 0 134 1 132 4 0 -1 133 3 28 0 0 1 0 0 138 0 0 0 0 0 0 0 115 0 2 0 0 264 -1 1 2193 0 129 0 0 108 0 0 0 1 3 1 0 2 138 3 125 0 3 2 0 1 26 0 0 141 2 0 2332 238 107 1 0 0 0 0 1 0 126 0 0 141 126 0 128 136 2193 0 0 28 0 0 0 1 1 2 3 0 0 133 0 137 0 0 1 123 0 126 2 124 114 0 131 1 0 2 0 0 0 133 -1 0 133 0 0 119 0 0 0 123 
0 0 0 242 2 0 0 2 3 0 0 0 0 235 51 0 227 0 0 0 0 3 240 481 234 0 0 236 0 8 0 0 0 0 2 3 6 0 0 237 1 0 0 0 0 0 3622 2 6 0 2 0 0 0 1 0 236 0 199 0 0 211 0 268 252 1 0 0 0 0 241 0 0 5 241 0 4 241 0 0 230 276 5 0 208 1 0 3812 0 2 0 3943 3812 0 2 242 235 0 0 0 1 248 219 242 0 0 54 0 0 240 0 3 0 1 0 0 0 0 0 695 263 0 0 4 0 11 1 0 6 5 0 0 0 0 3 2 0 0 2 1 5 0 5 215 0 0 8 3 46 1 0 203 4 0 -1 1 0 0 232 1 232 52 0 3703 0 44 209 0 1 0 0 443 0 256 1 0 0 0 243 1 236 0 216 5 0 202 0 -1 241 229 1 2 215 57 222 0 0 0 0 232 5 0 0 435 -1 0 0 219 0 0 5 0 0 0 0 3 0 219 0 251 229 0 1 -1 229 0 228 238 0 0 0 0 262 241 1 0 0 0 4 244 3935 247 43 4 2 7 214 2 0 0 0 2 3995 204 0 0 216 4 0 259 49 0 0 0 242 0 0 0 429 60 0 226 0 0 0 2 3 254 0 4 4 0 0 0 0 0 0 242 0 0 0 242 229 0 0 1 5 1 48 258 0 234 449 0 4 0 0 0 52 39 0 47 0 42 0 0 0 0 0 0 0 1 255 5 0 260 2 1 0 0 33 1 0 230 4 240 0 243 2 0 0 3 0 226 3995 239 11 3811 0 6 454 0 0 0 211 0 0 0 0 0 233 240 219 0 0 0 0 4 0 0 41 0 0 52 218 0 5 2 0 0 0 2 0 -1 2 0 0 0 0 0 0 214 1 0 0 0 221 2 0 3812 3 53 2 0 0 0 0 3 0 3760 0 221 3 2 0 255 228 0 288 447 -1 4 0 0 238 1 237 267 48 0 5 0 239 212 0 244 269 0 3 240 243 244 0 0 0 198 56 3 467 4 0 0 241 0 1 6 -1 0 4 0 3 1 0 0 1 43 0 242 4079 0 1 258 235 0 1 9 0 0 0 0 0 207 0 0 1 4 0 0 0 0 260 60 5 216 3 0 0 0 0 0 3 3 0 5 0 0 237 0 0 0 0 0 242 5 219 0 260 223 0 3776 0 0 0 0 0 0 259 0 0 0 0 4 0 0 0 3763 0 214 0 2 232 0 0 0 0 5 0 55 0 0 0 271 0 0 0 0 0 0 1 10 0 0 230 0 7 0 0 0 2 3 0 0 0 226 221 452 0 1 0 233 241 467 0 4 234 2 0 3 275 0 4 0 1 0 -1 0 3 57 0 48 0 233 245 3 0 0 3996 0 5 0 0 231 1 4 0 237 0 0 0 495 217 240 264 1 226 0 4191 46 3 1 2 0 7 0 0 48 226 0 0 0 2 0 0 224 0 3 0 0 233 4 0 3768 239 -1 0 0 0 1 0 0 0 0 0 245 2 1 0 0 4 0 0 0 212 268 240 0 227 0 0 54 3 0 0 0 239 51 229 0 0 1 230 3940 0 -1 0 211 0 0 2 0 230 0 0 305 3995 6 0 0 0 236 0 0 0 3 0 0 251 3812 3 0 2 0 3744 250 0 0 467 -1 0 0 0 202 6 222 0 0 218 4 0 0 3 0 0 2 0 0 0 0 0 0 2 0 223 4 14 225 227 0 0 0 0 0 0 0 0 226 0 2 0 1 4 237 255 0 239 0 0 0 493 0 2 0 0 0 261 236 0 2 0 0 0 252 0 -1 0 0 3 257 0 0 0 5 0 0 236 203 1 0 254 0 0 237 1 0 0 48 0 0 0 0 0 0 -1 220 1 471 0 0 3 0 0 0 0 5 0 0 0 446 0 3995 251 46 0 0 0 1 0 4 0 0 0 0 -1 0 0 0 3 232 0 0 225 224 234 54 222 226 0 224 1 225 2 0 -1 234 4 54 0 3 3 0 0 236 0 0 0 0 0 0 0 227 0 4 0 0 470 -1 3 3995 0 243 0 0 239 0 0 0 6 1 0 0 3 223 4 237 0 4 5 0 0 56 0 0 258 1 0 4242 469 219 1 0 0 5 0 3 0 217 0 0 230 235 0 237 264 3995 0 0 37 0 0 0 5 4 8 3 0 0 234 0 223 0 0 2 236 0 223 2 242 260 0 226 1 0 3 0 0 0 202 -1 0 264 0 1 224 0 0 0 230 
0 0 0 94 0 0 0 1 0 0 0 0 0 89 23 0 79 0 0 0 0 0 105 186 99 0 0 86 0 2 0 0 0 0 0 0 2 0 0 91 1 0 0 0 0 0 1432 2 1 0 1 0 0 0 1 0 81 0 94 0 0 91 0 92 95 1 0 3 0 0 103 0 1 0 81 0 2 93 0 0 79 93 0 0 92 0 0 1493 0 3 0 1634 1493 0 0 82 91 0 0 0 0 98 96 86 0 0 22 0 0 105 0 0 0 1 0 0 0 0 0 294 101 0 0 2 0 0 3 0 1 2 0 0 0 0 0 1 0 0 1 1 3 0 1 95 0 0 4 1 21 1 0 94 1 0 -1 0 0 0 88 1 79 15 0 1443 0 18 89 0 0 0 0 199 0 99 1 0 0 0 107 1 86 0 99 0 0 78 0 -1 79 108 1 1 95 19 104 0 0 0 0 80 0 0 0 183 -1 0 0 97 0 0 2 0 0 0 0 2 0 92 0 90 92 0 0 -1 92 0 105 105 0 2 0 0 94 107 0 0 0 0 2 83 1622 91 15 0 2 3 90 0 0 0 0 0 1650 81 0 0 94 0 0 88 20 0 0 0 94 0 0 0 186 26 0 87 0 0 0 1 0 105 1 0 1 0 0 0 0 0 0 103 0 0 1 101 83 0 0 0 1 0 17 91 0 91 166 0 3 0 0 0 14 23 0 12 0 15 0 2 0 0 0 0 0 0 89 3 0 100 0 1 0 0 17 1 0 107 0 105 0 86 2 0 0 2 0 95 1650 84 6 1562 0 0 178 1 0 0 72 0 0 0 0 0 80 102 109 0 0 0 0 2 0 0 11 0 0 16 96 0 0 0 0 0 0 3 0 -1 1 0 0 0 0 0 0 95 0 0 0 0 83 3 0 1493 2 16 0 0 0 0 1 3 0 1469 0 95 3 2 0 104 90 0 116 197 -1 0 0 0 83 1 103 90 18 0 0 0 92 90 0 98 102 3 5 90 107 101 0 0 0 77 17 1 171 1 0 0 102 0 0 1 -1 0 2 0 0 1 0 0 1 15 0 94 1692 0 1 94 82 0 4 3 0 0 1 0 0 90 0 0 0 0 0 0 0 0 101 26 3 88 3 0 0 0 0 0 0 1 0 1 0 0 105 0 0 0 0 0 81 1 106 0 101 95 0 1473 0 0 0 0 0 0 101 0 0 0 0 1 0 0 0 1471 0 78 0 0 107 0 0 0 0 1 0 29 0 0 0 109 0 0 0 0 0 0 0 1 0 0 74 0 0 0 0 0 0 2 0 0 0 95 96 169 0 0 0 82 107 184 0 1 86 0 0 4 97 0 3 0 1 0 -1 0 0 21 0 22 0 102 85 1 0 0 1651 0 2 0 0 102 2 0 0 79 0 0 0 183 101 90 107 1 106 0 1714 26 2 1 1 0 3 0 0 15 99 0 0 0 1 0 0 96 0 2 0 0 83 1 0 1481 91 -1 0 0 0 3 0 0 0 0 0 96 1 0 0 0 3 1 0 0 84 100 94 0 100 0 0 18 1 0 0 0 101 23 100 0 0 0 90 1622 0 -1 0 77 0 0 0 0 97 0 0 133 1650 1 0 0 0 79 0 0 0 2 0 0 101 1493 1 0 2 0 1473 106 0 0 176 -1 0 0 0 78 2 94 0 0 97 0 0 0 1 0 0 1 0 0 0 0 0 0 1 0 95 1 5 74 77 0 0 0 0 0 0 0 0 99 0 2 0 1 1 103 100 0 89 0 0 0 189 0 5 0 0 0 100 78 0 0 0 0 0 91 0 -1 0 0 2 97 0 0 0 1 0 0 94 97 0 0 95 0 0 82 1 0 0 17 0 0 0 0 0 0 -1 83 1 162 0 0 0 0 0 0 0 0 0 0 1 188 0 1650 90 22 0 0 0 0 0 2 0 0 0 0 -1 0 0 0 2 94 0 0 93 96 88 16 88 90 0 79 0 88 3 0 -1 86 0 22 0 2 1 0 0 96 0 0 0 0 0 0 0 98 0 2 0 0 197 -1 0 1650 0 95 0 0 82 0 0 0 1 0 0 0 1 83 0 91 0 2 2 0 0 29 0 0 91 0 0 1746 191 106 1 0 0 3 0 3 0 101 0 0 84 110 0 103 102 1650 0 0 14 0 0 0 1 2 1 2 0 0 86 0 95 0 0 0 91 0 112 1 94 106 0 101 1 0 3 0 0 0 96 -1 0 102 0 2 96 0 0 0 80 
1 0 0 97 3 0 0 1 4 0 0 0 0 101 24 0 84 0 0 0 0 2 104 170 97 0 0 105 0 1 0 0 0 0 1 1 1 0 0 93 3 0 0 0 0 0 1526 2 0 1 2 0 0 0 1 0 94 0 103 0 0 85 0 82 107 0 0 2 0 0 110 0 0 1 99 0 2 94 0 0 91 79 0 0 95 2 0 1617 0 2 0 1601 1617 0 0 87 86 0 0 0 0 95 98 92 0 0 22 0 0 104 0 0 0 0 0 0 0 0 0 272 92 0 0 4 0 3 2 0 1 0 0 0 0 0 1 0 0 0 1 1 3 0 3 98 0 0 1 1 26 1 0 93 2 0 -1 0 0 0 89 2 92 20 0 1572 0 25 87 0 0 0 0 213 0 103 1 0 0 0 108 3 105 0 96 0 0 96 0 -1 84 107 0 2 87 19 85 0 0 0 0 95 3 0 0 167 -1 0 0 104 0 0 1 0 0 0 0 3 0 70 0 88 107 0 0 -1 107 0 84 96 0 2 0 0 91 99 2 0 0 0 1 102 1590 105 16 1 1 3 89 1 0 0 0 2 1619 90 0 0 89 1 0 92 19 0 0 1 97 0 0 0 188 29 0 106 0 0 0 0 4 112 0 1 0 0 0 0 1 0 0 100 0 0 0 109 107 0 0 2 3 1 17 98 0 95 203 0 1 0 0 0 13 32 0 23 0 18 0 1 0 0 0 0 0 0 96 2 0 106 2 0 0 0 23 0 0 107 0 102 0 104 2 0 0 3 0 96 1619 103 7 1526 0 1 198 0 0 0 107 0 0 0 0 0 92 109 88 0 0 0 0 3 0 0 19 0 0 23 92 0 0 4 0 0 0 5 0 -1 1 0 0 0 0 0 0 98 1 0 0 0 100 1 0 1617 3 23 2 0 0 0 0 0 0 1590 0 89 1 1 1 102 85 0 105 211 -1 0 0 0 108 1 88 74 17 0 2 0 96 102 0 95 89 1 3 92 108 99 0 0 0 91 16 2 173 0 0 0 99 0 0 2 -1 0 3 0 3 1 0 0 4 15 0 93 1681 0 0 94 86 0 1 3 0 0 0 0 0 87 0 0 1 2 0 0 0 0 89 29 0 96 0 0 0 0 0 0 0 3 0 0 0 0 97 0 0 0 0 0 85 1 89 0 107 72 0 1596 0 0 0 0 0 0 90 0 0 0 0 0 0 0 0 1595 0 96 0 0 93 0 0 0 0 1 0 20 0 0 0 110 0 0 0 0 0 0 2 2 0 0 93 0 0 0 0 0 2 2 0 1 0 96 86 180 0 0 0 101 106 192 0 1 107 1 0 4 98 0 2 0 2 0 -1 0 0 23 0 21 0 85 90 0 0 0 1620 0 6 0 0 101 0 4 0 81 0 0 0 180 98 103 107 1 99 0 1684 14 0 1 0 0 2 0 0 19 102 0 0 0 1 0 0 92 0 0 0 0 107 1 0 1595 102 -1 0 0 0 2 0 0 0 0 0 104 4 1 1 0 0 0 0 0 93 98 96 0 103 0 0 24 0 0 0 0 94 18 89 0 0 1 99 1603 0 -1 0 108 0 0 1 0 96 0 0 123 1619 0 0 0 0 97 0 0 0 2 0 0 102 1617 1 0 2 0 1603 113 0 0 217 -1 0 0 0 96 1 91 0 0 99 3 0 0 1 0 0 1 0 0 0 0 0 0 0 0 90 1 5 93 92 0 0 0 0 0 0 0 0 102 0 0 0 1 2 98 90 0 91 0 0 0 189 0 2 0 0 0 91 91 0 2 0 0 0 89 0 -1 0 0 0 104 0 0 0 3 0 0 102 84 4 0 109 0 0 107 1 0 0 18 0 0 0 0 0 0 -1 102 2 195 0 0 1 0 0 0 0 1 0 0 0 179 0 1619 88 15 0 0 0 2 0 3 0 0 0 0 -1 0 0 0 2 97 0 0 86 93 102 25 92 91 0 102 0 102 1 0 -1 107 0 21 0 1 2 0 0 100 0 0 0 0 0 0 0 89 0 1 0 0 187 -1 3 1619 0 98 0 0 95 0 0 0 2 1 0 0 2 108 0 93 0 4 2 0 0 20 0 0 99 0 0 1722 201 89 1 0 0 3 0 3 0 98 0 0 108 107 0 106 87 1619 0 0 19 0 0 0 3 2 2 4 0 0 107 0 90 0 0 2 94 0 92 2 100 106 0 104 1 0 1 0 0 0 103 -1 0 93 0 1 93 0 0 0 104 
0 0 0 197 2 0 0 2 2 0 0 0 0 184 46 0 170 0 0 0 0 7 216 404 192 0 0 203 0 5 0 0 0 0 2 1 2 0 0 217 0 0 0 0 0 0 2993 7 1 0 4 0 0 0 1 0 199 0 167 0 0 191 0 190 190 3 0 3 0 0 200 0 1 2 210 0 5 194 0 0 189 191 2 0 205 3 0 3139 0 1 0 3350 3139 0 1 224 205 0 0 0 0 190 197 181 0 0 50 0 0 216 0 1 0 2 0 0 0 0 0 592 202 0 0 3 0 5 5 0 5 4 1 0 0 0 4 4 0 0 4 1 5 0 3 207 0 0 7 3 46 1 0 190 2 0 -1 1 0 0 193 3 195 49 0 3033 0 48 194 0 1 0 0 371 0 203 5 0 0 0 167 7 203 0 193 1 0 199 0 -1 181 193 3 3 188 36 198 0 0 0 0 193 0 0 0 383 -1 0 0 175 0 0 5 0 0 0 0 4 0 195 0 178 213 0 0 -1 213 0 179 214 0 5 0 0 173 216 2 0 0 0 6 212 3347 183 30 5 4 8 197 1 0 0 0 6 3398 190 0 0 183 3 0 169 53 0 0 2 197 0 0 0 407 51 0 198 0 0 0 0 5 188 1 3 5 0 0 0 1 0 0 199 0 0 1 178 192 0 0 5 2 1 43 204 0 191 381 0 4 0 0 0 53 45 0 36 0 50 0 1 0 0 2 0 0 0 201 2 0 206 4 2 0 0 48 0 1 196 2 203 0 199 2 0 0 0 0 203 3398 195 4 3244 0 2 384 1 0 0 190 0 0 0 0 0 198 199 194 0 0 0 0 3 0 0 30 0 0 46 215 0 7 3 0 0 0 4 0 -1 0 0 0 0 0 0 0 209 1 1 0 0 212 2 0 3139 2 46 1 0 0 0 0 5 0 3109 0 186 2 6 0 189 206 0 232 386 -1 4 0 0 198 0 204 182 49 0 0 0 196 166 0 197 194 2 6 213 167 200 0 0 0 193 31 2 386 3 0 0 198 0 0 5 -1 0 6 0 4 1 0 0 3 30 0 191 3482 0 0 187 169 0 2 4 0 0 0 0 0 201 0 0 1 1 0 0 0 0 184 51 4 188 6 0 0 1 0 0 2 2 0 4 0 0 210 0 0 0 0 0 185 1 212 0 203 200 0 3098 0 0 0 0 0 0 180 0 0 0 0 4 0 0 0 3105 0 202 0 3 185 0 0 0 0 4 0 38 0 0 0 250 0 0 0 0 0 0 2 4 0 0 190 0 1 0 0 0 0 1 0 0 0 203 183 337 0 3 0 208 214 377 0 3 213 2 0 4 192 0 3 0 2 0 -1 0 5 42 0 41 0 201 225 2 0 0 3399 0 5 0 0 210 0 2 0 182 0 0 0 365 203 188 197 1 207 0 3548 35 4 1 2 0 1 0 0 30 203 0 0 0 3 0 0 210 0 3 0 0 195 5 0 3096 215 -1 0 0 0 1 0 0 0 0 0 211 3 0 0 0 3 0 0 0 197 190 197 0 204 0 0 36 3 0 0 0 196 50 188 0 0 5 215 3353 0 -1 0 208 0 2 2 0 193 0 0 236 3398 3 0 0 0 207 0 0 0 4 0 0 188 3139 0 0 1 0 3101 184 0 0 380 -1 0 0 0 199 2 218 0 0 197 4 0 0 3 0 0 5 0 0 0 0 3 0 1 0 189 5 7 172 189 0 0 0 0 0 0 0 0 203 0 4 0 1 4 212 174 2 212 0 0 0 373 0 3 0 0 0 181 192 0 8 0 0 0 179 0 -1 0 0 0 204 0 0 0 1 0 0 208 194 1 0 192 0 0 197 1 0 0 49 0 0 0 0 0 0 -1 191 1 374 0 0 2 0 0 0 0 0 0 0 1 384 0 3398 178 43 0 0 0 1 0 3 0 0 0 0 -1 0 0 0 1 186 0 0 162 217 204 39 197 192 0 187 1 195 4 0 -1 213 2 50 0 1 2 0 0 197 0 0 0 0 0 0 0 185 0 9 0 0 384 -1 5 3398 0 198 0 0 203 0 0 0 2 2 2 0 2 191 2 217 0 2 4 0 0 37 0 0 203 1 0 3612 397 212 1 0 0 1 0 4 0 203 0 0 193 198 0 182 193 3398 0 0 44 0 0 0 2 4 2 2 0 0 213 0 189 0 0 3 195 0 198 3 212 193 0 203 2 0 4 0 0 0 171 -1 0 203 0 1 217 0 0 0 192 
0 0 0 192 4 0 0 4 3 0 0 0 0 214 42 0 201 0 0 0 0 1 170 361 194 0 0 209 0 4 0 0 0 0 3 5 7 0 0 214 2 0 0 0 0 0 2763 3 4 0 3 0 0 0 1 0 179 0 196 0 0 182 0 176 210 1 0 2 0 0 189 0 2 1 210 0 3 187 0 0 163 182 5 0 168 2 0 2934 0 4 0 3171 2934 0 3 200 186 0 0 0 0 194 202 192 0 0 44 0 0 170 0 2 0 0 0 0 0 0 0 549 159 0 0 4 0 6 2 0 7 4 0 0 0 0 3 1 0 0 4 1 2 0 3 175 0 0 4 1 37 1 0 158 2 0 -1 0 0 0 182 3 174 24 0 2862 0 48 178 0 1 0 0 386 0 152 3 0 0 0 187 3 209 0 200 2 0 202 0 -1 180 185 1 2 183 37 173 0 0 0 0 166 1 0 0 352 -1 0 0 210 0 0 4 0 0 0 0 2 0 173 0 213 173 0 0 -1 173 0 191 165 0 2 0 0 173 168 0 0 0 0 7 214 3158 202 33 1 8 8 181 1 0 0 0 2 3205 158 0 0 174 3 0 167 44 0 0 0 192 0 0 0 355 46 0 206 0 0 0 0 4 177 2 3 2 0 0 0 1 0 0 201 0 0 0 170 172 0 0 2 3 0 52 188 0 185 401 0 3 0 0 0 50 31 0 41 0 33 0 2 0 0 0 0 0 0 186 2 0 156 3 4 0 0 36 1 1 199 2 186 0 169 3 0 0 2 0 200 3205 168 4 3053 0 2 359 0 0 0 201 0 0 0 0 0 177 188 200 0 0 0 0 0 0 0 35 0 0 34 184 0 0 0 0 0 0 6 0 -1 1 0 0 0 0 0 0 173 3 0 0 0 190 1 0 2934 5 34 1 0 0 0 0 2 0 2901 0 180 2 3 1 167 181 0 209 379 -1 3 0 0 205 1 186 176 43 0 0 0 191 203 0 182 196 3 3 203 187 202 0 0 1 192 37 3 352 1 0 0 200 0 0 1 -1 0 4 0 2 0 0 0 3 29 0 186 3290 0 0 163 187 0 0 4 0 0 0 0 0 176 0 0 2 1 0 0 0 0 188 46 1 187 2 0 0 0 0 0 4 3 0 3 0 0 162 0 0 0 0 0 181 1 183 0 155 173 0 2893 0 0 0 0 0 0 187 0 0 0 0 4 0 0 0 2901 0 183 0 0 185 0 0 0 0 1 0 35 0 0 0 224 0 0 0 0 0 0 1 0 0 0 162 0 4 0 0 0 0 3 1 0 0 200 178 392 0 0 0 211 169 364 0 8 192 3 0 1 172 0 5 0 2 0 -1 0 3 35 0 30 0 185 203 2 0 0 3206 0 7 0 0 162 2 2 0 178 1 0 0 402 170 217 175 1 170 0 3342 34 4 1 2 0 3 0 0 34 207 0 0 0 4 0 0 193 0 2 0 0 199 3 0 2898 181 -1 0 0 0 2 0 0 0 0 0 182 2 2 0 0 2 3 0 0 164 171 190 0 208 0 0 41 2 0 0 0 200 38 186 0 0 3 183 3165 0 -1 0 155 0 0 2 0 197 0 0 219 3205 2 0 0 0 209 0 0 0 1 0 0 168 2934 3 0 7 0 2896 176 0 0 373 -1 0 0 0 202 3 187 0 0 200 3 0 0 0 0 0 4 0 0 0 0 1 0 2 0 182 4 4 203 160 0 0 0 0 0 0 0 0 207 0 2 0 1 5 162 178 5 202 0 0 0 418 0 2 0 0 0 185 170 0 4 0 0 0 214 0 -1 0 0 3 152 0 0 0 7 0 0 177 182 4 0 210 0 0 204 1 0 0 44 0 1 0 0 0 0 -1 196 3 353 0 0 0 0 0 0 0 4 0 0 1 364 0 3205 213 35 0 0 0 3 0 0 0 0 0 0 -1 0 0 0 2 198 0 0 185 189 204 36 175 175 0 161 4 204 4 0 -1 192 1 43 0 3 2 0 0 199 0 0 0 0 0 0 0 183 0 5 0 0 399 -1 5 3205 0 193 0 0 182 0 0 0 2 0 1 0 3 173 4 214 0 1 4 0 0 35 0 0 188 0 0 3389 359 183 1 0 0 0 0 1 0 170 0 0 173 198 0 168 187 3205 0 0 35 0 0 0 3 1 3 4 0 0 192 0 182 0 0 2 188 0 205 1 185 170 0 207 1 0 2 0 0 0 197 -1 0 160 0 4 189 0 0 0 202 
1 0 0 203 2 0 0 3 0 0 0 0 0 171 43 0 187 0 0 0 0 6 204 357 188 0 0 185 0 5 0 0 0 0 3 5 1 1 0 199 5 0 0 0 0 0 2919 3 3 0 1 0 0 0 1 0 201 0 174 0 0 176 0 197 166 3 0 1 0 0 205 0 1 0 190 0 1 200 0 0 182 199 2 0 167 2 0 3054 0 3 0 3278 3054 0 2 182 186 0 0 0 0 213 181 206 0 0 52 0 0 204 0 1 0 0 0 0 0 0 0 558 184 0 0 2 0 7 0 0 4 2 0 0 0 0 1 2 0 0 4 1 1 0 2 171 0 0 1 1 50 1 0 191 0 0 -1 0 0 0 207 3 196 40 0 2986 0 37 171 0 0 0 0 382 0 206 4 0 0 0 216 0 185 0 185 3 0 179 0 -1 201 150 4 2 184 54 172 0 0 0 0 185 5 0 0 377 -1 0 0 208 0 0 2 0 0 0 0 2 0 176 0 197 177 0 1 -1 177 1 208 182 0 3 0 0 189 184 3 0 0 0 2 195 3274 162 37 4 4 4 179 1 0 0 0 3 3314 186 0 0 179 3 0 183 44 0 0 0 203 1 0 0 353 39 0 216 0 0 0 0 4 186 1 0 0 0 0 0 0 0 0 190 0 0 0 180 183 0 0 3 3 0 36 174 0 200 350 0 6 0 0 0 35 34 0 43 0 47 0 2 0 0 2 0 0 1 172 1 0 207 1 4 0 0 40 2 0 182 1 222 0 199 5 0 0 3 0 193 3314 193 8 3189 0 3 377 0 0 0 181 0 0 0 0 0 194 204 183 0 0 0 0 4 0 0 43 0 0 39 189 0 5 4 0 0 0 4 0 -1 2 0 0 0 0 0 0 173 4 0 0 0 177 2 0 3054 4 39 0 0 0 0 0 3 0 3006 0 186 2 3 0 166 186 0 249 336 -1 1 0 0 217 0 212 187 43 0 3 0 201 202 0 189 195 2 2 189 216 189 0 0 0 176 40 1 367 4 0 0 189 0 0 1 -1 0 2 0 1 0 0 0 2 35 0 192 3357 0 1 173 202 0 6 4 0 0 0 0 0 173 0 0 0 0 0 0 0 0 204 39 2 185 2 0 0 0 0 0 2 6 0 2 0 0 177 0 0 0 0 0 202 1 195 0 206 183 0 3023 0 0 0 0 0 0 203 0 0 0 0 3 0 0 0 3010 0 171 0 2 195 0 0 0 0 3 0 31 0 0 0 217 0 0 0 0 0 0 1 1 0 0 184 0 3 0 0 0 3 1 0 1 0 193 192 372 0 1 0 191 206 346 0 0 195 3 0 7 176 0 5 0 6 0 -1 0 3 41 0 38 0 210 185 2 0 0 3315 0 9 0 0 197 4 0 0 199 0 0 0 408 199 173 175 1 176 0 3446 48 3 1 2 0 2 0 0 37 188 0 0 0 2 0 0 189 0 0 0 0 217 3 0 3018 190 -1 0 0 0 3 0 0 0 0 0 186 2 1 0 0 5 0 0 0 188 180 201 0 189 0 0 48 2 0 0 0 188 33 195 0 0 0 194 3263 0 -1 0 208 0 2 3 0 187 0 0 208 3314 6 0 0 0 187 0 0 0 2 0 0 166 3054 6 0 1 0 3013 187 0 0 375 -1 0 0 0 179 1 192 0 0 185 0 0 0 4 0 0 1 0 0 0 0 2 0 0 0 188 2 7 189 173 0 0 0 0 0 0 0 0 188 0 2 0 1 5 180 198 4 188 0 0 0 383 0 1 0 0 0 205 198 0 2 0 0 0 198 0 -1 0 0 1 204 0 0 0 3 0 0 188 201 1 0 170 0 0 214 1 0 0 33 0 0 0 0 0 0 -1 209 5 379 0 0 1 0 0 0 0 1 0 0 0 357 0 3314 197 45 0 0 0 4 0 1 0 0 0 0 -1 0 0 0 0 181 0 0 185 193 183 25 190 184 0 174 4 218 6 0 -1 195 1 52 0 2 4 0 0 187 0 0 0 0 0 0 0 191 0 7 0 0 397 -1 2 3314 0 204 0 0 202 0 0 0 1 5 0 0 3 180 0 199 0 3 10 0 0 31 0 0 173 2 0 3503 377 195 1 0 0 2 0 3 0 199 0 0 184 180 1 179 192 3314 0 0 52 0 0 0 2 0 2 0 0 0 195 0 188 0 0 2 200 0 189 1 182 170 0 190 1 0 2 0 0 0 177 -1 0 185 0 1 193 0 0 0 212 
0 0 0 103 3 0 0 3 2 0 0 0 0 115 20 0 111 0 0 0 0 0 109 220 126 0 0 126 0 3 0 0 0 0 2 0 2 0 0 117 2 0 0 0 0 0 1780 1 3 0 1 0 0 0 1 0 132 0 102 0 0 110 0 118 111 0 0 3 0 0 102 0 2 1 110 0 3 101 0 0 126 125 2 0 106 1 0 1887 0 1 0 1903 1887 0 1 119 104 0 0 0 1 124 109 118 0 0 27 0 0 109 0 2 0 1 1 0 0 0 0 322 109 0 0 3 0 2 0 0 1 1 0 0 0 0 2 0 0 0 2 1 4 0 2 114 0 0 6 1 29 1 0 112 1 0 -1 0 0 0 110 2 131 20 0 1847 0 25 109 0 0 0 0 209 0 124 2 0 0 0 116 2 126 0 104 0 0 129 0 -1 109 117 0 1 118 26 122 0 0 0 0 128 0 0 0 224 -1 0 0 112 0 0 3 0 0 0 0 1 0 113 0 118 89 0 0 -1 89 0 107 99 0 1 0 0 125 98 1 0 0 0 0 113 1897 110 28 4 0 5 111 1 0 0 0 3 1924 100 0 0 114 2 0 117 24 0 0 0 103 0 0 0 225 27 0 120 0 0 0 0 2 125 0 2 2 0 0 0 1 0 0 129 0 0 1 119 118 0 0 3 2 0 22 106 0 101 226 0 1 0 0 0 25 21 0 32 0 22 0 1 0 0 1 0 0 0 104 1 0 127 0 1 0 0 15 2 0 131 2 111 0 107 2 0 0 4 0 119 1924 105 5 1844 0 2 216 0 0 0 114 0 0 0 0 0 127 101 118 0 0 0 0 1 0 0 27 0 0 32 135 0 4 1 0 0 0 5 0 -1 1 0 0 0 0 0 0 113 1 0 0 0 119 2 0 1887 1 32 0 0 0 0 0 0 0 1867 0 118 1 1 1 112 103 0 147 227 -1 2 0 0 118 0 121 125 27 0 1 0 101 109 0 104 132 2 4 117 116 128 0 0 1 124 26 0 227 1 0 0 128 0 0 3 -1 0 2 0 2 0 0 0 1 23 0 101 1972 0 1 99 116 0 0 1 0 0 0 0 0 113 0 0 1 1 0 0 0 0 93 27 0 106 3 0 0 0 0 0 0 1 0 3 0 0 95 0 0 0 0 0 109 3 103 0 127 114 0 1860 0 0 0 0 0 0 91 0 0 0 0 1 0 0 0 1859 0 115 0 2 101 0 0 0 0 2 0 20 0 0 0 161 0 0 0 0 0 0 0 1 0 0 127 0 2 0 0 0 0 1 0 0 0 119 117 227 0 1 0 111 109 221 0 2 119 3 0 3 100 0 6 0 0 0 -1 0 0 22 0 26 0 119 120 1 0 0 1925 0 2 0 0 105 2 1 0 107 0 0 0 241 120 116 119 1 93 0 2002 20 1 1 1 0 0 0 0 21 114 0 0 0 2 0 0 141 0 1 0 0 117 2 0 1866 93 -1 0 0 0 0 0 0 0 0 0 120 1 0 0 0 3 0 0 0 107 100 102 0 115 0 0 18 1 0 0 0 122 13 120 0 0 2 93 1904 0 -1 0 109 0 1 0 0 125 0 0 150 1924 1 0 0 0 112 0 0 0 3 0 0 116 1887 0 0 4 0 1861 124 0 0 241 -1 0 0 0 129 3 139 0 0 112 2 0 0 1 0 0 2 0 0 0 0 0 0 2 0 119 2 3 112 121 0 0 0 0 0 0 0 0 114 0 2 0 1 6 96 90 0 116 0 0 0 248 0 1 0 0 0 94 132 0 3 0 0 0 119 0 -1 0 0 3 126 0 0 0 2 0 0 119 132 1 0 112 0 0 118 1 0 0 27 0 0 0 0 0 0 -1 122 3 227 0 0 0 0 0 0 0 1 0 0 0 231 0 1924 118 20 0 0 0 0 0 4 0 0 0 0 -1 0 0 0 2 129 0 0 110 139 127 25 123 103 0 109 1 122 2 0 -1 119 3 27 0 1 3 1 0 129 0 0 0 0 0 0 0 119 0 3 0 0 240 -1 0 1924 0 104 0 0 135 0 0 0 2 5 0 0 2 118 0 117 0 2 1 0 0 20 0 0 106 2 0 2046 214 103 1 0 0 1 0 0 0 120 0 0 119 133 0 120 129 1924 0 0 19 0 0 0 1 3 4 2 0 0 119 0 119 0 0 2 100 0 120 0 123 117 0 114 1 0 0 0 0 0 107 -1 0 110 1 0 139 0 0 0 112 
0 0 0 212 2 0 0 4 5 0 0 0 0 209 34 0 238 0 0 0 0 3 214 459 205 0 0 223 0 5 0 0 0 0 1 2 4 0 0 211 0 0 0 0 0 0 3194 3 3 0 1 0 0 0 1 0 215 0 212 0 0 219 0 192 243 1 0 0 0 0 215 0 2 0 214 0 4 209 0 0 195 201 2 0 218 4 0 3351 0 5 0 3725 3351 0 3 250 198 0 0 0 0 179 203 238 0 0 40 0 0 214 0 2 0 0 0 0 0 0 0 656 214 0 0 3 0 5 1 0 7 2 0 0 0 0 1 1 0 0 1 1 5 0 6 226 0 0 2 3 44 1 0 206 1 0 -1 3 0 0 202 0 207 42 0 3261 0 43 214 0 0 0 0 431 0 185 0 0 0 0 227 3 223 0 199 5 0 247 0 -1 206 209 8 3 171 49 204 0 0 0 0 199 0 0 0 439 -1 0 0 238 0 0 6 0 0 0 0 4 0 240 0 252 243 0 1 -1 243 0 217 219 0 2 0 1 205 220 3 0 0 0 2 225 3704 238 36 1 3 4 220 4 0 0 0 4 3763 196 0 0 176 2 0 197 53 0 0 0 212 0 0 0 447 58 0 214 0 0 0 1 5 232 2 1 2 0 0 0 2 1 0 211 0 0 2 225 227 0 0 2 5 1 44 217 0 207 422 0 2 0 0 0 39 43 0 38 0 26 0 4 0 0 4 0 0 0 215 1 0 190 3 3 0 0 37 0 0 200 4 208 0 230 2 0 0 5 0 192 3763 225 6 3566 0 2 422 0 0 0 176 0 0 0 0 0 212 214 206 0 0 0 0 1 0 0 45 0 0 37 217 0 10 2 0 0 0 6 0 -1 4 0 0 0 0 0 0 226 2 0 0 0 211 1 0 3351 0 37 2 0 0 0 0 3 0 3312 0 175 4 3 0 196 199 0 273 415 -1 2 0 0 235 1 243 190 45 0 3 0 209 227 0 220 215 2 4 221 227 208 0 0 0 240 52 4 402 1 0 0 210 0 0 3 -1 0 3 0 2 0 0 0 1 32 0 211 3803 0 0 213 232 0 3 5 0 0 0 0 0 219 0 0 0 1 0 0 0 0 195 58 4 206 3 0 0 1 0 0 3 3 0 1 0 0 216 0 0 0 0 0 211 0 216 0 188 242 0 3313 0 0 0 0 1 0 192 0 0 0 0 2 0 0 0 3315 0 197 0 4 214 0 0 0 0 5 0 55 0 0 0 259 0 1 0 0 0 0 3 4 0 0 197 0 1 0 0 0 4 5 0 0 0 192 226 438 0 1 0 221 213 414 0 4 221 1 0 5 215 0 9 0 2 0 -1 0 3 56 0 45 0 242 251 5 0 0 3764 0 11 0 0 208 3 1 0 208 0 0 0 429 218 212 204 1 211 0 3919 44 1 1 4 0 2 0 0 49 206 0 0 0 7 0 0 223 0 1 0 0 232 2 0 3303 204 -1 0 0 0 4 0 0 0 0 0 200 3 0 0 0 4 1 0 0 201 218 208 0 207 0 0 43 4 0 0 0 208 37 229 0 0 5 203 3719 0 -1 0 207 0 4 0 1 200 0 0 249 3763 3 0 3 0 223 0 0 0 1 0 0 196 3351 3 0 1 0 3304 231 0 0 414 -1 0 0 0 247 1 224 0 0 198 1 0 0 3 0 0 1 0 0 0 0 0 1 5 0 177 5 3 221 186 0 0 0 0 0 0 0 0 206 0 4 0 1 4 212 189 3 220 0 0 0 469 0 5 0 0 0 194 213 0 4 0 0 0 253 0 -1 0 1 3 189 0 0 0 5 0 0 196 207 2 0 249 0 0 231 1 0 0 39 0 0 0 0 0 0 -1 214 5 436 0 0 3 0 0 0 0 2 0 0 0 411 0 3763 252 44 0 0 0 7 0 1 0 0 0 0 -1 0 0 0 2 210 0 0 214 226 218 42 177 213 0 222 4 219 5 0 -1 221 0 40 0 2 3 0 0 214 0 0 0 0 0 0 0 226 0 6 0 0 458 -1 7 3763 0 213 0 0 220 0 0 0 1 5 0 0 2 227 2 211 1 3 6 0 0 55 0 1 219 0 0 3962 411 216 1 0 0 1 0 3 0 218 0 0 228 197 0 217 213 3763 0 0 43 0 0 0 3 4 4 2 0 0 221 0 177 0 0 4 208 0 213 2 214 202 0 207 1 0 1 0 0 0 216 -1 0 215 0 0 226 0 0 0 223 
0 0 0 139 2 0 0 0 5 0 0 0 0 173 38 0 165 0 0 0 0 2 167 315 185 0 0 148 0 0 0 0 0 0 3 6 0 0 0 149 2 0 0 0 0 0 2539 1 1 0 0 0 0 0 1 0 187 0 171 0 0 178 0 196 138 3 0 3 0 0 164 0 1 1 163 0 3 134 0 0 148 206 0 0 158 0 0 2671 0 1 0 2791 2671 0 4 153 160 0 0 0 0 176 168 159 0 0 30 0 0 167 0 3 0 0 0 0 0 0 0 496 167 0 0 1 0 6 2 0 1 5 0 0 0 0 0 1 0 0 1 1 4 0 3 164 0 0 5 1 37 1 0 161 2 0 -1 2 0 0 177 4 183 32 0 2600 0 42 177 0 0 0 0 337 0 155 1 0 0 0 169 1 148 0 166 3 0 135 0 -1 151 167 0 2 158 39 175 0 0 0 0 151 1 0 0 338 -1 0 0 157 0 0 5 0 0 0 0 3 0 156 0 175 173 0 0 -1 173 0 148 162 0 6 0 0 166 163 2 0 0 0 2 171 2776 136 21 5 3 7 181 1 0 0 0 2 2820 166 0 0 159 3 0 161 27 0 0 0 139 0 0 0 347 43 0 162 0 0 0 1 3 170 1 0 2 0 0 0 1 0 0 187 0 0 0 157 185 0 0 4 0 0 29 158 0 138 336 0 1 0 0 0 36 29 0 32 0 31 0 1 0 0 0 0 0 4 155 3 0 157 0 5 0 0 42 1 0 170 4 178 0 178 5 0 0 3 0 141 2820 176 2 2672 0 3 342 0 0 0 164 0 0 0 0 0 181 163 157 0 0 0 0 2 0 0 26 0 0 35 155 0 4 1 0 0 0 3 0 -1 2 0 0 0 0 0 0 165 3 0 0 0 149 3 0 2671 1 36 1 0 0 1 0 4 0 2630 0 162 3 1 1 154 155 0 187 336 -1 2 0 0 182 0 166 194 42 0 2 0 139 147 0 154 148 3 8 173 169 189 0 0 0 132 32 1 300 4 0 0 186 0 0 2 -1 0 2 0 1 0 0 0 0 23 0 132 2886 0 1 151 151 0 1 3 0 0 0 0 0 178 0 0 0 1 0 0 0 0 151 43 1 169 1 0 0 2 0 0 1 6 0 2 0 0 160 0 0 0 0 0 152 4 181 0 156 157 0 2642 0 0 0 0 1 0 149 0 0 0 0 0 0 0 0 2634 0 144 0 3 149 0 0 0 0 5 0 40 0 0 0 187 0 0 0 0 0 0 3 3 0 0 147 0 7 0 0 0 2 1 0 0 0 141 162 329 0 1 0 168 166 312 0 2 174 4 0 3 162 0 2 0 4 0 -1 0 2 40 0 27 0 164 153 1 0 0 2821 0 3 0 0 161 6 1 0 150 0 0 0 344 169 178 159 2 156 0 2934 39 3 1 4 0 1 0 0 26 175 0 0 0 0 0 0 160 0 6 0 0 180 3 0 2633 170 -1 0 0 0 1 0 0 0 0 0 160 1 0 0 0 4 0 0 0 173 160 139 0 176 0 0 41 3 0 0 0 184 35 163 0 0 4 159 2781 0 -1 0 161 0 0 3 0 185 0 0 188 2820 2 0 0 0 165 0 0 0 0 0 0 151 2671 0 0 1 0 2637 170 0 0 330 -1 0 0 0 135 0 156 0 0 167 2 0 0 6 0 0 4 0 0 0 0 1 0 2 0 164 4 6 177 144 0 0 0 0 0 0 0 0 175 0 4 0 1 2 161 149 4 172 0 0 0 329 0 1 0 0 0 151 178 0 2 0 0 0 176 0 -1 0 0 0 156 0 0 0 3 0 0 152 182 3 0 140 0 0 179 1 0 0 39 0 0 0 0 0 0 -1 158 3 336 0 0 1 0 0 0 0 3 0 0 0 354 0 2820 175 30 0 0 0 0 0 1 0 0 0 0 -1 0 0 0 3 150 0 0 156 158 148 35 164 142 0 175 3 165 1 0 -1 174 3 30 0 0 3 0 0 146 0 0 0 0 0 0 0 163 0 2 0 0 322 -1 0 2820 0 140 0 0 190 0 0 0 3 4 1 0 1 183 2 149 0 1 1 0 0 39 0 0 159 1 0 2975 311 181 1 0 0 1 0 2 0 169 0 0 186 174 0 165 145 2820 0 0 25 0 0 0 2 3 1 2 0 0 174 0 164 0 0 3 138 0 161 4 158 155 0 177 1 0 2 0 0 0 173 -1 0 168 0 3 158 0 0 0 177 
0 0 0 162 3 0 0 0 1 0 0 0 0 147 46 0 175 0 0 0 0 1 157 306 155 0 0 172 0 0 0 0 0 0 2 2 2 0 0 180 6 0 0 0 0 0 2422 0 1 0 1 0 0 0 1 0 162 0 167 0 0 149 0 171 154 1 0 3 0 0 155 0 2 1 168 0 2 159 0 0 171 179 1 0 136 4 0 2566 0 2 0 2632 2566 0 1 143 148 0 0 0 0 181 165 144 0 0 37 0 0 157 0 3 0 0 0 0 0 0 0 461 161 0 0 3 0 2 2 0 2 1 0 0 0 0 4 1 0 0 5 1 1 0 1 148 0 0 3 2 36 1 0 134 10 0 -1 1 0 0 192 3 161 31 0 2506 0 37 148 0 1 0 0 325 0 153 1 0 0 0 169 2 172 0 173 4 0 135 0 -1 145 157 2 0 150 35 166 0 0 0 0 174 0 0 0 306 -1 0 0 150 0 0 5 0 0 0 0 0 0 144 0 183 152 0 0 -1 152 0 149 158 0 1 0 0 149 158 2 0 0 0 1 178 2609 147 37 3 3 3 151 5 0 0 0 1 2652 164 0 0 151 1 0 143 29 0 0 0 162 0 0 0 297 43 0 187 0 0 0 1 1 151 0 1 6 0 0 0 1 0 0 159 0 0 0 146 165 0 0 2 2 3 33 162 0 155 288 0 2 0 0 0 31 37 0 23 0 37 0 1 0 0 0 0 0 3 157 1 0 154 3 3 0 0 31 0 0 164 0 156 0 174 1 0 0 2 0 151 2652 171 5 2531 0 5 338 0 0 0 145 0 0 0 0 0 156 154 138 0 0 0 0 1 0 0 31 0 0 41 166 0 4 3 0 0 0 2 0 -1 2 0 0 0 0 0 0 145 0 0 0 0 162 1 0 2566 2 41 0 0 0 0 0 2 0 2538 0 152 1 1 0 145 142 0 171 305 -1 2 0 0 155 0 164 175 27 0 4 0 157 140 0 139 152 1 5 152 169 158 0 0 1 132 26 2 293 2 0 0 158 0 0 2 -1 0 0 0 1 0 0 0 4 30 0 160 2732 0 0 140 147 0 4 5 0 0 0 0 0 150 0 0 0 2 0 0 0 0 165 43 0 143 2 0 0 0 0 0 0 3 0 2 0 0 150 0 0 0 0 0 145 0 151 0 153 144 0 2534 0 0 0 0 0 0 164 0 0 0 0 3 0 0 0 2537 0 159 0 4 149 0 0 0 0 0 0 31 0 0 0 192 0 0 0 0 0 0 3 1 0 0 173 0 4 0 0 0 2 1 0 0 0 151 151 327 0 0 0 173 156 297 0 6 148 0 0 3 144 0 3 0 0 0 -1 0 1 37 0 37 0 163 145 1 0 0 2653 0 6 0 0 154 4 2 0 144 0 0 0 360 138 149 151 1 154 0 2769 35 1 1 1 0 2 0 0 30 175 0 0 0 1 0 0 172 0 1 0 0 151 5 0 2535 155 -1 0 0 0 3 0 0 0 0 0 144 1 0 0 0 5 0 0 0 171 143 160 0 176 0 0 32 1 0 0 0 157 41 154 0 0 2 151 2618 0 -1 0 144 0 0 3 0 154 0 0 185 2652 3 0 0 0 173 0 0 0 2 0 0 146 2566 1 0 2 0 2542 151 0 0 297 -1 0 0 0 135 3 166 0 0 163 1 0 0 4 0 0 3 0 0 0 0 0 0 1 0 154 3 5 160 164 0 0 1 0 0 0 0 0 175 0 2 0 1 2 153 158 2 151 0 0 0 340 0 2 0 0 0 165 161 0 2 0 0 1 184 0 -1 0 0 1 154 0 0 0 1 0 0 143 144 2 0 156 0 0 154 1 0 0 44 0 0 0 0 0 0 -1 177 0 308 0 0 2 0 0 0 0 4 0 0 0 295 0 2652 183 31 0 0 0 0 0 1 0 0 0 0 -1 0 1 0 3 151 0 0 166 171 174 40 151 133 0 160 5 186 2 0 -1 148 2 36 0 0 1 0 0 155 0 0 0 0 1 0 0 151 0 2 1 0 297 -1 0 2652 0 163 0 0 167 0 0 0 5 2 0 0 1 165 1 180 0 2 2 0 0 31 0 0 165 1 0 2797 299 151 1 0 0 4 0 1 0 138 0 0 166 168 1 148 147 2652 0 0 29 0 0 0 5 0 1 1 0 0 148 0 154 0 0 2 160 0 147 1 160 149 0 175 1 0 2 0 0 0 170 -1 0 162 0 2 171 0 0 0 151 
1 0 0 187 1 0 0 2 0 0 0 0 0 175 37 0 161 0 0 0 0 3 175 342 173 0 0 179 0 2 0 0 0 0 2 2 0 0 0 171 6 0 0 0 0 0 2695 1 2 0 2 0 0 0 1 0 194 0 160 0 0 158 0 168 179 3 0 0 0 0 170 0 2 2 153 0 5 185 0 0 166 177 0 0 153 2 0 2846 0 2 0 2829 2846 0 4 171 154 0 0 0 1 172 152 174 0 0 37 0 0 175 0 1 0 0 0 0 0 0 0 519 171 0 0 3 0 3 2 0 7 3 0 0 0 0 2 3 0 0 3 1 5 0 1 159 0 0 2 3 36 1 0 149 2 0 -1 2 0 0 175 2 186 35 0 2779 0 41 158 0 0 0 0 334 0 170 3 0 0 0 190 1 179 0 150 1 0 174 0 -1 152 175 1 2 171 40 169 0 0 0 0 169 3 0 0 303 -1 0 0 177 0 0 1 0 0 0 0 3 0 166 0 170 171 0 0 -1 171 0 156 162 0 1 0 0 183 165 1 0 0 0 1 162 2824 169 30 2 3 4 160 4 0 0 0 4 2861 187 0 0 171 0 0 173 39 0 0 0 187 0 0 0 317 37 0 166 0 0 0 1 2 174 1 0 2 0 0 0 0 0 0 178 0 0 0 166 170 0 0 1 3 0 31 174 0 182 329 0 1 0 0 0 35 30 0 38 0 29 0 1 0 0 1 0 0 0 172 2 0 171 1 2 0 0 40 0 0 172 2 169 0 181 4 0 0 3 0 162 2861 177 6 2730 0 2 319 1 0 0 159 0 0 0 0 0 188 169 166 0 0 0 0 2 0 0 32 0 0 40 185 0 5 2 0 0 0 7 0 -1 1 0 0 0 0 0 0 156 2 0 0 0 174 3 0 2846 2 41 4 0 0 0 3 4 0 2804 0 174 5 2 0 153 152 0 182 356 -1 4 0 0 175 0 155 169 36 0 0 1 186 170 0 157 170 2 3 189 190 181 0 0 0 169 27 2 315 3 0 0 177 0 0 0 -1 0 3 0 1 1 0 0 2 24 0 188 2915 0 0 166 172 0 3 5 0 0 0 0 0 157 1 0 0 2 0 0 0 0 162 37 5 181 2 0 0 1 0 0 2 2 0 4 0 0 161 0 0 0 0 0 155 5 173 0 169 168 0 2811 0 0 0 0 0 0 158 0 0 0 0 0 0 0 0 2818 0 167 0 2 172 0 0 0 0 2 0 37 0 0 0 223 0 1 0 0 0 0 3 3 0 0 160 0 3 0 0 0 3 2 0 0 0 162 172 337 0 1 0 156 177 326 0 1 166 3 0 4 170 0 3 0 2 0 -1 0 3 30 0 39 0 153 173 4 0 0 2862 0 6 0 0 170 0 0 0 152 0 0 0 336 157 180 161 1 161 0 2995 32 2 1 1 0 1 0 0 36 156 0 0 0 3 0 0 180 0 0 0 0 171 2 0 2809 178 -1 0 1 0 1 0 0 0 0 0 168 2 1 0 0 0 1 1 0 187 172 183 0 157 0 0 37 3 0 0 0 175 22 176 0 0 3 175 2825 0 -1 0 174 0 1 4 0 174 0 0 193 2861 2 0 1 0 157 0 0 0 8 0 0 152 2846 0 0 1 0 2805 174 0 0 338 -1 0 0 0 174 3 183 0 0 152 1 0 1 2 0 0 5 0 0 0 0 0 0 1 0 175 1 7 166 163 0 0 0 0 0 0 0 0 156 0 5 0 1 2 160 155 1 188 0 0 0 354 0 1 0 0 0 164 190 0 4 0 0 0 171 0 -1 0 0 6 168 0 0 0 2 0 0 165 157 1 0 180 0 0 174 1 0 0 32 0 0 0 0 0 0 -1 159 3 328 0 0 9 0 0 0 0 2 0 0 2 327 0 2861 170 32 0 0 0 1 0 1 0 0 0 0 -1 0 0 0 2 181 0 0 170 185 179 39 177 151 0 168 3 167 1 0 -1 166 2 37 0 1 2 0 0 178 0 0 0 0 3 0 0 176 0 3 0 0 353 -1 2 2861 0 188 0 0 199 0 0 0 2 0 1 0 2 170 3 171 0 3 4 0 0 37 0 0 176 1 0 3032 325 173 1 0 0 2 0 2 0 157 0 0 171 180 0 167 167 2861 0 0 33 0 0 0 3 4 0 3 0 0 166 0 175 0 0 2 184 0 173 4 166 158 0 155 1 0 5 0 0 0 164 -1 0 172 0 3 185 0 0 0 171 
1 0 0 206 5 0 0 1 4 1 0 1 0 195 36 0 238 0 0 0 0 2 212 404 202 0 0 207 0 6 0 0 0 0 5 3 4 0 0 183 0 0 0 0 0 0 3064 1 3 0 2 1 0 0 1 0 207 0 184 0 0 205 0 231 194 0 0 6 0 0 219 0 1 2 175 0 1 204 0 0 207 237 3 0 193 0 0 3208 0 6 0 3333 3208 0 2 195 184 0 0 0 0 188 190 176 0 0 46 0 0 212 0 1 0 1 0 0 0 0 0 581 213 0 0 3 0 4 5 0 6 2 0 0 0 0 1 3 0 0 4 1 1 0 6 193 0 0 5 0 43 1 0 196 3 0 -1 0 0 0 196 0 202 39 0 3126 0 46 203 0 3 0 0 406 0 174 4 0 0 0 234 5 207 0 188 3 0 182 0 -1 197 175 0 5 168 48 194 0 0 0 0 210 1 0 0 414 -1 0 0 188 0 0 1 0 0 0 0 1 0 204 0 254 193 0 0 -1 193 0 195 206 0 2 0 0 189 210 1 0 0 0 1 178 3331 186 48 2 1 7 211 2 0 0 0 2 3375 185 0 0 171 1 0 181 46 0 0 0 206 0 0 0 406 44 0 186 0 0 0 1 3 205 1 3 3 0 0 0 1 0 0 208 0 0 0 193 219 0 0 4 3 2 30 200 0 197 398 0 2 0 0 0 50 52 0 45 0 38 0 0 0 0 0 0 0 0 200 0 0 178 3 3 0 0 32 0 0 209 2 193 0 214 2 0 0 2 0 208 3375 209 4 3191 0 1 393 0 0 0 195 0 0 0 0 0 199 218 200 0 0 0 0 1 0 0 53 0 0 48 198 0 1 2 0 0 0 5 0 -1 2 0 0 0 0 0 0 194 3 0 0 0 180 1 0 3208 1 50 3 0 0 0 1 3 0 3171 0 174 3 1 1 224 178 0 240 350 -1 2 0 0 182 2 216 227 46 0 3 0 204 180 0 172 187 1 4 206 234 208 0 0 0 181 34 2 396 2 0 0 207 0 0 5 -1 0 3 0 3 1 0 0 3 47 0 205 3453 0 1 199 165 0 5 11 0 0 0 0 0 207 1 0 0 5 0 0 0 0 209 44 4 174 1 0 0 0 0 0 4 6 0 1 0 0 203 0 0 0 0 0 200 4 199 0 172 204 0 3171 0 0 0 0 0 0 208 0 0 0 0 1 0 0 0 3167 0 173 0 1 187 1 0 0 0 5 0 44 0 0 0 247 0 2 0 0 0 0 0 1 0 0 208 0 4 0 0 0 4 1 0 0 0 208 185 395 0 0 0 172 212 367 0 4 214 2 0 4 204 0 5 0 2 0 -1 0 4 49 0 48 0 208 199 0 0 0 3376 0 6 0 0 200 1 4 0 197 0 0 0 437 205 197 233 1 200 0 3531 31 3 1 1 0 5 0 0 42 197 0 0 0 3 0 0 205 0 5 0 0 178 3 0 3174 211 -1 0 0 0 2 0 0 0 0 0 187 2 0 0 0 3 1 0 0 190 205 205 0 198 0 0 41 1 1 0 0 203 48 192 0 0 1 199 3326 0 -1 0 199 0 0 2 0 197 0 0 268 3375 1 0 0 0 172 0 0 0 3 0 0 225 3208 6 0 0 0 3162 205 0 0 400 -1 0 0 0 182 2 201 0 0 190 3 0 0 1 0 0 4 0 0 0 0 0 0 1 0 176 5 5 199 206 0 0 0 0 0 0 0 0 197 0 2 0 1 2 207 207 2 205 0 0 0 453 0 2 0 0 0 212 202 0 6 0 0 0 255 0 -1 0 0 2 175 0 0 0 1 0 0 180 182 0 0 195 0 0 177 1 0 0 43 0 0 0 0 0 0 -1 184 0 417 0 0 1 0 0 0 0 3 0 0 0 403 0 3375 254 34 0 0 0 3 0 0 0 0 0 0 -1 0 0 0 2 194 0 0 197 203 207 48 175 170 0 207 2 189 2 0 -1 214 1 45 0 4 2 0 0 195 0 0 0 0 0 0 0 191 0 3 0 0 387 -1 1 3375 0 207 0 0 210 0 0 0 1 4 1 0 4 220 0 183 0 1 2 0 0 44 0 0 198 1 0 3558 416 199 1 0 0 2 0 5 0 205 0 0 220 217 0 201 193 3375 0 0 42 0 0 0 3 0 2 1 0 0 214 0 176 0 0 1 201 0 211 3 208 228 0 198 1 0 3 0 0 0 187 -1 0 214 0 4 203 0 0 0 173 
2 0 0 166 2 0 0 0 4 0 0 0 0 151 24 0 134 0 0 0 0 2 144 314 138 0 0 153 0 2 0 0 0 0 3 1 1 0 0 141 2 0 0 1 0 0 2264 1 4 0 2 0 0 0 1 0 153 0 141 0 1 148 0 144 146 0 0 2 0 0 139 0 2 0 169 0 2 161 0 0 135 151 0 0 144 4 0 2383 0 3 0 2585 2383 0 1 167 145 0 0 0 1 148 134 143 0 0 36 0 0 144 0 4 0 0 1 0 0 0 0 450 166 0 0 1 0 4 2 0 2 2 0 0 0 0 6 2 0 0 3 1 5 0 2 144 0 0 8 2 39 1 0 142 2 0 -1 0 0 0 160 4 148 27 0 2313 0 32 143 0 0 0 0 282 0 161 2 0 0 0 130 3 153 0 143 2 0 155 0 -1 141 162 0 1 141 38 139 0 0 0 0 138 0 0 0 290 -1 0 0 138 0 0 3 0 0 0 0 4 0 150 0 150 159 0 0 -1 159 0 139 161 0 0 0 0 143 162 1 0 0 0 3 170 2574 143 33 3 2 2 148 4 0 0 0 0 2618 135 0 0 135 2 0 131 34 0 0 0 166 0 0 0 294 44 0 131 0 0 0 0 3 154 0 2 1 0 0 0 0 0 0 141 0 0 1 150 167 0 0 1 2 0 26 162 0 160 292 0 2 0 0 0 28 25 0 21 0 25 0 1 0 0 0 0 0 0 161 0 0 163 1 1 0 0 36 0 0 150 3 162 0 159 2 0 0 0 0 140 2618 156 0 2493 0 0 286 1 0 0 169 0 0 0 0 0 144 138 148 0 0 0 0 2 0 0 21 0 0 27 147 0 4 1 0 0 0 3 0 -1 3 0 0 0 0 0 0 145 0 0 0 0 139 0 0 2383 1 27 2 0 0 0 2 1 0 2353 0 139 1 1 0 152 146 0 175 301 -1 2 0 0 155 0 152 148 29 0 5 0 162 130 0 134 179 2 4 152 130 141 0 0 1 152 30 1 281 4 0 0 140 0 0 1 -1 0 4 0 6 1 0 0 2 29 0 164 2662 0 0 143 138 0 5 3 0 0 0 0 0 141 0 0 0 1 0 0 0 0 145 44 1 139 0 0 0 0 0 0 2 3 0 1 0 0 157 0 0 0 0 0 143 2 145 0 164 152 0 2352 0 0 0 0 0 0 145 0 0 0 0 1 0 0 0 2356 0 130 0 0 156 0 0 0 0 0 0 30 0 0 0 186 0 1 0 0 0 0 2 4 0 0 135 0 0 0 0 0 0 2 0 0 0 140 151 271 0 0 0 167 143 304 0 2 148 0 0 4 146 0 1 0 1 0 -1 0 2 43 0 35 0 153 168 5 0 0 2619 0 6 0 0 144 1 2 0 142 0 0 0 293 150 153 158 1 160 0 2734 33 5 1 2 0 2 0 0 29 143 0 0 0 2 0 0 149 0 1 0 0 152 1 0 2351 134 -1 0 0 1 1 0 0 0 0 0 160 3 1 0 0 3 0 0 0 139 152 163 0 144 0 0 30 3 0 0 0 140 37 154 0 0 2 133 2586 0 -1 0 139 0 0 2 0 134 0 0 194 2618 3 0 1 0 166 0 0 0 1 0 0 152 2383 2 0 1 0 2363 154 0 0 325 -1 0 0 0 155 1 150 0 0 137 1 0 0 5 0 0 1 0 0 0 0 1 0 2 0 142 1 5 141 135 0 0 0 0 0 0 0 0 143 0 0 0 1 1 157 144 0 151 0 0 0 289 0 1 0 0 0 146 150 0 8 0 0 0 151 0 -1 0 0 1 161 0 0 0 2 0 0 155 158 1 0 147 0 0 155 1 0 0 31 0 0 0 0 0 0 -1 125 3 313 0 0 4 0 0 0 0 0 0 0 0 272 0 2618 150 26 0 0 0 4 0 3 0 0 0 0 -1 0 0 0 1 133 0 0 131 150 153 35 143 123 0 157 2 129 3 0 -1 148 4 36 0 2 3 0 0 137 0 0 0 0 1 0 0 153 0 3 1 0 298 -1 7 2618 0 167 0 0 156 0 0 0 1 1 0 0 2 166 1 141 0 0 1 0 0 30 0 0 160 1 0 2780 278 145 1 0 0 1 0 3 0 150 0 0 168 152 0 148 173 2618 0 0 28 1 0 0 5 4 3 2 0 0 148 0 142 0 0 1 160 0 152 1 151 156 0 141 1 0 1 0 0 0 143 -1 0 167 0 2 150 0 0 0 152 
0 0 0 103 1 0 0 0 1 0 0 0 0 110 22 0 81 0 0 0 0 2 114 178 75 0 0 106 0 4 0 0 0 0 2 1 0 0 0 99 1 0 0 0 0 0 1602 0 1 0 0 0 0 0 1 0 103 0 103 0 0 114 0 107 107 1 0 1 0 0 113 0 0 2 95 0 0 102 0 0 111 111 0 0 101 0 0 1676 0 2 0 1835 1676 0 0 91 107 0 0 0 1 112 114 113 0 0 21 0 0 114 0 2 0 0 0 0 0 0 0 307 114 0 0 2 0 5 2 0 2 1 0 0 0 0 1 1 0 0 3 1 2 0 0 100 0 0 3 2 26 1 0 112 0 0 -1 0 0 0 96 1 100 20 1 1637 0 22 111 0 1 0 0 216 0 108 0 0 0 0 105 2 106 0 109 1 0 96 0 -1 110 106 2 0 101 23 99 0 0 0 0 114 1 0 0 207 -1 0 0 118 0 0 3 0 0 0 0 2 0 83 0 84 111 1 0 -1 111 0 112 99 0 1 0 0 104 100 1 0 0 0 1 98 1838 100 15 0 3 4 113 2 0 0 0 4 1858 97 0 0 101 2 0 107 25 0 0 0 103 0 0 0 215 20 0 101 0 0 0 1 1 109 0 3 2 0 0 0 0 0 0 78 0 0 0 107 96 0 0 2 2 0 28 94 0 101 209 0 0 0 0 0 31 26 0 19 0 22 0 1 0 1 0 0 0 0 93 1 0 109 0 2 0 0 20 2 0 102 2 100 0 91 1 0 0 0 0 108 1858 88 4 1772 0 0 200 1 0 0 107 0 0 0 0 0 102 112 105 0 0 0 0 3 0 0 18 0 0 22 99 0 1 1 0 0 0 0 0 -1 1 0 0 0 0 0 0 101 1 0 0 0 94 0 0 1676 1 22 2 0 0 0 1 0 0 1656 0 103 1 0 0 112 107 0 120 235 -1 1 0 0 111 1 105 105 19 0 1 0 102 113 0 124 98 1 1 132 105 77 0 0 0 95 31 2 211 1 0 0 77 0 0 1 -1 0 2 0 1 0 0 0 1 16 0 103 1884 0 1 99 109 0 1 2 0 0 0 0 0 109 0 0 0 2 0 0 0 0 123 20 2 124 2 0 0 1 0 0 0 6 0 1 0 0 95 0 0 0 0 0 112 2 111 0 109 84 0 1651 0 1 0 0 0 0 117 0 0 0 0 3 0 0 0 1663 0 92 0 3 126 0 0 0 0 0 0 22 0 0 0 116 0 0 0 0 0 0 1 1 0 0 112 0 2 0 0 0 1 2 0 0 0 108 105 204 0 0 0 96 112 217 0 2 100 0 0 2 106 0 5 0 1 0 -1 0 0 22 0 26 0 105 93 2 0 0 1859 0 1 0 0 111 1 2 0 112 0 0 0 194 119 114 115 1 97 0 1930 17 2 2 0 0 4 0 0 18 114 0 0 0 0 0 0 95 0 2 0 0 110 2 0 1652 98 -1 0 0 0 0 0 0 0 0 0 108 0 0 0 0 4 1 0 0 99 107 103 0 115 0 0 13 1 0 0 0 75 23 105 0 0 1 102 1839 0 -1 0 102 0 0 4 0 74 0 0 133 1858 4 0 0 0 98 0 0 0 2 0 0 108 1676 0 0 1 0 1661 109 0 0 213 -1 0 0 0 96 3 97 0 0 111 2 0 0 0 0 0 1 0 0 0 0 0 0 2 0 103 2 5 113 108 0 0 0 0 0 0 0 0 114 0 0 0 1 7 96 114 0 131 0 0 0 177 0 2 0 0 0 123 97 0 2 0 0 0 85 0 -1 0 0 1 108 0 0 0 1 0 0 108 118 0 0 107 0 0 111 1 0 0 18 0 0 0 0 0 0 -1 95 1 206 0 0 2 0 0 0 0 0 0 0 0 188 0 1858 84 21 0 0 0 2 0 2 0 0 0 0 -1 0 0 0 3 90 0 0 91 98 106 29 98 121 0 90 3 101 1 0 -1 100 1 21 0 2 1 0 0 94 0 0 0 0 1 0 0 103 0 3 0 0 221 -1 0 1858 0 104 0 0 106 0 0 0 1 2 1 0 4 95 0 99 0 2 1 0 0 21 0 0 95 1 0 1968 215 111 1 0 0 0 0 0 0 119 0 0 97 102 0 107 96 1858 0 0 27 0 0 0 0 1 0 3 0 0 100 0 103 0 0 2 102 0 107 1 110 114 0 113 2 0 1 0 0 0 103 -1 0 115 0 1 98 0 0 0 105 
0 0 0 271 4 0 0 3 6 0 0 0 0 237 52 0 218 0 0 0 0 4 261 485 257 0 0 243 0 3 0 0 0 0 3 3 4 0 0 230 5 0 0 0 0 0 3980 5 2 0 6 0 0 0 1 0 230 0 260 0 0 272 0 236 226 5 0 3 0 0 270 0 4 4 235 0 7 270 0 0 225 246 3 0 257 3 0 4165 0 2 0 4288 4165 0 5 253 291 0 0 0 1 231 259 278 0 0 63 0 0 261 0 1 0 3 0 0 0 0 0 758 252 0 0 5 0 4 2 0 9 4 0 0 0 0 4 7 0 0 5 1 5 0 3 266 0 0 4 4 57 1 0 253 1 0 -1 0 0 0 236 6 227 59 1 4061 0 70 271 0 1 0 0 532 0 278 5 0 0 0 268 1 243 0 255 3 0 232 0 -1 255 258 6 6 230 57 254 0 0 0 0 229 2 0 0 507 -1 0 0 251 0 0 3 0 0 0 0 4 0 233 0 226 257 0 0 -1 257 0 254 230 0 1 0 0 259 234 8 0 0 0 3 237 4285 221 56 6 4 4 276 4 0 0 0 1 4337 243 0 0 230 3 0 248 61 0 0 0 271 0 0 0 540 52 0 264 0 1 0 2 6 279 0 3 4 0 0 0 1 0 0 264 0 0 1 266 251 0 0 4 7 1 60 246 0 264 486 0 3 0 0 0 62 55 0 51 0 47 0 3 0 0 0 0 0 0 244 3 0 279 1 0 0 0 49 0 0 269 2 249 0 277 3 0 0 5 0 242 4337 271 8 4130 0 2 522 0 0 0 251 0 0 0 0 0 230 269 269 0 0 0 0 3 0 0 45 0 0 52 255 0 7 4 0 0 0 8 0 -1 7 0 0 0 0 0 0 263 3 0 0 0 257 5 0 4165 4 52 2 0 0 0 1 2 0 4123 1 235 3 7 1 239 291 0 297 501 -1 8 0 0 256 0 252 231 60 0 2 1 269 246 0 271 228 3 5 247 268 260 0 0 0 226 58 5 475 3 0 0 263 0 0 3 -1 0 3 0 4 5 0 0 3 50 0 271 4445 0 0 252 270 0 2 5 0 0 1 0 0 268 0 0 0 1 0 0 0 0 243 52 4 238 0 0 0 1 0 0 5 3 0 2 0 0 228 0 0 0 0 0 258 4 253 0 278 239 0 4114 0 0 0 0 1 0 238 0 0 0 0 4 0 0 0 4119 0 247 0 3 257 0 0 0 0 4 0 72 0 0 0 298 0 0 0 0 0 0 1 6 0 0 225 0 5 0 0 0 4 3 0 0 0 242 258 547 0 1 0 224 257 513 0 0 263 6 0 4 260 0 7 0 3 0 -1 0 3 64 0 45 0 251 256 4 0 0 4338 0 3 0 0 255 3 3 0 252 0 0 0 454 271 240 251 1 224 0 4529 57 4 1 6 0 3 0 0 60 266 0 0 0 3 0 0 253 1 1 0 0 252 7 0 4116 262 -1 0 0 0 3 0 0 0 0 0 251 3 0 0 0 3 0 0 0 253 256 268 0 267 0 0 49 6 0 0 0 261 50 265 0 0 2 256 4281 0 -1 0 256 0 0 1 0 256 0 0 296 4337 5 0 2 0 232 0 0 0 5 0 0 239 4165 3 0 3 0 4101 277 0 0 529 -1 0 0 0 232 0 254 0 0 256 4 0 0 4 0 0 3 0 0 0 0 1 0 6 0 235 0 8 313 222 0 0 0 0 0 0 0 0 266 2 2 0 1 2 224 240 3 246 0 0 0 480 0 1 0 0 0 244 230 1 5 0 0 0 227 0 -1 0 0 0 272 0 0 0 6 0 0 244 246 5 0 227 0 0 254 1 0 0 55 0 0 0 0 0 0 -1 257 2 507 0 0 6 0 0 0 0 2 0 0 0 509 0 4337 226 52 0 0 0 1 0 5 0 1 0 0 -1 0 0 0 6 251 0 0 239 258 239 50 230 261 0 239 2 264 0 0 -1 263 4 62 0 8 2 0 0 248 0 0 0 0 0 0 0 262 0 11 0 0 560 -1 3 4337 0 272 0 0 240 0 0 0 1 0 1 0 3 251 4 230 0 3 3 0 0 70 0 0 248 2 0 4589 498 253 1 0 0 3 0 4 0 271 0 0 252 263 0 264 220 4337 0 0 38 0 0 0 1 4 3 4 0 0 263 0 235 0 0 2 265 0 277 5 240 247 0 263 1 0 4 1 0 0 262 -1 0 253 0 2 258 0 0 0 250 
0 0 0 175 5 0 0 3 1 0 0 0 0 166 34 0 174 0 0 0 0 1 175 327 178 0 0 175 0 3 0 0 0 0 1 1 3 0 0 198 4 0 0 0 0 0 2730 0 0 0 3 0 0 0 1 0 175 0 203 0 0 167 0 194 192 0 0 1 0 0 184 0 3 1 186 0 4 174 0 0 168 201 2 0 182 2 0 2872 0 2 0 3094 2872 0 1 163 160 0 0 0 0 199 201 177 0 0 28 0 0 175 0 5 0 1 0 0 0 0 0 521 154 0 0 3 0 4 3 0 3 1 0 0 0 0 2 2 0 0 3 1 3 0 2 186 0 0 2 3 38 1 0 188 2 0 -1 0 0 0 161 1 172 41 1 2794 0 44 166 0 0 0 0 389 0 184 2 0 0 0 162 2 175 0 194 3 0 171 0 -1 175 195 2 6 162 35 204 0 0 0 0 171 2 0 0 345 -1 0 0 196 0 0 1 0 0 0 0 1 0 151 0 180 164 0 1 -1 164 0 162 166 0 0 0 0 184 168 1 0 0 0 3 188 3088 182 32 4 1 4 169 1 0 0 0 5 3125 165 0 0 159 1 0 173 37 0 0 0 175 0 0 0 358 37 0 201 0 0 0 1 1 180 2 3 1 0 0 0 0 1 0 186 0 0 0 168 185 0 0 4 2 0 26 175 0 172 328 0 3 0 0 0 38 38 0 46 0 34 0 4 0 0 0 0 0 0 174 1 0 186 1 1 0 0 40 0 0 167 0 200 0 169 1 0 0 6 0 180 3125 163 5 2954 0 5 354 1 0 0 193 0 0 0 0 0 173 183 169 0 0 0 0 2 0 0 46 0 0 31 175 0 3 3 0 0 0 3 0 -1 1 0 0 0 0 0 0 188 1 0 0 0 205 3 0 2872 1 31 4 0 0 0 2 0 0 2840 0 164 2 4 0 175 158 0 205 385 -1 2 0 0 206 0 187 193 29 0 1 0 174 187 0 193 178 1 4 190 162 188 0 0 3 169 33 1 339 2 0 0 185 0 0 2 -1 0 1 0 2 1 0 0 5 28 0 175 3164 1 0 170 171 0 2 6 0 0 0 0 0 164 0 0 0 6 0 0 0 0 189 37 2 185 2 0 0 0 0 0 2 5 0 3 0 0 162 0 0 0 0 0 177 4 175 0 184 152 0 2844 0 0 0 0 0 0 183 0 0 0 0 2 0 0 0 2834 0 200 0 0 179 0 0 0 0 0 0 43 0 0 0 213 0 0 0 0 0 0 2 1 0 0 169 0 4 0 0 0 4 3 0 0 0 180 173 373 0 0 0 186 172 360 0 4 167 4 0 8 182 0 5 0 6 0 -1 0 0 42 0 31 0 188 167 1 0 0 3126 0 8 0 0 171 2 5 0 173 0 0 0 377 197 169 182 1 156 0 3258 36 1 1 2 0 3 0 0 36 205 0 0 0 2 0 0 179 0 2 0 0 202 1 0 2826 173 -1 0 0 0 1 0 0 0 0 0 185 2 1 0 0 7 0 0 0 172 174 173 0 206 0 0 28 2 0 0 0 183 38 176 0 0 0 169 3088 0 -1 0 184 0 0 2 0 182 0 0 215 3125 1 0 1 0 185 0 0 0 7 0 0 173 2872 2 0 2 0 2834 179 0 0 376 -1 0 0 0 171 2 177 0 0 197 0 0 0 5 0 0 1 0 0 0 0 1 0 3 0 165 1 6 181 165 0 0 0 0 0 0 0 0 205 0 3 0 1 2 165 181 1 189 0 0 0 387 0 0 0 0 0 187 173 0 3 0 0 0 181 0 -1 0 0 1 183 0 0 0 2 0 0 184 201 5 0 194 0 0 200 2 0 0 37 0 0 0 0 0 0 -1 200 3 360 0 0 3 0 0 0 0 0 0 0 0 341 0 3125 180 31 0 0 0 2 0 0 0 0 0 0 -1 0 0 0 2 202 0 0 193 179 175 31 167 183 0 183 4 203 1 0 -1 167 1 28 0 3 6 0 0 201 0 0 0 0 2 0 0 175 0 3 0 0 354 -1 2 3125 0 176 0 0 178 0 0 0 4 1 1 0 6 183 2 198 0 5 1 0 0 44 0 0 171 0 0 3313 345 175 1 0 0 0 0 2 0 197 0 0 186 168 0 177 178 3125 0 0 28 0 0 0 2 2 4 2 0 0 167 0 165 0 0 4 173 0 175 3 175 178 0 206 1 0 1 0 0 0 205 -1 0 155 0 6 179 0 0 0 195 
0 0 0 192 2 0 0 1 2 0 0 0 0 139 37 0 161 0 0 0 0 4 183 358 154 0 0 176 0 2 0 0 0 0 5 2 2 0 0 165 2 0 0 0 0 0 2604 3 2 0 2 0 0 0 1 0 146 0 178 0 0 160 0 174 168 2 0 3 0 0 168 0 2 1 162 0 3 191 0 0 169 181 3 0 166 2 0 2744 0 0 0 2769 2744 0 1 159 189 0 0 0 3 164 166 170 0 0 27 0 0 183 0 4 0 2 0 0 0 0 0 496 186 0 0 3 0 3 2 0 1 1 0 0 0 0 1 4 0 0 3 1 2 1 3 177 0 0 5 3 27 1 0 137 2 0 -1 1 0 0 189 2 141 28 0 2667 0 37 161 0 0 0 0 346 0 169 0 0 0 0 184 3 176 0 166 1 0 191 0 -1 177 176 2 4 167 35 165 0 0 0 0 173 0 0 0 337 -1 0 0 182 0 0 2 0 0 0 0 2 0 183 0 170 149 0 0 -1 149 0 147 178 0 1 0 0 177 179 2 0 0 0 3 167 2774 169 31 1 3 8 164 1 0 0 0 2 2806 168 0 0 163 5 0 176 44 0 0 0 192 0 0 0 339 32 0 181 0 0 0 0 0 179 0 1 2 0 0 0 0 0 0 162 0 0 1 171 156 0 0 2 1 0 42 171 0 185 297 0 1 0 0 0 35 30 0 33 0 29 0 3 0 0 2 0 0 1 169 3 0 171 1 1 0 0 42 1 0 157 5 185 0 166 1 0 0 2 0 192 2806 164 3 2672 0 0 325 0 0 0 203 0 0 0 0 0 142 167 169 0 0 0 0 5 0 0 34 0 0 41 157 0 8 1 0 0 0 2 0 -1 1 0 0 0 0 0 0 174 0 0 0 0 180 2 0 2744 1 41 6 0 0 0 0 2 0 2702 0 168 2 1 1 158 181 0 221 326 -1 3 0 0 175 0 181 178 33 0 2 0 189 175 0 156 157 2 6 172 184 160 0 0 0 189 41 3 363 1 0 0 161 0 0 0 -1 0 4 0 0 0 0 0 3 28 0 192 2866 0 0 160 165 1 4 7 0 0 0 0 0 160 0 0 0 3 0 0 0 0 168 32 2 146 2 0 0 1 0 0 2 3 0 3 0 0 173 0 0 0 0 0 181 0 168 0 169 187 0 2709 0 0 0 0 0 0 168 0 0 0 0 2 0 0 0 2707 0 177 0 2 169 0 0 0 0 3 0 42 0 0 0 191 0 0 0 0 0 0 5 1 0 0 171 0 2 0 0 0 2 2 0 0 0 192 159 331 0 0 0 164 185 357 0 1 166 0 0 3 167 0 4 0 2 0 -1 0 0 40 0 29 0 175 160 4 0 0 2807 0 1 0 0 174 2 4 0 181 0 0 0 331 141 141 163 1 172 0 2943 24 2 1 0 0 0 0 0 33 168 0 0 0 2 0 0 154 0 2 0 0 175 2 0 2705 157 -1 0 0 0 3 0 0 0 0 0 166 2 0 0 0 7 0 0 0 173 163 189 0 169 0 0 36 6 0 0 0 160 31 163 0 0 2 149 2774 0 -1 0 168 0 2 3 0 161 0 0 191 2806 3 0 0 0 164 0 0 0 1 0 0 159 2744 1 0 0 0 2702 178 0 0 384 -1 0 0 0 191 2 159 0 0 164 1 0 0 2 0 0 4 0 0 0 0 0 0 2 0 171 3 4 157 167 0 0 0 0 0 0 0 0 168 0 1 0 1 1 169 166 1 171 0 0 0 333 0 3 0 0 0 167 145 0 4 0 0 0 171 0 -1 0 0 2 171 0 0 0 0 0 0 159 153 3 0 172 0 0 174 1 0 0 39 0 0 0 0 0 0 -1 180 3 335 0 0 3 0 0 0 0 4 0 0 1 320 0 2806 170 42 0 0 0 3 0 4 0 0 0 0 -1 0 0 0 1 158 0 1 169 159 178 30 174 149 0 152 1 182 0 0 -1 166 1 27 0 0 1 0 0 163 0 0 0 0 1 0 0 161 0 2 0 0 350 -1 1 2806 0 193 0 0 149 0 0 0 1 2 4 0 5 156 1 165 0 0 3 0 0 42 0 0 168 2 0 2974 341 168 1 0 0 0 0 4 0 141 0 0 157 160 0 174 155 2806 0 0 34 0 0 0 2 1 3 1 0 0 166 0 171 0 0 3 187 0 175 2 192 160 0 168 1 0 1 0 0 0 178 -1 0 187 0 3 159 0 0 0 165 
0 0 0 139 2 0 0 1 3 0 0 0 0 153 33 0 136 0 0 0 0 2 131 321 135 0 0 149 0 2 0 0 0 0 4 3 1 0 0 148 0 0 0 0 0 0 2146 2 1 0 5 0 0 0 1 0 154 0 146 0 0 147 0 141 124 2 0 1 0 0 149 0 2 0 110 0 1 136 0 0 132 139 2 0 136 2 0 2259 0 2 0 2307 2259 0 0 136 142 0 0 0 1 142 134 161 0 0 29 0 0 131 0 1 0 1 0 0 0 0 0 429 152 0 0 3 0 6 0 0 4 1 0 0 0 0 0 3 0 0 0 1 5 0 3 146 0 0 3 1 27 1 0 134 1 0 -1 0 0 0 148 0 142 38 0 2196 0 26 149 0 2 0 0 296 0 132 1 0 0 0 132 1 149 0 139 1 0 137 0 -1 121 125 0 5 142 35 138 0 0 0 0 133 2 0 0 276 -1 0 0 133 0 0 3 0 0 0 0 2 0 162 0 140 158 0 1 -1 158 0 141 150 0 1 0 0 136 154 0 0 0 0 2 112 2304 120 31 1 2 3 152 1 0 0 0 0 2334 141 0 0 135 3 0 132 31 0 0 1 139 0 0 0 297 30 0 152 0 0 0 0 1 128 0 0 1 0 0 0 0 0 0 141 0 0 2 115 132 0 0 2 0 0 37 156 0 136 276 0 3 0 0 0 28 31 0 26 0 24 0 1 0 0 1 0 0 0 153 1 0 134 1 1 0 0 31 0 0 151 5 139 0 143 3 0 0 1 0 155 2334 141 6 2230 0 2 273 2 0 0 150 0 0 0 0 0 149 148 148 0 0 0 0 1 0 0 28 0 0 28 136 0 9 2 0 0 0 8 0 -1 0 0 0 0 0 0 0 144 2 0 0 0 133 1 0 2259 4 29 1 0 0 0 0 1 0 2231 0 140 1 3 0 147 140 0 167 268 -1 2 0 0 127 0 141 140 23 0 1 0 139 128 0 135 128 0 3 138 132 142 0 0 0 135 23 3 253 1 0 0 140 0 0 3 -1 0 0 0 4 0 0 0 1 29 0 137 2396 0 0 138 154 0 1 7 0 0 0 0 0 154 0 0 1 1 0 0 0 0 136 30 1 139 0 0 0 0 0 0 2 2 0 3 0 0 147 0 0 0 0 0 123 3 127 0 133 165 0 2237 0 0 0 0 0 0 134 0 0 0 0 2 0 0 0 2233 0 126 0 1 137 0 0 0 0 1 0 24 0 0 0 158 0 0 0 0 0 0 3 2 0 0 131 0 4 0 0 0 1 1 0 0 0 155 144 272 0 0 0 110 131 243 0 1 132 2 0 3 143 0 2 0 2 0 -1 0 4 34 0 25 0 139 138 5 0 0 2335 0 3 0 0 128 2 1 0 119 0 0 0 278 140 156 150 1 152 0 2459 23 2 1 2 0 1 0 0 23 140 0 0 0 4 0 0 137 0 3 0 0 126 2 0 2239 130 -1 0 0 0 0 0 0 0 0 0 151 4 0 0 0 2 0 0 0 149 141 137 0 141 0 0 26 1 0 0 0 140 31 149 0 0 2 127 2306 0 -1 0 137 0 1 1 0 136 0 0 172 2334 1 0 0 0 111 0 0 0 0 0 0 146 2259 0 0 2 0 2233 128 0 0 276 -1 0 0 0 137 4 138 0 0 135 0 0 0 1 0 0 3 0 0 0 0 0 0 0 0 143 0 10 135 127 0 0 0 0 0 0 0 0 140 0 1 0 1 2 149 137 4 137 0 0 0 276 0 1 0 0 0 136 148 0 5 0 0 0 141 0 -1 0 0 2 131 0 0 0 1 0 0 147 118 0 0 124 0 0 126 1 0 0 34 0 0 0 0 0 0 -1 150 0 256 0 0 4 0 0 0 0 1 0 0 0 283 0 2334 140 37 0 0 0 0 0 1 0 0 0 0 -1 0 0 0 2 132 0 0 139 138 150 24 143 128 0 124 2 153 2 0 -1 132 3 29 0 3 1 0 0 136 0 0 0 0 0 0 0 147 0 1 0 0 316 -1 0 2334 0 140 0 0 154 0 0 0 3 5 2 0 0 129 2 148 0 4 1 0 0 24 0 0 157 0 0 2489 283 127 1 0 0 0 1 4 0 140 0 0 133 158 0 125 124 2334 0 0 25 0 0 0 3 4 2 2 0 0 132 0 143 0 0 2 134 0 153 1 143 149 0 141 1 0 2 0 0 0 147 -1 0 153 0 3 138 0 0 0 121 
1 0 0 163 1 0 0 1 2 0 0 0 0 187 36 0 174 0 0 0 0 2 186 384 187 0 0 168 0 6 0 0 0 0 2 2 1 0 0 157 5 0 0 0 0 0 2789 0 4 0 2 0 0 0 1 0 186 0 204 0 0 170 0 183 182 1 0 3 0 0 195 0 4 2 194 0 1 160 0 0 180 192 2 0 182 2 0 2923 0 1 0 3052 2923 0 3 174 214 0 0 0 0 197 184 205 0 0 30 0 0 186 0 1 0 0 0 0 0 0 0 547 202 0 0 1 0 5 2 0 3 3 0 0 0 0 2 4 0 0 2 1 4 0 1 187 0 0 5 2 35 1 0 190 5 0 -1 1 0 0 214 0 180 43 0 2848 0 39 173 0 0 0 0 403 0 160 3 0 0 0 171 2 168 0 189 3 0 185 0 -1 145 198 4 0 190 55 189 0 0 0 0 184 5 0 0 348 -1 0 0 174 0 0 2 0 0 0 0 2 0 182 0 186 160 0 0 -1 160 1 200 177 0 1 0 0 180 180 2 0 0 0 1 198 3057 178 45 2 3 4 175 7 0 0 0 2 3098 161 0 0 182 4 0 170 43 0 0 1 163 0 0 0 363 40 0 165 0 0 0 0 4 222 0 0 3 0 0 0 1 0 0 193 0 0 0 209 178 0 0 4 2 2 33 199 0 161 346 0 2 0 0 0 28 40 0 40 0 26 0 0 0 0 1 0 0 0 199 2 0 164 0 4 0 0 35 0 0 174 1 179 0 165 2 0 0 3 0 174 3098 158 5 2941 0 1 350 0 0 0 186 0 0 0 0 0 181 194 174 0 0 0 0 2 0 0 33 0 0 29 163 0 4 2 0 0 0 2 0 -1 1 0 0 0 0 0 0 187 3 0 0 0 179 1 0 2923 1 29 3 0 0 0 0 3 0 2886 0 193 0 2 0 166 215 0 216 369 -1 2 0 0 198 2 180 185 39 0 5 0 162 165 0 206 186 4 4 178 171 192 0 0 2 180 34 3 315 2 0 0 192 0 0 2 -1 0 3 0 2 2 0 0 2 43 0 162 3154 0 0 168 204 0 0 3 0 0 0 0 0 168 0 0 0 0 0 0 0 0 189 40 4 163 1 0 0 1 0 0 1 1 0 0 0 0 176 0 0 0 0 0 149 3 176 0 162 185 0 2882 0 0 0 0 0 0 188 0 0 0 0 2 0 0 0 2887 0 176 0 2 178 0 0 0 0 3 0 28 0 0 0 199 0 0 0 0 0 0 0 1 0 0 181 0 1 0 0 0 0 4 0 0 0 174 179 346 0 1 0 196 188 334 0 4 167 3 0 4 173 0 9 0 3 0 -1 0 4 34 0 46 0 184 177 2 0 0 3099 0 8 0 0 177 1 3 0 147 0 0 0 375 197 191 174 1 174 0 3254 43 4 1 3 0 1 0 0 35 193 0 0 0 1 0 0 166 0 4 0 0 195 5 0 2881 180 -1 0 0 0 2 0 0 0 0 1 185 3 0 0 0 1 0 0 0 160 178 160 0 194 0 0 36 3 0 0 0 187 33 180 0 0 0 178 3058 0 -1 0 187 0 1 4 0 189 0 0 216 3098 3 0 0 0 194 0 0 0 3 0 0 169 2923 4 0 0 0 2881 221 0 0 408 -1 0 0 0 185 3 168 0 0 185 4 0 0 1 0 0 1 0 0 0 0 0 0 2 0 195 2 5 176 179 0 0 0 0 0 0 0 0 193 0 1 0 1 4 173 186 2 177 0 0 0 362 0 0 0 0 0 192 180 0 2 0 0 0 187 0 -1 0 0 2 161 0 0 0 5 0 0 183 158 6 0 184 0 0 196 1 0 0 44 0 0 0 0 0 0 -1 162 2 330 0 0 3 0 0 0 0 1 0 0 0 356 0 3098 186 30 0 0 0 2 0 1 0 0 0 0 -1 1 0 0 0 171 0 0 169 168 167 38 184 193 0 172 3 167 1 0 -1 167 1 27 0 1 2 0 0 176 0 0 0 0 1 0 0 173 0 4 0 0 399 -1 1 3098 0 164 0 0 191 0 0 0 1 2 0 0 1 178 1 157 0 1 2 0 0 28 0 0 197 0 0 3284 360 176 2 0 0 1 0 1 0 197 0 0 179 178 0 209 179 3098 0 0 34 0 0 0 2 3 0 3 0 0 167 0 195 0 0 3 159 0 187 3 180 171 0 195 1 0 3 0 0 0 208 -1 0 203 0 1 168 0 0 0 188 
1 0 0 119 1 0 0 2 1 0 0 0 0 138 28 0 118 0 0 0 0 1 119 275 116 0 0 120 0 0 0 0 0 0 2 2 2 0 0 105 3 0 0 0 0 0 1900 1 3 0 1 0 0 0 1 0 117 0 120 0 0 125 0 121 134 0 0 0 0 0 127 0 2 4 136 0 1 118 0 0 149 128 2 0 113 2 0 2000 0 2 0 2140 2000 0 0 116 128 0 0 0 1 129 127 125 0 0 22 0 0 119 0 0 0 0 0 0 0 0 0 391 148 0 0 3 0 5 0 0 4 1 0 0 0 0 1 0 0 0 1 1 1 0 3 119 0 0 1 0 20 1 0 141 0 0 -1 1 0 0 117 0 114 24 0 1946 0 23 122 0 0 0 0 247 0 112 1 0 0 0 131 0 120 0 127 3 0 115 0 -1 141 133 0 1 119 22 114 0 0 0 0 152 1 0 0 235 -1 0 0 137 0 0 3 0 0 0 0 2 0 134 0 124 127 0 0 -1 127 0 128 134 0 1 0 0 140 135 1 0 0 0 4 139 2134 131 23 3 2 8 127 0 0 0 0 2 2168 104 0 0 115 1 0 136 30 0 0 0 119 0 0 0 244 34 0 124 0 0 0 0 1 135 0 0 2 0 0 0 0 0 0 117 0 0 0 126 139 0 0 0 2 0 30 136 0 117 252 0 1 0 0 0 28 28 0 28 0 28 0 1 0 0 2 0 0 2 134 1 0 118 1 1 0 0 26 1 0 116 3 109 0 123 0 0 0 3 0 145 2168 120 3 2070 0 3 248 1 0 0 128 0 0 0 0 0 110 126 127 0 0 0 0 3 0 0 26 0 0 18 113 0 2 3 0 0 0 4 0 -1 3 0 0 0 0 0 0 116 2 0 0 0 110 1 0 2000 1 18 2 0 0 0 0 2 0 1975 1 119 1 0 0 114 126 0 144 264 -1 2 0 0 122 1 114 124 23 0 2 0 117 127 0 112 125 3 4 125 131 118 0 0 0 114 30 0 261 2 0 0 116 0 0 2 -1 0 2 0 3 0 0 0 3 22 0 117 2214 0 0 116 122 0 4 2 0 0 0 0 0 124 0 0 0 4 0 0 0 0 140 34 0 129 4 0 0 0 0 0 1 1 0 3 0 0 129 0 0 0 0 0 143 2 123 0 118 139 0 1982 0 0 0 0 0 0 138 0 0 0 0 3 0 0 0 1967 0 104 0 0 152 0 0 0 0 0 0 23 0 0 0 131 0 2 0 0 0 0 0 3 0 0 149 0 2 0 0 0 3 1 0 0 0 145 128 247 0 0 0 132 119 274 0 2 120 1 0 6 120 0 4 0 0 0 -1 0 2 25 0 38 0 119 120 2 0 0 2169 0 1 0 0 114 2 1 0 141 0 0 0 249 144 142 118 1 126 0 2267 20 3 1 1 0 1 0 0 22 131 0 0 0 2 0 0 108 0 5 0 0 119 0 0 1979 116 -1 0 0 0 0 0 0 0 0 0 112 0 0 0 0 1 0 0 0 104 118 116 0 132 0 0 29 7 0 0 0 116 27 134 0 0 1 110 2143 0 -1 0 132 0 2 1 0 114 0 0 148 2168 1 0 0 0 135 0 0 0 1 0 0 107 2000 0 0 3 0 1975 135 0 0 261 -1 0 0 0 115 2 114 0 0 121 3 0 0 0 0 0 1 0 0 0 0 0 0 3 0 119 0 4 124 140 0 0 0 0 0 0 0 0 131 0 1 0 1 1 131 133 2 124 0 0 0 249 0 1 0 0 0 136 116 0 3 0 0 0 125 0 -1 0 0 5 116 0 0 0 1 0 0 109 122 0 0 135 0 0 119 1 0 0 27 0 0 0 0 0 0 -1 117 0 284 0 1 1 0 0 0 0 2 0 0 1 234 0 2168 124 23 0 0 0 0 0 2 0 0 0 0 -1 0 0 0 3 120 0 0 126 115 119 20 121 108 0 136 1 122 1 0 -1 120 1 21 0 2 3 0 0 122 0 0 0 0 0 0 0 129 0 3 0 0 257 -1 2 2168 0 120 0 0 118 0 0 0 2 1 0 0 1 137 3 105 0 0 1 0 0 23 0 0 136 0 0 2280 240 123 1 0 0 0 0 2 0 144 0 0 140 117 0 126 124 2168 0 0 25 0 0 0 3 0 0 0 0 0 120 0 119 0 0 4 115 0 132 3 123 116 0 131 1 0 3 0 0 0 120 -1 0 149 0 3 115 0 0 0 119 
1 0 0 197 3 0 0 1 1 0 0 0 0 194 49 0 223 0 0 0 0 2 215 406 207 0 0 197 0 5 0 0 0 0 2 2 2 0 0 216 0 0 0 0 0 0 3199 2 5 0 8 0 0 0 1 0 232 0 207 1 0 201 0 198 245 5 0 1 0 0 228 0 2 4 198 0 6 195 0 1 203 198 0 0 216 3 0 3376 0 1 0 3624 3376 0 5 224 191 0 0 0 1 216 184 185 0 0 52 0 0 215 0 0 0 0 0 0 0 0 0 617 243 0 0 3 0 9 1 0 3 3 0 0 0 0 1 0 0 0 6 1 2 0 3 228 0 0 5 1 57 1 0 212 3 0 -1 1 0 0 208 4 231 50 0 3296 0 51 203 0 0 0 0 439 0 232 4 0 0 0 188 1 197 0 191 3 0 214 0 -1 220 195 1 1 223 40 238 0 0 0 0 207 2 0 0 390 -1 0 0 208 0 0 3 0 0 0 0 5 0 204 0 230 208 0 1 -1 208 0 204 190 0 1 0 0 200 188 3 0 0 0 3 201 3638 236 37 2 2 5 206 2 0 0 0 1 3672 197 0 0 230 1 0 190 44 0 0 1 197 0 0 0 434 33 0 220 0 0 0 0 1 218 0 1 3 0 0 0 1 0 0 217 0 0 0 212 212 0 0 2 5 1 38 199 0 195 402 0 0 0 0 0 48 46 0 43 0 51 0 4 0 0 0 0 0 0 198 4 0 237 1 2 0 0 45 2 0 210 2 211 0 231 2 0 0 1 0 213 3672 227 5 3499 0 1 407 0 0 0 211 0 0 0 0 0 229 227 202 0 0 0 0 2 0 0 39 0 0 42 217 0 5 1 0 0 0 6 0 -1 1 0 0 0 0 0 0 227 4 0 0 0 217 5 0 3376 1 42 1 0 0 0 0 2 1 3334 0 236 5 2 1 211 190 0 232 396 -1 3 0 0 217 0 195 191 48 0 3 0 193 200 0 223 215 1 6 195 188 209 0 0 1 210 43 3 436 1 0 0 216 0 0 3 -1 0 1 0 1 1 0 0 5 31 0 197 3736 0 0 234 182 0 0 6 0 0 0 0 0 204 0 0 2 3 0 0 0 0 211 33 6 199 4 0 0 0 0 0 3 4 0 3 0 0 184 0 0 0 0 0 224 4 212 0 236 207 0 3324 0 0 0 0 0 0 207 0 0 0 0 5 0 0 0 3341 0 204 0 4 204 0 0 0 0 1 0 37 0 0 0 258 0 0 0 0 0 0 2 3 0 0 202 0 2 0 0 0 3 2 0 0 0 213 209 428 0 1 0 196 213 418 0 4 221 4 0 4 235 0 5 0 3 0 -1 0 3 52 0 56 0 192 228 1 0 0 3673 0 5 0 0 204 1 3 0 223 1 0 0 441 221 199 228 1 184 0 3835 44 7 1 0 0 1 0 0 40 194 0 0 0 1 0 0 215 0 3 0 0 213 3 0 3338 184 -1 0 0 0 6 0 0 0 0 1 209 2 0 0 0 4 0 0 0 204 236 197 0 195 0 0 40 2 0 0 0 214 44 218 0 0 2 186 3620 0 -1 0 195 0 0 3 0 210 0 0 267 3672 3 0 1 0 192 0 0 0 2 0 0 210 3376 6 0 5 0 3334 215 0 0 430 -1 0 0 0 214 3 219 0 0 187 0 0 0 3 0 0 1 0 0 0 0 1 0 3 0 238 3 7 203 200 0 0 0 0 0 0 0 0 194 0 1 0 1 3 185 208 2 194 0 0 0 452 0 0 0 0 0 211 224 0 4 0 0 0 231 0 -1 0 0 2 234 0 0 0 2 0 0 205 248 2 0 248 0 0 213 1 0 0 42 0 0 0 0 0 0 -1 209 4 436 0 0 1 0 0 0 0 1 0 0 0 410 0 3672 230 35 0 0 0 4 0 5 0 0 0 0 -1 0 0 0 2 216 0 0 225 220 197 43 233 214 0 202 4 221 3 0 -1 221 3 52 0 4 3 0 0 221 0 0 0 0 0 0 0 215 0 6 0 0 392 -1 2 3672 0 198 0 0 237 0 0 0 2 2 0 0 3 206 7 216 0 1 2 0 0 35 0 0 198 0 0 3884 433 212 1 0 0 0 0 2 0 221 0 0 213 209 0 209 213 3672 0 0 44 0 0 0 3 1 2 3 0 0 221 0 238 0 0 4 194 0 204 3 224 224 0 192 1 0 5 0 0 0 211 -1 0 244 0 1 220 0 0 0 213 
1 0 0 235 4 0 0 3 2 0 0 0 0 229 56 0 206 0 0 0 0 2 219 456 223 0 0 227 0 3 0 0 0 0 3 4 1 0 0 219 6 0 0 0 0 0 3440 3 5 0 2 0 0 0 1 0 223 0 228 0 0 189 0 233 224 1 0 3 0 0 258 0 2 1 242 0 2 232 0 0 225 239 1 0 233 1 0 3607 0 2 0 3950 3607 0 2 220 214 0 0 0 0 218 217 232 1 0 48 0 0 219 0 4 0 1 0 0 0 0 0 684 238 0 0 5 0 5 4 0 5 3 0 0 0 0 2 2 0 0 2 1 1 0 4 241 0 0 3 1 47 1 0 213 1 0 -1 1 0 0 214 3 216 46 1 3506 0 39 193 0 1 0 0 490 0 219 3 0 0 0 248 8 227 0 217 4 0 220 0 -1 237 205 0 3 214 51 256 0 0 0 0 231 3 0 0 402 -1 0 0 246 0 0 5 0 0 0 0 1 0 218 0 220 225 0 0 -1 225 0 223 224 0 3 0 0 229 225 7 0 0 0 2 249 3966 222 37 0 3 5 195 1 0 0 0 1 4009 204 0 0 213 4 0 217 53 0 0 0 235 0 0 0 433 42 0 220 0 1 1 1 3 225 0 4 1 0 0 0 1 0 0 230 0 0 0 213 225 0 0 1 3 1 51 237 0 227 472 0 1 0 0 0 37 53 0 34 0 45 0 3 0 0 1 0 0 1 233 4 0 224 3 3 0 0 50 0 0 224 3 217 0 261 2 0 0 4 0 220 4009 257 6 3823 0 7 470 0 0 0 254 0 0 0 0 0 216 257 235 0 0 0 0 2 0 0 34 0 0 57 205 0 7 2 0 0 0 7 0 -1 3 0 0 0 0 0 0 237 2 0 0 1 228 2 0 3607 0 58 5 0 0 0 0 3 0 3573 0 219 4 2 1 218 209 0 253 444 -1 5 0 0 223 1 222 227 66 0 7 0 230 235 0 247 235 3 3 224 248 231 0 0 1 219 56 3 456 1 0 0 229 0 0 2 -1 0 4 0 2 0 0 0 2 35 1 235 4100 0 0 236 226 0 0 4 0 0 0 0 0 192 0 0 0 4 0 0 0 0 235 42 4 233 2 0 0 1 0 0 3 8 0 6 0 0 215 0 0 0 0 0 239 3 218 0 223 219 0 3555 0 0 0 0 0 0 230 0 0 0 0 4 0 0 0 3563 0 219 0 5 213 0 0 0 0 3 0 53 0 0 0 255 0 0 0 0 0 0 2 5 0 0 230 0 0 0 0 0 4 0 0 0 0 220 230 453 0 0 0 244 219 438 0 4 263 3 0 8 246 0 6 0 2 0 -1 0 1 51 0 53 0 218 224 0 0 0 4010 1 4 0 0 213 3 1 0 235 0 0 0 429 222 232 228 1 213 0 4198 47 4 1 1 0 4 0 0 49 228 0 0 0 2 0 0 205 0 1 0 0 222 6 0 3567 224 -1 0 0 0 3 0 0 0 0 0 217 2 0 0 0 3 0 0 0 210 242 230 0 229 0 0 48 2 0 0 0 228 42 233 0 0 2 220 3953 0 -1 0 203 0 1 1 0 225 0 0 279 4009 4 0 0 0 243 0 0 0 2 0 0 215 3607 1 0 1 0 3553 226 0 0 483 -1 0 0 0 220 4 204 0 0 219 1 0 0 1 0 0 1 0 0 0 0 0 0 5 0 221 4 8 217 215 0 0 0 0 0 0 0 0 228 0 1 0 1 3 221 233 3 223 0 0 0 453 0 4 0 0 0 238 214 0 7 0 0 0 221 0 -1 0 0 7 219 0 0 0 3 0 0 211 234 4 1 227 0 0 218 1 0 0 39 0 1 0 0 0 0 -1 211 8 458 0 0 4 0 0 0 0 5 0 0 3 409 0 4009 220 49 0 0 0 4 0 3 0 0 0 0 -1 0 0 0 2 228 0 0 236 208 226 48 225 238 0 218 4 218 6 0 -1 263 4 48 0 2 4 0 0 231 0 0 0 0 0 0 0 231 0 3 0 0 479 -1 2 4009 1 236 0 0 223 0 0 0 8 2 0 0 2 222 3 219 0 2 6 0 0 49 0 0 239 0 0 4227 467 218 1 0 0 2 0 3 0 222 0 0 226 223 0 213 235 4009 0 0 54 0 0 0 1 0 3 4 0 0 263 0 221 0 0 3 228 0 241 4 234 224 0 224 2 0 3 0 0 0 232 -1 0 239 0 3 208 0 0 0 217 
0 0 0 249 2 0 0 6 4 0 0 0 0 203 49 0 216 0 0 0 0 3 219 479 221 0 0 220 0 3 0 0 0 0 1 3 1 0 0 219 3 0 0 0 0 0 3423 3 3 0 2 0 0 0 1 0 233 0 219 0 0 261 0 234 193 3 0 5 0 0 251 0 4 2 229 0 2 245 0 0 236 238 2 0 229 3 0 3590 0 1 0 3795 3590 0 0 203 231 0 0 0 0 213 222 216 0 0 52 0 0 219 0 0 0 0 0 0 0 0 0 673 213 0 0 3 0 9 3 0 6 4 0 0 0 0 2 4 0 0 3 1 3 0 1 234 0 0 5 4 49 1 0 199 1 0 -1 0 0 0 221 3 231 44 1 3501 0 53 256 0 1 0 0 472 0 213 2 1 0 0 236 1 220 0 225 0 0 224 0 -1 247 224 7 6 209 56 251 0 0 0 0 239 4 0 0 467 -1 0 0 192 0 0 4 0 0 0 0 1 0 257 0 227 223 0 0 -1 223 0 207 216 0 2 0 0 232 220 4 0 0 0 3 232 3789 194 48 3 6 4 261 3 0 0 0 3 3830 204 0 0 202 4 0 223 48 0 0 2 249 0 0 0 495 41 0 219 0 0 0 0 3 231 0 2 7 0 0 0 0 0 0 227 0 0 0 222 210 0 0 1 5 0 47 219 0 243 410 0 2 0 0 0 50 36 0 37 0 69 0 4 0 0 1 0 0 0 216 2 0 216 4 2 0 0 35 0 0 205 4 199 0 208 3 0 0 3 0 222 3830 205 5 3671 0 0 421 0 0 0 221 0 0 0 0 0 228 250 226 0 0 0 0 5 0 0 36 0 0 44 214 0 10 3 0 0 0 4 0 -1 3 0 0 0 0 0 0 233 3 0 0 0 238 2 0 3590 1 45 6 0 0 0 1 4 0 3554 0 208 1 4 2 212 220 0 254 464 -1 2 0 0 214 2 224 227 39 0 4 0 244 185 0 224 193 3 3 231 236 226 0 0 0 220 68 4 460 3 0 0 226 0 0 1 -1 0 4 0 2 1 0 0 2 45 0 241 3899 0 1 225 216 0 3 4 0 0 1 0 0 250 0 0 0 3 0 0 0 0 210 41 2 229 3 0 0 0 0 1 1 5 0 4 0 0 209 0 0 0 0 0 253 4 220 0 212 260 0 3541 0 1 0 0 0 0 203 0 0 0 0 3 0 0 0 3543 0 234 0 3 246 0 0 0 0 1 0 42 0 0 0 251 0 0 0 2 0 0 7 1 0 0 236 0 1 0 0 0 2 3 0 0 0 222 239 455 0 0 0 222 218 472 0 4 217 2 0 9 240 0 8 0 3 0 -1 0 1 48 0 47 0 218 206 4 0 0 3831 0 4 0 0 211 2 1 0 245 0 0 0 436 216 206 226 1 213 0 4000 45 5 1 2 0 2 0 0 37 232 0 0 0 6 0 0 207 0 1 0 0 207 4 0 3549 227 -1 0 1 0 1 0 0 0 0 0 234 5 0 0 0 1 0 0 0 213 233 244 0 233 0 0 49 0 0 0 0 223 34 244 0 0 4 226 3775 0 -1 0 216 0 1 5 0 217 0 0 262 3830 3 0 0 0 227 0 0 0 3 0 0 218 3590 2 0 4 0 3541 226 0 0 457 -1 0 0 0 224 4 216 0 0 223 3 0 0 6 0 0 5 0 0 0 0 2 0 5 0 211 1 4 232 231 0 0 1 0 0 0 0 0 232 0 4 0 1 6 214 204 3 230 0 0 0 465 0 0 0 0 0 209 220 0 5 0 0 0 228 0 -1 0 0 3 212 0 0 0 6 0 0 229 221 4 0 196 0 0 212 1 0 0 46 0 0 0 0 0 0 -1 215 5 460 0 0 2 0 0 1 0 4 0 0 1 476 0 3830 227 44 0 0 0 1 0 2 0 0 0 0 -1 0 0 0 2 235 0 0 215 216 216 52 205 205 0 206 1 217 3 0 -1 217 2 52 0 2 2 0 0 231 0 0 0 0 0 0 0 241 0 3 0 0 455 -1 5 3830 0 250 0 0 235 0 0 0 4 2 0 0 5 207 2 219 0 1 1 0 0 39 0 0 220 1 0 4064 458 220 1 0 0 1 0 1 0 216 0 0 211 204 0 214 186 3830 0 0 57 0 0 0 5 2 1 2 0 0 217 0 211 0 0 4 246 0 232 2 222 224 0 233 1 0 1 0 0 0 221 -1 0 214 0 0 216 0 0 0 206 
0 0 0 105 0 0 0 0 1 0 0 0 0 123 23 0 116 0 0 0 0 0 108 207 108 0 0 98 0 2 0 0 0 0 2 2 0 0 0 109 1 0 0 0 0 0 1642 2 2 1 1 0 0 0 1 0 95 0 97 0 0 121 0 120 107 1 0 1 0 0 123 0 1 4 113 0 2 103 0 0 123 121 2 0 110 0 0 1724 0 1 0 1776 1724 0 2 125 118 0 0 0 0 119 124 120 0 0 22 0 0 108 0 2 0 0 0 0 0 0 0 311 125 0 0 3 0 1 1 0 3 1 0 0 0 0 3 2 0 0 1 1 3 0 1 115 0 0 5 5 19 1 0 104 1 0 -1 0 0 0 107 2 91 23 0 1680 0 33 120 0 0 0 0 221 0 112 3 0 0 0 123 2 98 0 124 1 0 105 0 -1 122 108 4 1 117 25 95 0 0 0 0 124 2 0 0 223 -1 0 0 121 0 0 3 0 0 0 0 1 0 98 0 121 106 0 1 -1 106 0 81 101 0 0 0 0 102 104 0 0 0 0 2 116 1788 102 31 1 2 1 122 3 0 0 0 1 1805 94 0 0 114 1 0 99 23 0 0 0 105 0 0 0 237 17 0 117 1 0 0 0 3 110 0 0 2 0 0 0 0 0 0 113 0 0 1 110 116 0 0 1 2 0 21 109 0 103 231 0 1 0 0 0 24 23 0 26 0 24 0 0 0 0 0 0 0 0 108 1 0 115 1 3 0 0 22 0 0 102 3 99 0 131 2 0 0 0 0 102 1805 127 5 1729 0 2 249 2 0 0 119 0 0 0 0 0 89 122 101 0 0 0 0 2 0 0 25 0 0 18 101 0 3 0 0 0 0 3 0 -1 1 0 0 0 0 0 0 114 1 0 0 0 101 1 0 1724 0 18 0 0 0 0 1 1 0 1708 0 114 1 2 0 108 111 0 121 214 -1 2 0 0 132 1 110 121 31 0 2 0 105 116 0 116 91 3 0 110 123 114 0 0 0 104 31 2 204 1 0 0 112 0 0 0 -1 0 2 0 1 0 0 0 0 29 0 104 1841 0 1 98 111 0 2 3 0 0 0 0 0 116 0 0 0 2 0 0 0 0 104 17 1 102 2 0 0 0 0 0 1 2 0 3 0 0 98 0 0 0 0 0 123 2 102 0 115 98 0 1705 0 0 0 0 0 0 100 0 0 0 0 0 0 0 0 1712 0 99 0 1 102 0 0 0 0 2 0 29 0 0 0 120 0 0 0 0 0 0 1 3 0 0 122 0 2 0 0 0 1 1 0 0 0 102 101 223 0 0 0 114 109 229 0 2 116 0 0 3 99 0 1 0 2 0 -1 0 1 25 0 20 0 112 126 3 0 0 1806 0 2 0 0 105 2 2 0 122 0 0 0 237 113 125 113 1 100 0 1896 19 3 1 1 0 2 0 0 25 126 0 0 0 4 0 0 104 0 0 0 0 130 5 0 1701 109 -1 0 0 0 1 0 0 0 0 0 115 1 0 0 0 2 0 0 0 96 100 105 0 127 0 0 21 1 0 0 0 111 22 102 0 0 3 103 1781 0 -1 0 99 0 0 0 0 111 0 0 131 1805 0 0 1 0 113 0 0 0 0 0 0 109 1724 1 0 0 0 1709 110 0 0 231 -1 0 0 0 105 0 106 0 0 118 1 0 0 0 0 0 5 0 0 0 0 0 0 1 0 116 1 6 100 117 0 0 0 0 0 0 0 0 126 0 2 0 1 1 99 103 0 109 0 0 0 236 0 2 0 0 0 101 93 0 6 0 0 0 122 0 -1 0 0 0 114 0 0 0 0 0 0 113 106 0 0 107 0 0 129 1 0 0 21 0 0 0 0 0 0 -1 109 2 239 0 0 1 0 0 0 0 2 0 0 0 226 0 1805 121 23 0 0 0 1 0 1 0 0 0 0 -1 0 0 0 1 112 0 1 122 106 101 27 115 113 0 115 0 119 2 0 -1 116 1 22 0 2 1 0 0 112 0 0 0 0 1 0 0 101 0 1 0 0 225 -1 2 1805 0 106 0 0 95 0 0 0 0 0 0 0 2 113 2 109 0 2 2 0 0 29 0 0 109 1 0 1920 211 102 1 0 0 0 0 2 0 113 0 0 117 104 0 109 86 1805 0 0 24 0 0 0 2 2 2 0 0 0 116 0 116 0 0 1 103 0 103 1 94 110 0 128 1 0 2 0 0 0 98 -1 0 126 0 0 106 0 0 0 130 
0 0 0 271 4 0 0 2 1 0 0 0 0 228 45 0 238 0 0 0 0 3 234 505 258 0 0 251 0 3 0 0 0 0 4 3 2 0 0 225 0 0 0 0 0 0 3793 2 4 1 3 0 0 0 1 0 244 0 249 0 0 231 0 237 239 4 0 2 0 0 278 0 1 1 252 0 6 268 0 0 273 246 4 0 258 5 0 4005 0 2 0 4295 4005 0 0 231 274 0 0 0 0 258 273 237 0 0 61 0 0 234 0 5 0 0 0 0 0 0 0 768 251 0 0 4 0 10 4 0 7 2 0 0 0 0 4 2 0 0 1 1 6 0 5 264 0 0 6 1 50 1 0 252 4 0 -1 0 0 0 217 3 245 55 1 3886 0 49 227 0 0 0 0 534 0 258 0 0 0 0 230 7 251 0 264 1 0 250 0 -1 259 246 2 1 257 45 241 0 0 0 0 277 2 0 0 499 -1 0 0 266 0 0 8 0 0 0 0 1 0 237 0 251 233 0 0 -1 233 0 235 257 0 8 0 0 257 257 2 0 0 0 1 257 4289 231 46 2 2 5 234 2 0 0 0 5 4344 257 0 0 246 3 0 253 59 0 0 0 271 0 0 0 497 55 0 281 0 1 0 0 5 258 0 1 3 0 0 0 0 0 0 267 0 0 1 246 236 0 0 0 3 1 61 263 0 266 454 0 6 0 0 1 62 72 0 50 0 43 0 3 0 0 1 0 0 0 258 5 0 263 6 3 0 0 39 1 1 238 0 264 0 262 4 0 0 1 0 259 4344 254 3 4121 0 5 528 0 0 0 269 0 0 0 0 0 239 277 253 0 0 0 0 1 0 0 61 0 0 42 250 0 10 3 0 0 0 3 0 -1 6 0 0 0 0 0 0 262 6 0 0 0 266 2 0 4005 2 42 6 0 0 0 1 6 0 3964 0 260 4 1 2 269 269 0 333 501 -1 4 0 0 279 2 284 231 48 0 4 0 265 254 0 267 259 0 7 267 230 266 0 0 0 247 50 2 514 2 0 0 266 0 0 1 -1 0 2 0 4 0 0 0 4 41 0 272 4435 0 1 229 230 1 0 10 0 0 0 0 0 227 0 1 1 4 0 0 0 0 269 55 4 251 6 0 0 0 0 0 5 4 0 3 0 0 250 0 0 0 0 0 261 4 254 0 260 242 0 3967 0 0 0 0 0 0 266 0 0 0 0 3 0 0 0 3954 0 256 0 4 262 0 0 0 0 4 0 43 0 0 0 299 0 0 0 0 0 0 6 2 0 0 270 0 4 0 0 0 1 4 0 0 0 259 247 466 0 1 0 256 233 508 0 2 235 4 0 7 239 0 5 0 3 0 -1 0 3 41 0 49 0 278 233 5 0 0 4345 0 8 0 0 226 3 3 0 256 0 0 0 507 263 232 285 1 245 0 4548 38 3 1 0 0 1 0 0 44 280 0 0 0 4 0 0 245 0 4 0 0 272 5 0 3956 231 -1 0 0 0 6 0 0 0 0 0 238 4 0 0 0 4 0 0 0 263 238 268 0 281 0 0 47 8 0 0 0 262 40 257 0 0 5 229 4292 0 -1 0 225 0 1 4 0 257 0 0 341 4344 5 0 0 0 250 0 0 0 6 0 0 279 4005 6 0 2 0 3957 257 0 0 524 -1 0 0 0 250 7 248 0 0 270 4 0 0 1 0 0 6 0 0 0 0 0 0 2 0 261 5 10 227 268 0 0 0 0 0 0 0 0 280 0 2 0 1 4 252 266 4 266 0 0 0 490 0 5 0 0 0 270 244 0 8 0 0 0 252 0 -1 0 0 1 257 0 0 0 3 0 0 228 242 3 0 242 0 0 276 1 0 0 52 0 0 0 0 0 0 -1 271 5 496 0 0 2 0 0 0 0 4 0 0 1 479 0 4344 251 61 0 0 0 1 0 1 0 0 0 0 -1 0 0 0 3 234 0 2 240 254 252 43 263 256 0 229 4 283 4 0 -1 235 1 61 0 2 5 0 0 236 0 0 0 0 0 0 0 254 0 3 0 0 513 -1 2 4344 0 272 0 0 243 0 0 0 5 7 0 0 5 233 2 225 0 1 2 0 0 43 0 0 262 0 0 4580 533 254 1 0 0 3 0 4 0 263 0 0 237 246 0 249 253 4344 0 0 67 0 0 0 1 5 2 3 0 0 235 0 261 0 0 4 264 0 266 2 282 278 0 279 1 0 2 0 0 0 256 -1 0 252 0 3 254 0 0 0 268 
1 0 0 208 4 0 0 4 2 0 0 0 0 213 39 0 175 0 0 0 0 4 204 401 201 0 0 192 0 1 0 0 0 0 3 2 2 0 0 184 2 0 0 0 0 0 3045 3 3 0 4 0 0 0 1 0 178 0 186 0 0 180 0 162 204 3 0 3 0 0 203 0 3 1 221 0 2 203 0 0 207 169 2 0 197 4 0 3198 0 4 0 3308 3198 0 5 184 195 0 0 0 1 209 190 187 0 0 46 0 0 204 0 5 0 0 0 0 0 0 0 593 191 0 0 5 0 6 0 0 7 1 0 0 0 0 3 7 0 0 1 1 2 0 0 204 1 0 4 0 36 1 0 177 4 0 -1 0 0 0 215 2 175 39 1 3121 0 44 178 0 1 0 0 391 0 205 2 1 0 0 220 3 192 0 194 4 0 183 0 -1 185 214 1 2 193 44 186 0 0 0 0 210 3 0 0 352 -1 0 0 202 0 0 3 0 0 0 0 2 0 198 0 183 208 0 0 -1 208 0 191 189 0 2 0 0 200 188 1 1 0 0 0 224 3296 199 33 1 0 9 181 3 0 0 0 1 3340 171 0 0 192 2 0 191 54 0 0 3 208 0 0 0 384 42 0 194 0 0 0 0 0 207 1 2 1 0 0 0 0 0 0 205 0 0 0 198 219 0 0 5 2 0 46 201 0 203 417 0 2 0 0 0 46 33 0 39 0 36 0 2 0 0 2 0 0 1 199 0 0 208 3 5 0 0 41 0 0 198 6 207 0 207 4 0 0 0 0 216 3340 204 4 3205 0 2 397 2 0 0 223 0 0 0 0 0 174 202 211 0 0 0 0 1 0 0 43 0 0 45 211 0 3 2 0 0 0 6 0 -1 1 0 0 0 0 0 0 202 4 0 0 0 221 2 0 3198 4 46 0 0 0 0 1 4 0 3154 0 194 2 4 0 184 194 0 221 380 -1 4 0 0 213 0 186 166 48 0 2 0 205 195 0 210 181 5 4 202 220 206 0 0 0 179 53 2 380 4 0 0 204 0 0 3 -1 0 1 0 3 0 0 0 3 28 0 206 3424 0 0 186 181 0 3 4 0 0 0 0 0 180 0 1 0 3 0 0 0 0 173 42 1 156 3 0 0 0 0 0 0 6 0 2 0 0 185 0 0 0 0 0 191 2 217 0 208 200 0 3155 0 0 0 0 0 0 174 0 0 0 0 4 0 0 0 3159 0 211 0 2 203 0 0 0 0 2 0 40 0 0 0 243 1 0 0 0 0 0 3 3 0 0 206 0 5 0 0 0 1 2 0 0 0 216 180 388 0 0 0 217 201 399 0 2 213 2 0 4 189 0 6 0 3 0 -1 0 2 42 0 38 0 179 188 2 0 0 3341 0 5 0 0 192 0 2 0 189 0 0 0 388 179 214 192 1 181 0 3498 35 2 1 5 0 3 0 0 36 201 0 0 0 4 0 0 210 0 2 0 0 210 3 0 3158 208 -1 0 0 0 0 0 1 0 0 0 228 0 1 0 0 3 0 0 0 173 190 207 0 202 0 0 41 2 0 0 0 199 35 185 0 0 3 207 3297 0 -1 0 198 0 2 3 0 201 0 0 217 3340 2 0 0 0 223 0 0 0 1 0 0 185 3198 2 0 3 0 3154 207 0 0 435 -1 0 0 0 183 2 211 0 0 197 5 0 0 1 0 0 2 0 0 0 0 0 0 2 0 195 1 10 202 202 0 0 0 0 0 0 0 0 201 0 1 0 1 4 187 174 3 201 0 0 0 397 0 3 0 0 0 175 174 0 4 0 0 0 184 0 -1 0 0 4 204 0 0 0 6 0 0 227 195 3 0 204 0 0 212 1 0 0 48 0 0 0 0 0 0 -1 192 0 407 0 0 2 0 0 0 0 3 0 0 0 376 0 3340 183 44 0 0 0 3 0 3 0 0 0 0 -1 0 0 0 3 210 0 0 184 215 188 32 195 197 0 208 5 194 2 0 -1 213 1 46 0 1 2 0 0 217 0 0 0 0 1 0 0 183 0 8 0 0 410 -1 1 3340 0 209 0 0 178 0 0 0 2 1 0 0 1 217 5 184 0 4 3 0 0 38 0 0 204 2 0 3568 391 217 1 0 0 3 0 4 0 179 0 0 220 203 0 202 180 3340 0 0 42 0 0 0 1 1 1 2 0 0 213 0 195 0 0 2 198 0 219 2 201 189 0 201 1 0 2 0 0 0 188 -1 0 192 0 4 215 0 0 0 208 
0 0 0 164 2 0 0 0 0 0 0 0 0 170 40 0 172 0 0 0 0 2 152 335 178 0 0 168 0 1 0 0 0 0 3 5 2 1 0 175 4 0 0 0 0 0 2602 0 1 0 2 0 0 0 1 0 165 0 163 0 0 171 0 151 152 4 0 2 0 0 185 0 2 1 165 0 0 159 0 0 188 155 4 0 161 5 0 2718 0 0 0 2920 2718 0 4 173 167 0 0 0 0 165 171 170 1 0 42 0 0 152 0 3 0 1 0 0 0 0 0 520 175 0 0 2 0 5 1 0 3 3 0 0 0 0 1 4 0 0 1 1 3 0 3 168 0 0 6 2 41 1 0 181 2 0 -1 0 0 0 180 2 158 31 0 2648 0 35 170 0 0 0 0 350 0 175 3 0 0 0 178 1 168 0 166 4 0 142 0 -1 169 174 0 1 170 30 174 0 0 0 0 191 3 0 0 310 -1 0 0 167 0 0 2 0 0 0 0 4 0 155 0 185 181 1 2 -1 181 0 182 199 0 2 0 0 172 197 0 0 0 0 3 171 2914 147 41 3 1 6 175 3 0 0 0 1 2953 152 0 0 163 0 0 165 31 0 0 1 164 0 0 0 341 38 0 172 0 0 0 1 3 169 0 1 2 0 0 0 0 0 0 182 0 0 1 164 195 0 0 4 1 0 34 175 0 161 331 0 2 0 0 0 41 40 0 47 0 39 0 3 0 0 0 0 0 1 172 1 0 178 3 2 0 0 37 0 0 161 5 156 0 176 2 0 0 1 0 177 2953 169 5 2809 0 4 336 1 0 0 161 0 0 0 0 0 159 184 154 0 0 0 0 2 0 0 28 0 0 28 181 0 5 1 0 0 0 5 0 -1 1 0 0 0 0 0 0 165 5 1 0 0 174 1 0 2718 2 29 3 0 0 0 2 2 0 2689 0 166 3 2 1 163 166 0 168 342 -1 2 0 0 172 0 149 153 44 0 5 0 162 158 0 168 177 3 5 176 178 180 0 0 0 136 34 2 330 3 0 0 181 0 0 4 -1 0 4 0 2 2 0 0 0 38 0 159 3012 0 0 179 159 0 1 8 0 0 0 0 0 174 0 0 0 1 0 0 0 0 156 38 2 164 3 0 0 0 0 0 3 6 0 2 1 0 189 0 0 0 0 0 171 3 173 0 176 160 0 2691 0 0 0 0 0 0 157 0 0 0 0 3 0 0 0 2684 0 170 0 4 165 0 0 0 0 0 0 38 0 0 0 209 0 1 0 0 0 0 4 1 0 0 191 0 2 0 0 0 1 2 0 0 0 177 176 332 0 1 0 164 154 339 0 3 169 5 0 4 182 0 6 0 1 0 -1 0 0 45 0 45 0 146 173 7 0 0 2954 0 6 0 0 150 1 2 0 168 0 0 0 345 187 172 172 1 183 0 3088 43 2 1 2 0 0 0 0 33 176 0 0 0 1 0 0 180 0 2 0 0 170 4 0 2685 173 -1 0 0 0 1 0 0 0 0 0 168 2 2 0 0 3 0 0 0 154 182 162 0 177 0 0 36 4 0 0 0 178 37 180 0 0 0 170 2901 0 -1 0 166 0 0 1 0 179 0 0 203 2953 5 0 1 0 165 0 0 0 3 0 1 165 2718 1 0 3 0 2678 169 0 0 328 -1 0 0 0 142 3 185 0 0 167 2 0 0 3 0 0 2 0 0 0 0 0 0 2 0 170 1 3 157 183 0 0 0 0 0 0 0 0 176 0 0 0 1 6 195 155 2 175 0 0 0 346 0 2 0 0 0 159 164 0 3 0 0 0 186 0 -1 0 0 1 176 0 0 0 6 0 0 163 164 4 0 157 0 0 167 1 0 0 39 0 0 0 0 0 0 -1 168 1 366 0 0 4 0 0 0 0 4 0 0 0 348 0 2953 185 20 0 0 0 3 0 5 0 0 0 0 -1 0 0 0 3 158 0 0 177 185 163 39 165 162 0 190 2 173 5 0 -1 169 2 40 1 2 1 0 0 156 0 0 0 0 1 0 1 178 0 5 0 0 331 -1 1 2953 0 165 1 0 166 0 0 0 1 2 0 0 3 194 2 175 0 2 6 0 0 36 0 0 175 1 0 3119 342 173 1 0 0 2 0 1 0 187 0 0 196 165 0 162 175 2953 0 0 29 0 0 0 2 2 5 1 0 0 169 0 170 0 0 1 160 0 161 0 175 167 0 176 2 0 2 0 0 0 165 -1 0 176 0 1 185 0 0 0 166 
0 0 0 239 2 0 0 1 5 0 0 0 0 233 44 0 217 0 0 0 0 7 230 451 210 0 0 216 0 2 0 0 0 0 1 4 3 0 0 213 1 0 0 0 0 0 3591 4 5 0 7 0 0 0 1 0 227 0 244 0 0 202 0 228 234 0 0 2 0 0 241 0 6 2 215 0 2 234 0 0 228 234 3 0 210 1 0 3782 0 2 0 3912 3782 0 3 262 215 0 0 0 0 250 221 219 0 0 61 0 0 230 0 2 0 2 0 0 0 0 0 642 233 0 0 5 0 4 5 0 3 0 0 0 0 0 3 1 0 0 0 1 4 0 2 217 0 0 6 4 59 1 0 235 3 0 -1 0 0 0 220 4 216 47 0 3688 0 54 198 0 0 0 0 490 0 244 1 0 0 0 251 2 216 0 221 2 0 209 0 -1 239 242 4 3 240 42 250 0 0 0 0 231 7 0 0 429 -1 0 0 211 0 0 6 0 0 0 0 4 0 223 0 233 237 0 0 -1 237 0 192 239 0 4 0 0 233 239 2 0 0 0 2 223 3902 229 38 3 0 5 201 5 0 0 0 2 3960 235 0 0 236 5 0 227 50 0 0 1 239 0 0 0 417 58 0 212 0 0 2 1 2 217 0 2 2 0 0 0 1 1 0 217 0 0 0 206 236 0 0 5 3 2 44 228 0 234 438 0 1 0 0 1 40 52 0 44 0 37 0 3 0 0 0 0 0 0 227 5 0 247 2 4 0 0 50 0 0 223 3 233 0 225 2 0 0 6 0 273 3960 220 9 3776 0 7 437 2 0 0 231 0 0 0 0 0 223 240 240 0 0 0 0 2 0 0 46 0 0 42 234 0 5 4 0 0 0 8 0 -1 8 0 0 0 0 0 0 215 3 0 0 0 237 1 0 3782 2 43 4 0 0 0 0 1 0 3748 0 241 2 3 0 204 213 0 281 460 -1 4 0 0 217 0 242 222 42 0 1 1 236 205 0 233 235 2 8 226 251 222 0 0 0 204 44 3 447 3 0 0 216 0 0 3 -1 0 1 0 2 0 0 0 3 35 0 234 4050 0 0 213 212 0 3 5 1 0 0 0 0 196 0 0 1 3 0 1 0 0 238 58 1 216 0 0 0 0 0 0 3 6 0 6 0 0 227 0 0 0 0 0 241 1 207 0 246 223 0 3731 0 0 0 0 1 0 236 0 0 0 0 4 0 0 0 3718 0 226 0 2 251 0 0 0 0 5 0 47 0 0 0 279 0 0 0 0 0 0 3 4 0 0 229 0 7 0 0 0 5 3 0 1 0 273 205 483 0 0 0 221 229 479 0 2 219 3 0 5 222 0 3 0 2 0 -1 0 2 52 0 53 0 236 266 3 0 0 3961 0 5 0 0 221 4 3 0 238 0 0 0 474 244 238 213 1 229 0 4129 48 1 1 3 0 7 0 0 50 227 0 0 0 3 0 0 235 0 2 2 0 217 5 0 3744 244 -1 0 0 0 4 0 0 0 0 0 217 0 0 0 0 2 1 0 0 236 224 238 0 228 0 0 46 3 0 0 0 213 43 215 0 0 1 236 3914 0 -1 0 200 0 0 3 0 204 0 0 256 3960 3 0 1 0 220 1 0 0 3 0 0 206 3782 5 0 1 0 3733 216 0 0 452 -1 0 0 0 209 6 235 0 0 216 3 0 0 2 0 0 4 0 0 0 0 1 0 1 0 248 1 8 259 222 0 0 0 0 0 0 0 0 227 0 3 0 1 3 234 233 2 225 0 0 0 459 0 1 0 0 0 239 224 0 3 0 0 0 234 0 -1 0 0 4 242 0 0 0 3 0 0 211 218 5 0 236 0 0 214 1 0 0 60 0 0 0 0 0 0 -1 201 0 471 0 0 1 0 0 0 0 2 0 0 1 402 0 3960 233 39 0 0 0 2 1 1 0 0 0 0 -1 0 0 0 2 218 0 1 221 239 215 46 237 219 0 229 7 211 1 0 -1 219 2 61 0 4 2 0 0 212 0 0 0 0 0 0 0 209 0 2 0 0 470 -1 1 3960 0 240 0 0 233 0 0 0 3 3 1 0 3 232 5 213 0 5 2 0 0 47 0 0 230 2 0 4179 443 207 1 0 0 9 0 1 0 244 0 0 237 230 0 212 226 3960 0 0 48 0 0 0 5 3 1 4 0 0 219 0 248 0 0 1 233 0 251 2 220 210 0 229 1 0 6 0 0 0 249 -1 0 234 0 3 239 0 0 0 211 
0 0 0 176 0 0 0 6 2 1 0 0 0 180 43 0 186 0 0 0 0 4 197 369 165 0 0 183 0 0 0 0 0 0 1 3 1 0 0 185 2 0 0 0 0 0 2739 1 1 0 3 0 0 0 1 0 157 0 166 0 0 167 0 170 179 1 0 3 0 0 168 0 2 3 188 0 2 172 0 0 187 177 6 0 151 2 0 2905 0 3 0 3064 2905 0 1 201 190 0 0 0 0 184 183 190 0 0 32 0 0 197 0 1 0 0 0 0 0 0 0 519 183 0 0 2 0 5 6 0 6 0 0 0 0 0 2 2 0 0 1 1 4 0 2 157 0 0 6 1 50 1 0 149 3 0 -1 0 0 0 176 3 153 44 0 2829 0 40 175 0 0 0 0 336 0 173 0 0 0 0 175 2 183 0 179 1 0 189 0 -1 180 206 5 3 162 31 181 0 0 0 0 192 3 0 0 333 -1 0 0 169 0 0 3 0 0 0 0 2 0 166 0 194 201 0 0 -1 201 0 189 178 0 3 0 0 175 178 1 0 0 0 0 192 3074 175 44 1 3 5 179 1 0 0 0 4 3102 179 0 0 155 4 0 169 41 0 0 0 176 0 0 0 338 28 0 219 0 0 0 0 2 182 1 2 2 0 0 0 1 0 0 172 0 0 1 176 170 0 0 2 3 1 32 202 0 171 341 0 0 0 0 0 55 49 0 44 0 40 0 3 0 0 1 0 0 0 200 2 0 173 3 4 0 0 27 0 0 172 0 178 0 185 3 0 0 1 0 176 3102 183 10 2944 0 1 355 0 0 0 166 0 0 0 0 0 154 167 196 0 0 0 0 3 0 0 41 0 0 36 186 0 4 4 0 0 0 3 0 -1 1 0 0 0 0 0 0 158 3 0 0 0 185 1 0 2905 3 37 1 0 0 0 0 5 0 2867 0 158 1 1 1 188 189 0 207 366 -1 2 0 0 190 0 171 172 40 0 1 0 172 162 0 162 189 3 6 165 175 169 0 0 1 183 49 3 353 3 0 0 171 0 0 5 -1 0 2 0 1 2 0 0 6 43 0 173 3154 0 1 184 183 0 2 3 0 0 0 0 0 175 0 0 2 7 0 0 0 0 185 28 1 158 2 0 0 0 0 0 4 2 0 2 0 0 173 0 0 0 0 0 188 2 161 0 172 167 0 2872 0 0 0 0 0 0 180 0 0 0 0 4 0 0 0 2870 0 175 0 2 171 0 0 0 0 4 0 38 0 0 0 220 0 1 0 0 0 0 2 0 0 0 185 0 1 0 0 0 1 1 0 0 0 176 158 392 0 0 0 185 198 392 0 5 170 2 0 4 191 0 3 0 2 0 -1 0 3 35 0 41 0 171 205 1 0 0 3103 0 6 0 0 193 3 5 0 185 0 0 0 372 159 184 192 1 164 0 3271 37 2 1 0 0 2 0 0 28 185 0 0 0 2 0 0 184 1 1 0 0 187 0 0 2856 162 -1 0 0 0 1 0 0 0 0 1 171 2 0 0 0 0 0 0 0 180 192 173 0 186 0 0 34 2 0 0 0 170 40 164 0 0 3 157 3057 0 -1 0 177 0 1 0 0 167 0 0 231 3102 4 0 1 0 184 0 0 0 3 0 0 186 2905 0 0 5 0 2866 182 0 0 357 -1 0 0 0 189 2 188 0 0 180 0 0 0 2 0 0 5 0 0 0 0 0 0 0 0 160 5 4 202 184 0 0 1 0 0 0 0 0 185 0 2 0 1 6 172 175 1 164 0 0 0 376 0 4 0 0 0 185 153 0 3 0 0 0 195 0 -1 0 1 1 171 0 0 0 4 0 0 166 178 0 0 181 0 0 185 1 0 0 44 0 0 0 0 0 0 -1 215 0 357 0 0 1 0 0 0 0 1 0 0 0 340 0 3102 194 37 0 0 0 3 0 1 0 0 0 0 -1 0 0 0 3 178 0 0 190 187 180 31 156 159 0 166 0 218 2 0 -1 170 3 32 0 2 4 0 0 177 0 0 0 0 0 0 0 160 0 5 1 0 393 -1 3 3102 0 177 0 0 158 0 0 0 1 2 0 0 1 169 1 185 0 6 1 0 0 37 0 0 199 1 0 3273 340 161 1 0 0 1 0 2 0 159 0 0 171 171 0 174 188 3102 0 0 30 0 0 0 2 3 3 0 0 0 170 0 160 0 0 5 172 0 202 3 183 189 0 185 1 0 5 0 0 0 168 -1 0 184 0 2 187 0 0 0 182 
0 0 0 109 1 0 0 1 3 0 0 0 0 107 24 0 105 0 0 0 0 0 103 218 101 0 0 97 0 0 0 0 0 0 1 4 0 0 0 112 1 0 0 1 0 0 1611 1 1 0 1 0 0 0 1 0 114 0 118 0 0 103 0 87 112 1 0 0 0 0 106 0 2 1 117 0 1 109 0 0 108 89 0 0 103 2 0 1684 0 1 0 1781 1684 0 1 111 119 0 0 0 0 120 113 91 0 0 20 0 0 103 0 0 0 0 0 0 0 0 0 304 102 0 0 3 0 4 2 0 1 0 0 0 0 0 3 4 0 0 4 1 3 0 0 106 0 0 3 4 20 1 0 105 2 0 -1 1 0 0 105 2 113 18 0 1642 0 22 103 0 1 0 0 225 0 105 0 0 0 0 108 1 97 0 108 0 0 102 0 -1 107 114 0 2 99 19 115 0 0 0 0 110 0 0 0 211 -1 0 0 111 0 0 2 0 0 0 0 3 0 104 0 114 102 0 0 -1 102 0 108 98 0 1 0 0 96 100 0 0 0 0 5 120 1777 109 20 1 0 3 106 1 0 0 0 2 1800 106 0 0 97 3 0 94 24 0 0 0 109 0 0 0 213 23 0 99 0 1 0 0 1 102 0 2 1 0 0 0 1 0 0 105 0 0 0 99 113 0 0 0 2 0 28 112 0 106 209 0 2 0 0 0 16 23 0 19 0 16 0 0 0 0 1 0 0 0 110 2 0 106 0 1 0 0 22 0 0 97 2 121 0 117 0 0 0 0 0 102 1800 115 5 1708 0 2 224 2 0 0 104 0 0 0 0 0 112 105 101 0 0 0 0 0 0 0 19 0 0 27 93 0 4 1 0 0 0 1 0 -1 1 0 0 0 0 0 0 106 2 0 0 0 108 1 0 1684 0 27 0 0 0 0 0 2 0 1664 0 100 0 1 3 101 116 0 130 205 -1 0 0 0 100 0 111 83 23 0 0 0 108 103 0 92 103 1 3 80 108 106 0 0 1 99 27 0 195 2 0 0 104 0 0 0 -1 0 1 0 2 0 0 0 3 17 0 105 1833 0 1 92 91 1 0 3 0 0 0 0 0 100 0 0 0 1 0 0 0 0 123 23 1 90 0 0 0 1 0 0 1 6 0 2 0 0 97 0 0 0 0 0 108 0 93 0 107 106 0 1657 0 0 0 0 0 0 123 0 0 0 0 1 0 0 0 1668 0 103 0 1 106 0 0 0 0 1 0 15 0 0 0 114 0 1 0 0 0 0 2 2 0 0 108 0 1 0 0 0 0 0 0 0 0 102 101 218 0 0 0 118 102 223 0 3 104 2 0 1 95 0 10 0 1 0 -1 0 1 22 0 27 0 110 111 1 0 0 1801 0 6 0 0 98 0 0 0 107 0 0 0 227 112 110 108 1 93 0 1889 17 2 1 4 0 0 0 0 22 114 0 0 0 1 0 0 95 0 1 0 0 97 1 0 1664 91 -1 0 0 0 1 0 0 0 0 0 108 1 0 0 0 2 0 0 0 111 95 108 0 115 0 0 20 1 0 0 0 104 20 102 0 0 3 94 1777 0 -1 0 95 0 1 3 0 102 0 0 122 1800 2 0 1 0 116 0 0 0 3 0 0 102 1684 0 0 2 0 1661 102 0 0 208 -1 0 0 0 102 4 96 0 0 107 3 0 0 0 0 0 0 0 0 0 0 0 0 1 0 104 1 3 108 105 0 0 0 0 0 0 0 0 114 1 2 0 1 6 92 121 0 79 0 0 0 212 0 3 0 0 0 123 107 0 4 0 0 0 115 0 -1 0 0 2 105 0 0 0 0 0 0 107 91 0 0 112 0 0 99 1 0 0 21 0 0 0 0 0 0 -1 94 2 221 0 0 2 0 0 0 0 1 0 0 0 203 0 1800 114 24 0 0 0 1 0 2 0 0 0 0 -1 0 0 0 0 94 0 0 108 95 97 15 103 86 0 106 0 100 2 0 -1 104 4 20 0 1 2 0 0 95 0 0 0 0 0 0 0 101 0 4 0 0 202 -1 2 1800 0 110 0 0 114 0 0 0 3 0 1 0 1 114 0 112 0 4 1 0 0 15 0 0 111 3 0 1906 193 93 1 0 0 1 0 1 0 112 0 0 114 97 0 99 101 1800 0 0 23 0 0 0 2 2 2 1 0 0 104 0 104 0 0 2 107 0 106 1 98 105 0 113 1 0 2 0 0 0 119 -1 0 103 0 3 95 0 0 0 98 
0 0 0 158 3 0 0 1 3 0 0 0 0 157 32 0 180 0 0 0 0 2 145 317 175 0 0 151 0 2 0 0 0 0 4 2 1 0 0 170 2 0 0 0 0 0 2461 1 1 0 1 0 0 0 1 0 155 0 148 0 0 152 0 144 165 3 0 2 0 0 145 0 2 2 164 0 3 152 0 0 154 153 1 0 145 1 0 2592 0 1 0 2636 2592 0 0 160 159 0 0 0 0 140 155 169 0 0 34 0 0 145 0 3 0 1 0 0 0 0 0 504 187 0 0 5 0 3 3 0 2 5 0 0 0 0 1 2 0 0 3 1 4 0 3 151 0 0 5 2 40 1 0 142 2 0 -1 2 0 0 169 0 154 31 0 2521 0 27 152 0 0 0 0 295 0 154 3 0 0 0 186 2 151 0 165 0 0 141 0 -1 163 156 0 4 172 38 167 0 0 0 0 158 3 0 0 281 -1 0 0 173 0 0 2 0 0 0 0 1 0 157 0 192 140 0 0 -1 140 0 144 158 0 4 0 0 152 158 0 0 0 0 4 170 2645 165 28 1 1 5 155 0 0 0 0 3 2678 162 0 0 167 1 0 145 31 0 0 1 158 0 0 0 306 33 0 151 0 0 0 1 1 159 0 1 1 0 0 0 0 0 0 177 0 0 0 148 131 0 0 2 4 0 29 160 0 157 321 0 5 0 0 0 39 27 0 28 0 33 0 2 0 0 0 0 0 2 157 2 0 160 2 1 0 0 32 0 0 164 2 159 0 156 1 0 0 0 0 164 2678 152 1 2542 0 3 308 1 0 0 160 0 0 0 0 0 154 144 159 0 0 0 0 1 0 0 42 0 0 37 164 0 3 1 0 0 0 0 0 -1 0 0 0 1 0 0 0 150 2 0 0 0 160 3 0 2592 2 37 2 0 0 0 0 4 0 2572 0 174 3 3 0 140 158 0 159 306 -1 0 0 0 158 2 137 145 29 0 0 0 157 166 0 162 154 0 6 155 186 175 0 0 1 138 35 3 313 2 0 0 176 0 0 3 -1 0 1 0 2 1 0 0 3 28 0 146 2735 0 0 111 161 0 2 3 0 0 0 0 0 150 0 0 1 3 0 0 0 0 172 33 3 146 2 0 0 1 0 0 0 3 0 3 0 0 148 0 0 0 0 0 165 1 166 0 159 157 0 2553 0 0 0 0 0 0 169 0 0 0 0 4 0 0 0 2566 0 154 0 2 178 0 0 0 0 3 0 43 0 0 0 203 0 1 0 0 0 0 2 0 0 0 152 0 4 0 0 0 0 2 0 0 0 164 174 318 0 0 0 167 148 317 0 3 174 1 0 4 119 0 3 0 1 0 -1 0 5 16 0 26 0 136 161 3 0 0 2679 0 3 0 0 143 3 1 0 162 0 0 0 326 148 158 149 1 153 0 2802 37 4 1 2 0 2 0 0 26 164 0 0 0 2 0 0 167 0 2 0 0 156 2 0 2550 159 -1 0 0 0 0 0 0 0 0 0 148 3 1 0 0 1 2 0 0 162 119 156 0 165 0 0 35 4 0 0 0 173 25 183 0 0 1 152 2657 0 -1 0 141 0 0 0 0 172 0 0 174 2678 4 0 0 0 168 0 0 0 3 0 0 142 2592 2 0 1 0 2567 160 0 0 320 -1 0 0 0 141 1 168 0 0 157 1 0 0 3 0 0 3 0 1 0 0 0 0 3 0 176 0 3 165 152 0 0 0 0 0 0 0 0 164 0 1 0 1 5 154 165 2 154 0 0 0 336 0 1 0 0 0 171 153 0 3 0 0 0 193 0 -1 0 0 4 158 0 0 0 2 0 0 143 168 4 0 170 0 0 155 1 0 0 27 0 0 0 0 0 0 -1 142 0 295 0 0 1 0 0 0 0 2 0 0 0 324 0 2678 192 25 0 0 0 1 0 2 0 0 0 0 -1 0 0 0 0 139 0 0 151 168 150 35 174 152 0 124 0 149 4 0 -1 174 1 34 0 1 1 0 0 143 0 0 0 0 0 0 0 182 0 6 0 0 332 -1 2 2678 0 159 0 0 158 0 0 0 0 2 1 0 3 131 3 170 0 1 2 0 0 42 0 0 160 1 0 2827 295 166 1 0 0 2 0 3 0 148 0 0 132 164 0 149 147 2678 0 0 34 0 0 0 8 3 4 0 0 0 174 0 176 0 0 0 153 0 163 1 157 144 0 161 1 0 2 0 0 0 150 -1 0 188 0 4 168 0 0 0 148 
0 0 0 238 3 0 0 3 3 0 0 0 0 235 57 0 240 0 0 0 0 3 268 565 258 0 0 212 0 2 0 0 0 0 5 4 1 0 0 253 4 0 0 0 0 0 3775 3 5 0 2 0 0 0 1 0 253 0 234 0 0 267 0 269 240 3 0 4 0 0 253 0 7 6 228 0 1 236 0 0 266 270 6 0 283 1 0 3956 0 2 0 4287 3956 0 2 266 212 0 0 0 0 277 250 243 0 0 41 0 0 268 0 2 0 0 0 0 0 0 0 803 287 0 0 3 0 9 2 0 6 5 0 0 0 0 7 3 0 0 3 1 5 0 3 287 0 0 4 3 46 1 0 271 1 0 -1 2 0 0 249 4 239 39 0 3866 0 50 265 0 1 0 0 492 0 237 5 0 0 0 235 3 212 0 240 2 0 251 0 -1 265 253 5 9 220 50 261 0 0 0 0 270 4 0 0 505 -1 0 0 261 0 0 6 0 0 0 0 3 0 291 0 251 239 0 0 -1 239 0 262 242 0 2 0 0 231 240 3 0 0 0 4 235 4288 232 45 3 4 8 273 4 0 0 0 4 4338 243 0 0 217 4 0 228 53 0 0 2 238 0 0 0 560 49 0 236 0 0 0 1 6 229 1 3 4 0 0 0 0 0 0 264 0 0 1 210 270 0 0 5 1 1 42 271 0 230 457 0 3 0 0 0 66 50 0 50 0 52 0 4 0 0 1 0 0 1 266 1 0 238 2 1 0 0 46 2 0 250 2 252 0 247 2 0 0 3 0 260 4338 241 7 4129 0 3 482 1 0 0 246 0 0 0 0 0 242 252 265 0 0 0 0 1 0 0 50 0 0 46 267 0 8 2 0 0 0 6 0 -1 1 0 0 0 0 0 0 286 1 0 0 0 258 3 0 3956 5 47 1 0 0 0 2 6 0 3907 0 227 2 2 0 210 211 0 292 503 -1 4 0 0 249 0 267 267 55 0 4 0 236 252 0 267 237 2 4 252 235 264 0 0 0 244 54 4 512 5 0 0 263 0 0 1 -1 0 2 0 5 1 0 0 5 40 0 235 4419 0 1 219 231 0 3 2 0 0 0 0 0 268 0 0 1 4 0 0 0 0 263 49 0 249 4 0 0 0 0 0 4 6 0 2 0 0 236 0 0 0 0 0 270 3 262 0 236 294 0 3901 0 0 0 0 0 0 259 0 0 0 0 2 0 0 0 3917 0 247 0 7 267 0 0 0 0 3 0 50 0 0 0 289 0 1 0 0 0 0 0 7 0 0 264 0 0 0 0 0 4 4 0 0 0 260 270 528 0 1 0 226 266 516 0 4 240 8 0 7 237 0 11 0 4 0 -1 0 4 60 0 54 0 265 268 2 0 0 4339 0 2 0 0 254 3 5 0 266 0 0 1 521 279 237 225 1 231 0 4557 59 0 1 1 0 3 0 0 52 257 0 0 0 3 0 0 262 0 4 0 0 247 9 0 3906 228 -1 0 0 0 3 0 0 0 0 0 252 2 2 0 0 2 1 0 0 241 232 233 0 258 0 0 42 5 1 0 0 260 38 278 0 0 1 224 4282 0 -1 0 241 0 1 1 0 257 0 0 273 4338 3 0 0 0 229 0 0 0 5 0 1 213 3956 4 0 3 0 3912 229 0 0 475 -1 0 0 0 251 3 267 0 0 243 3 0 0 3 0 0 2 0 0 0 0 0 0 5 0 230 2 8 234 255 0 0 0 0 0 0 0 0 257 1 0 0 1 4 232 257 2 251 0 0 0 506 0 3 0 0 0 264 248 0 5 0 0 0 252 0 -1 0 0 1 234 0 0 0 2 0 0 245 276 4 0 244 0 0 243 1 0 0 52 0 0 0 0 0 0 -1 235 3 532 0 0 3 0 0 0 0 4 0 0 0 515 0 4338 251 43 0 0 0 5 0 3 0 0 0 0 -1 0 0 0 4 251 0 0 294 271 213 41 232 256 0 260 2 244 3 0 -1 240 4 41 0 5 5 0 0 253 0 0 0 0 0 0 0 273 0 2 0 0 515 -1 2 4338 0 239 0 0 256 0 0 0 5 3 2 0 2 268 0 253 0 3 3 0 0 51 1 0 272 0 0 4594 492 262 1 0 0 2 0 2 0 279 0 0 271 250 1 223 233 4338 0 0 46 0 0 0 0 4 6 2 0 0 240 0 230 0 0 3 229 0 270 1 258 217 0 261 1 0 4 0 0 0 239 -1 0 288 1 2 271 0 0 0 238 
0 0 0 164 3 0 0 1 3 0 0 1 0 175 28 0 166 0 0 0 0 0 178 374 179 0 0 175 0 2 0 0 0 0 3 1 3 0 0 181 3 0 0 0 0 0 2712 4 1 1 1 0 0 0 1 0 205 0 184 0 0 184 0 197 189 1 0 2 0 0 175 0 1 2 179 0 1 164 0 0 172 202 4 0 185 1 0 2851 0 3 0 3033 2851 0 3 201 181 0 0 0 1 185 175 190 0 0 48 0 0 178 0 3 0 0 0 0 0 0 0 494 155 0 0 3 0 4 2 0 1 1 0 0 0 0 3 0 0 0 4 1 3 0 4 184 0 0 2 4 34 1 0 160 3 0 -1 0 0 0 184 3 196 28 1 2781 0 50 181 0 1 0 0 363 0 177 2 0 0 0 172 2 175 0 170 2 0 196 0 -1 160 170 4 1 196 37 161 0 0 0 0 176 1 0 0 367 -1 0 0 201 0 0 1 0 0 0 0 4 0 204 0 175 178 0 0 -1 178 0 179 200 0 0 0 0 188 199 1 0 0 0 4 182 3033 182 35 1 3 4 185 3 0 0 0 2 3065 159 0 0 198 2 0 181 35 0 0 1 164 0 0 0 371 32 0 167 0 0 0 1 2 163 1 4 5 0 0 0 0 0 0 187 0 0 0 157 172 0 0 1 3 2 28 169 0 158 352 0 1 0 0 0 38 45 0 36 0 41 0 4 0 0 0 0 0 1 168 2 0 182 2 3 0 0 40 0 0 172 5 167 0 170 1 0 0 2 0 176 3065 167 5 2901 0 4 336 1 0 0 164 0 0 0 0 0 194 174 157 0 0 0 0 1 0 0 28 0 0 36 166 0 3 2 0 0 0 7 0 -1 4 0 0 0 0 0 0 185 3 0 0 0 175 2 0 2851 7 36 0 0 0 0 0 2 0 2816 0 205 2 0 0 163 177 0 219 354 -1 1 0 0 220 0 187 194 39 0 2 0 164 196 0 185 172 2 4 188 172 189 0 0 0 188 34 1 318 1 0 0 186 0 0 1 -1 0 5 0 3 0 0 0 2 33 0 164 3137 0 0 183 182 0 5 5 0 0 0 0 0 178 0 1 2 2 0 0 0 0 179 32 4 182 2 0 0 0 0 0 0 3 0 4 0 0 193 0 0 0 0 0 162 2 179 0 182 205 0 2815 0 0 0 0 0 0 176 0 0 0 0 3 0 0 0 2823 0 168 0 3 146 0 0 0 0 1 0 33 0 0 0 195 0 0 0 0 0 0 2 4 0 0 171 0 2 0 0 0 4 1 0 0 0 176 154 353 0 1 0 177 178 336 0 2 184 3 0 9 190 0 7 0 1 0 -1 0 1 43 0 42 1 185 203 3 0 0 3066 0 4 0 0 168 3 5 0 160 0 0 0 353 166 179 172 1 187 0 3200 38 4 1 1 0 5 0 0 38 180 0 0 0 5 0 0 162 0 3 0 0 216 1 0 2819 173 -1 0 0 0 2 0 0 0 0 0 167 2 0 0 0 1 0 0 0 163 189 162 0 181 0 0 35 0 0 0 0 183 43 157 0 0 3 178 3029 0 -1 0 175 0 0 1 0 181 0 0 212 3065 0 0 0 0 176 0 0 0 2 0 0 158 2851 1 0 4 0 2804 163 0 0 329 -1 0 0 0 196 5 164 0 0 176 2 0 0 0 0 0 3 0 0 0 0 2 0 3 0 206 3 4 184 169 0 0 0 0 0 0 0 0 180 0 1 0 1 4 188 171 3 187 0 0 0 330 0 0 0 0 0 180 198 0 3 0 0 0 176 0 -1 0 0 1 180 0 0 0 5 0 0 164 174 4 0 192 0 0 216 1 0 0 37 0 0 0 0 0 0 -1 160 2 337 0 0 0 0 0 0 0 2 0 0 0 357 0 3065 175 37 0 0 0 0 0 3 0 0 0 0 -1 0 0 0 0 145 0 0 170 166 173 38 203 175 0 169 2 168 3 0 -1 184 1 47 0 1 3 0 0 151 0 0 0 0 0 0 0 155 0 3 0 0 357 -1 3 3065 0 165 0 0 208 0 0 0 3 3 0 0 2 172 4 181 0 3 0 0 1 31 0 0 166 1 0 3237 339 179 1 0 0 1 0 0 0 166 0 0 173 176 0 154 166 3065 0 0 36 0 0 0 0 2 2 4 0 0 184 0 206 0 0 4 161 0 163 1 174 168 0 182 1 0 3 0 0 0 188 -1 0 156 0 0 166 0 0 0 210 
0 0 0 143 3 0 0 3 0 0 0 0 0 149 20 0 151 0 0 0 0 4 163 295 132 0 0 160 0 3 0 0 0 0 0 3 2 0 0 144 2 0 0 0 0 0 2218 2 2 0 1 0 0 0 1 0 146 0 150 0 0 163 0 152 132 1 0 3 0 0 126 0 1 2 135 0 0 142 0 0 125 157 1 0 127 3 0 2328 0 2 0 2503 2328 0 4 144 151 0 0 0 0 129 138 146 0 0 26 0 0 163 0 2 0 2 0 0 0 0 0 440 132 0 0 2 0 0 1 0 4 1 0 0 0 0 1 2 0 0 0 1 3 0 6 132 0 0 6 0 35 1 0 143 2 0 -1 0 0 0 139 7 142 33 1 2280 0 33 164 0 1 0 0 279 0 135 0 0 0 0 147 1 160 0 139 0 0 144 0 -1 143 158 1 3 141 30 147 0 0 0 0 129 4 0 0 307 -1 0 0 138 0 0 2 0 0 0 0 0 0 152 0 159 147 0 0 -1 147 0 148 151 0 4 0 0 146 153 1 0 0 0 6 141 2498 132 24 2 2 4 169 3 0 0 0 3 2531 141 0 0 132 1 0 144 31 0 0 0 143 0 0 0 298 33 0 140 0 0 0 0 2 165 0 0 2 0 0 0 1 0 0 138 0 0 2 155 138 0 0 3 1 0 29 141 0 140 287 0 1 0 0 0 38 26 0 34 0 32 0 2 0 0 1 0 0 0 138 1 0 137 2 6 0 0 21 0 0 149 0 145 0 143 0 0 0 4 0 141 2531 139 1 2417 0 2 280 1 0 0 144 0 0 0 0 0 142 125 154 0 0 0 0 3 0 0 18 0 0 38 156 0 4 3 0 0 0 1 0 -1 2 0 0 0 0 0 0 128 2 0 0 0 137 2 0 2328 3 38 2 0 0 0 1 0 0 2295 0 139 2 0 0 137 149 0 173 300 -1 1 0 0 144 0 154 155 22 0 2 0 142 131 0 151 145 0 5 141 147 140 0 0 0 140 25 2 269 2 0 0 137 0 0 3 -1 0 0 0 3 0 0 0 2 20 0 142 2575 0 0 146 141 0 1 6 0 0 0 0 0 166 0 0 0 1 0 0 0 0 150 33 2 144 2 0 0 0 0 0 1 4 0 3 0 0 150 1 0 0 0 1 144 2 164 0 136 154 0 2299 0 0 0 0 0 0 147 0 0 0 0 6 0 0 0 2294 0 132 0 0 137 0 0 0 0 2 0 29 0 0 0 185 0 0 0 0 0 0 2 1 0 0 126 0 1 0 0 0 1 1 0 0 0 141 133 289 0 1 0 137 163 298 0 1 149 1 0 3 150 0 1 0 2 0 -1 0 0 39 0 34 0 156 148 5 0 0 2532 0 7 0 0 160 1 1 0 141 0 0 0 285 149 150 143 1 144 0 2635 37 2 1 2 0 2 0 0 30 144 0 0 0 0 0 0 158 0 2 0 0 142 2 0 2302 150 -1 0 0 0 2 0 0 0 0 0 149 3 1 0 0 1 1 0 0 139 148 141 0 145 0 0 29 2 0 0 0 135 30 138 0 0 4 145 2505 0 -1 0 132 0 1 1 0 134 0 0 175 2531 3 0 0 0 137 0 0 0 1 0 0 138 2328 3 0 3 0 2291 166 0 0 312 -1 0 0 0 144 0 156 0 0 137 2 0 0 3 0 0 4 0 0 0 0 1 0 0 0 141 1 5 151 125 0 0 0 0 0 0 1 0 144 0 2 0 1 2 147 143 4 140 0 0 0 293 0 3 0 0 0 147 142 0 6 0 0 0 160 0 -1 0 1 2 134 0 0 0 3 0 0 148 169 4 0 136 0 0 142 1 0 0 35 0 0 0 0 0 0 -1 134 2 283 0 0 2 0 0 0 0 0 0 0 0 292 0 2531 159 26 0 0 0 1 0 0 0 0 0 0 -1 0 0 0 1 130 0 0 134 156 160 28 143 140 0 130 6 139 2 0 -1 149 1 26 1 1 4 0 0 133 0 0 0 0 0 0 1 136 0 2 0 0 306 -1 0 2531 0 144 0 0 145 0 0 0 1 4 0 0 1 138 1 144 0 0 2 0 0 30 0 0 140 0 0 2678 264 164 1 0 0 0 0 0 0 149 0 0 139 150 0 159 144 2531 0 0 25 0 0 0 0 2 1 2 0 0 149 0 141 0 0 3 136 0 160 3 140 141 0 147 1 0 2 0 0 0 153 -1 0 133 0 0 156 0 0 0 142 
0 0 0 57 0 0 0 0 1 0 0 0 0 70 14 0 57 0 0 0 0 0 74 142 61 0 0 64 0 4 0 0 0 0 0 1 0 0 0 74 0 0 0 0 0 0 1045 0 1 0 0 0 0 0 1 0 72 0 77 0 0 58 0 72 55 0 0 0 0 0 66 0 2 1 67 0 1 55 0 0 75 72 0 0 69 1 0 1084 0 0 0 1140 1084 0 0 61 79 0 0 0 0 56 67 65 0 0 11 0 0 74 0 0 0 0 0 0 0 0 0 195 69 0 0 2 0 1 1 0 2 1 0 0 0 0 0 0 0 0 0 1 3 0 2 78 0 0 0 2 13 1 0 61 1 0 -1 0 0 0 78 0 72 13 0 1054 0 15 59 0 1 0 0 143 0 53 0 0 0 0 77 1 64 0 65 0 0 73 0 -1 62 80 0 0 62 17 66 0 0 0 0 79 0 0 0 123 -1 0 0 58 0 0 3 0 0 0 0 0 0 66 0 59 64 0 0 -1 64 0 69 72 0 1 0 0 74 71 1 0 0 0 0 69 1131 54 17 0 0 2 59 1 0 0 0 1 1144 66 0 0 59 4 0 72 7 0 0 1 57 0 0 0 131 13 0 65 0 0 0 0 0 63 0 0 0 0 0 0 2 0 0 63 0 0 0 60 67 0 0 2 1 0 17 75 0 57 144 0 0 0 0 0 13 12 0 12 0 10 0 2 0 0 0 0 0 0 74 2 0 53 1 1 0 0 12 0 0 69 0 53 0 56 1 0 0 0 0 66 1144 56 1 1098 0 1 117 0 0 0 62 0 0 0 0 0 69 65 53 0 0 0 0 0 0 0 12 0 0 12 67 0 1 1 0 0 0 3 0 -1 0 0 0 0 0 0 0 71 1 0 0 0 70 1 0 1084 1 12 0 0 0 0 1 2 0 1077 0 63 2 1 1 46 71 0 78 133 -1 1 0 0 70 0 71 67 18 0 0 0 55 56 0 42 71 3 2 64 77 59 0 0 0 69 19 2 129 1 0 0 62 0 0 2 -1 0 1 0 0 1 0 0 1 15 0 55 1169 0 0 59 62 0 0 2 0 0 0 0 0 59 0 0 0 2 0 0 0 0 64 13 1 51 1 0 0 0 0 1 3 3 0 1 0 0 67 0 0 0 0 0 64 0 61 0 54 67 0 1069 0 0 0 0 0 0 65 0 0 0 0 3 0 0 0 1065 0 69 0 1 60 0 0 0 0 3 0 17 0 0 0 73 0 0 0 0 0 0 0 0 0 0 74 0 1 0 0 0 0 1 0 0 0 66 59 125 0 0 0 68 74 143 0 4 79 0 0 0 61 0 3 0 1 0 -1 0 2 14 0 23 0 71 62 1 0 0 1145 0 2 0 0 73 3 1 0 63 0 0 0 112 67 73 51 1 71 0 1204 16 0 1 1 0 1 0 0 13 68 0 0 0 2 0 0 70 0 2 0 0 70 1 0 1065 61 -1 0 0 0 1 0 0 0 0 0 69 0 0 0 0 2 0 0 0 66 59 56 0 69 0 0 20 1 0 0 0 62 16 60 0 0 0 61 1131 0 -1 0 61 0 0 1 0 59 0 0 67 1144 3 0 0 0 66 0 0 0 1 0 0 49 1084 4 0 0 0 1070 63 0 0 121 -1 0 0 0 73 4 71 0 0 65 2 0 0 0 0 0 0 0 0 0 0 0 0 0 0 63 0 1 69 76 0 0 0 0 0 0 0 0 68 0 2 0 1 1 67 62 2 63 0 0 0 129 0 1 0 0 0 63 71 0 2 0 0 0 60 0 -1 0 0 0 52 0 0 0 2 0 0 66 67 0 0 57 0 0 69 1 0 0 17 0 0 0 0 0 0 -1 63 1 128 0 0 1 0 0 0 0 2 0 0 0 119 0 1144 59 19 0 0 0 1 0 0 0 0 0 0 -1 0 0 0 0 68 0 0 55 71 62 15 66 42 0 65 1 65 0 0 -1 79 0 11 0 0 0 0 0 68 0 0 0 0 1 0 0 59 0 1 0 0 122 -1 0 1144 0 58 0 0 71 0 0 0 2 3 0 0 0 67 1 74 0 0 1 0 0 16 0 0 76 0 0 1215 130 61 1 0 0 1 0 2 0 67 0 0 68 68 0 63 68 1144 0 0 17 0 0 0 0 2 0 1 0 0 79 0 63 0 0 1 56 0 56 1 68 48 0 68 1 0 1 0 0 0 77 -1 0 70 0 1 71 0 0 0 69 
0 0 0 180 1 0 0 1 2 0 0 0 0 161 40 0 184 0 0 0 0 0 161 316 158 0 0 143 0 2 0 0 0 0 3 1 4 0 0 167 1 0 0 0 0 0 2534 1 1 0 3 0 0 0 1 0 162 0 167 1 0 174 0 156 177 2 0 1 0 0 165 0 2 4 170 0 1 178 0 0 173 160 1 0 171 2 0 2658 0 3 0 2817 2658 0 3 178 162 0 0 0 0 196 166 135 0 0 37 0 0 161 0 3 0 0 0 0 0 0 0 477 170 0 0 3 0 4 1 0 8 2 0 0 0 0 1 2 0 0 1 1 1 0 2 177 0 0 5 1 36 1 0 143 4 0 -1 0 0 0 162 1 158 36 1 2592 0 33 167 0 0 0 0 335 0 186 2 0 0 0 185 1 143 0 162 0 0 171 0 -1 164 186 2 1 155 35 191 0 0 0 0 175 2 0 0 338 -1 0 0 149 0 0 4 0 0 0 0 0 0 155 0 189 153 0 0 -1 153 0 172 166 0 3 0 0 173 168 3 0 0 0 1 173 2797 175 38 0 2 6 173 1 0 0 0 1 2846 127 0 0 146 0 0 163 36 0 0 0 180 0 0 0 351 49 0 163 0 0 0 0 2 184 0 0 3 0 0 0 0 0 0 162 0 0 0 180 175 0 0 2 3 0 32 158 0 174 317 0 4 0 0 0 27 41 0 34 0 40 0 2 0 0 2 0 0 1 153 2 0 186 3 2 0 0 36 0 0 155 1 171 0 159 3 0 0 1 0 167 2846 157 1 2701 0 2 317 0 0 0 166 0 0 0 0 0 160 164 175 0 0 0 0 2 0 0 25 0 0 39 165 0 5 2 0 0 0 2 0 -1 3 0 0 0 0 0 0 177 2 0 0 0 169 2 0 2658 4 39 5 0 0 0 1 3 0 2626 0 159 3 0 0 142 158 0 208 353 -1 1 0 0 179 0 174 151 31 0 3 0 178 143 0 187 171 1 6 193 185 160 0 0 1 168 37 0 309 3 0 0 161 0 0 2 -1 0 2 0 2 0 0 0 2 36 0 178 2892 0 0 162 131 0 1 3 0 0 0 0 0 173 0 0 0 1 0 0 0 0 171 49 2 164 7 0 0 0 0 0 2 6 0 1 0 0 164 0 0 0 0 0 167 2 141 0 184 158 0 2624 0 0 0 0 0 0 165 0 0 0 0 2 0 0 0 2624 0 157 0 1 147 0 0 0 0 2 0 35 0 0 0 183 1 1 0 0 0 0 3 3 0 0 173 0 5 0 0 0 3 4 0 0 0 167 179 320 0 0 0 170 169 346 0 1 161 2 0 7 163 0 3 0 2 0 -1 0 2 39 0 43 0 177 179 2 0 0 2847 0 2 0 0 154 2 2 0 165 0 0 0 382 147 163 147 1 166 0 2952 37 2 1 0 0 2 0 0 33 169 0 0 0 0 0 0 164 0 1 0 0 177 3 0 2629 138 -1 0 0 0 2 0 0 0 0 0 171 2 1 1 0 2 0 0 0 129 166 177 0 170 0 0 45 4 1 0 0 156 29 182 0 0 0 139 2812 0 -1 0 152 0 2 1 0 159 0 0 191 2846 1 0 0 0 168 0 0 0 2 0 1 137 2658 2 0 1 0 2626 184 0 0 355 -1 0 0 0 171 4 167 0 0 165 3 0 0 0 0 0 5 0 0 0 0 0 0 4 0 160 2 4 168 166 0 0 0 0 0 0 0 0 169 0 0 0 1 4 168 159 3 192 0 0 0 368 0 0 0 0 0 168 156 0 5 0 0 0 190 0 -1 0 0 2 185 0 0 0 2 0 0 169 170 0 0 181 0 0 173 1 0 0 40 0 0 0 0 0 0 -1 157 4 342 0 0 3 0 0 0 0 4 0 0 1 326 0 2846 189 31 0 0 0 1 0 2 0 0 0 0 -1 0 0 0 3 176 0 1 149 168 141 42 161 177 0 169 2 163 1 0 -1 161 3 37 0 1 2 0 0 170 0 0 0 0 0 0 1 180 0 2 0 0 319 -1 2 2846 0 181 0 0 165 0 0 0 2 5 0 0 1 170 0 167 0 1 3 0 0 35 0 0 161 1 0 3017 307 141 1 0 0 2 0 1 0 147 0 0 176 155 0 179 165 2846 0 0 35 0 0 0 2 0 1 0 0 0 161 0 160 0 0 3 176 0 183 2 151 142 0 166 1 1 5 0 0 0 170 -1 0 171 0 1 168 0 0 0 171 
0 0 0 256 4 0 0 1 2 0 0 0 0 250 52 0 280 0 0 0 0 6 270 531 250 0 0 245 0 1 0 0 0 0 2 1 1 1 0 230 4 0 0 0 0 0 3730 5 5 0 1 0 0 0 1 0 258 0 249 0 0 238 0 220 239 2 0 0 0 0 267 0 1 2 256 0 1 252 0 0 244 231 4 0 249 1 0 3931 0 3 0 4116 3931 0 4 231 242 0 0 0 1 259 223 232 0 0 71 0 0 270 0 2 0 0 0 0 0 0 0 754 257 0 0 5 0 11 2 0 8 2 0 0 0 0 3 5 0 0 3 1 5 0 3 256 0 1 9 4 55 1 0 210 3 0 -1 1 0 0 225 3 245 43 0 3838 0 55 238 0 0 0 0 518 0 258 3 0 0 0 246 4 245 0 214 6 0 246 0 -1 263 279 4 3 233 39 233 0 0 0 0 249 1 0 0 489 -1 0 0 253 0 0 4 0 0 0 0 3 0 258 0 286 250 0 0 -1 250 0 227 265 0 6 0 0 240 263 3 0 0 0 2 269 4108 231 41 0 3 7 242 2 0 0 0 3 4162 222 0 0 231 3 0 233 44 0 0 1 256 0 0 0 499 54 0 213 0 0 0 3 5 242 2 1 2 0 0 0 1 0 0 253 0 0 0 231 272 0 0 4 2 1 55 272 0 252 489 1 2 0 0 0 50 50 0 56 0 44 0 4 0 0 0 0 0 1 267 0 0 261 6 3 0 0 46 3 0 245 3 263 0 235 2 0 0 5 0 244 4162 228 6 3965 0 7 454 0 0 0 222 0 0 0 0 0 243 266 251 0 0 0 0 7 0 0 50 0 0 58 258 0 11 3 0 0 0 3 0 -1 3 0 0 0 0 0 0 256 4 0 0 0 245 1 0 3931 3 58 2 0 0 0 1 4 0 3877 0 238 4 4 1 235 235 0 307 514 -1 2 0 0 237 0 263 225 41 0 9 0 254 243 0 259 218 1 7 242 246 250 0 0 1 241 70 2 511 3 0 0 252 0 1 2 -1 0 6 0 1 0 0 0 4 36 0 250 4255 0 1 239 228 0 3 4 0 0 0 0 0 242 0 0 0 4 0 0 0 0 238 54 2 233 1 0 0 0 0 0 2 5 0 0 0 0 258 0 0 0 0 0 268 3 233 0 262 259 0 3879 0 0 0 0 0 0 234 0 0 0 0 2 0 0 0 3876 0 225 0 3 261 0 0 0 0 4 0 49 0 0 0 299 0 0 0 0 0 0 4 6 0 0 246 0 3 0 0 0 6 5 0 0 0 244 246 496 0 1 0 259 270 539 0 6 253 5 0 11 252 0 6 0 3 0 -1 0 1 64 0 60 1 259 235 4 0 0 4163 0 4 0 0 262 3 4 0 266 0 0 0 539 220 254 246 1 250 0 4376 34 1 1 0 0 6 0 0 50 227 0 0 0 4 0 0 268 0 2 0 0 236 8 0 3880 230 -1 0 0 0 5 0 0 0 0 1 262 4 0 1 0 5 0 0 0 227 248 253 0 228 0 0 39 5 0 0 0 250 49 251 0 0 2 222 4103 0 -1 0 212 0 0 5 0 246 0 0 289 4162 2 0 0 0 262 0 0 0 4 0 0 237 3931 3 0 2 0 3898 237 0 0 469 -1 0 0 0 246 4 260 0 0 222 4 0 0 3 0 0 4 0 0 0 0 0 0 0 0 240 3 9 247 240 0 0 0 0 0 0 0 0 227 0 0 0 1 1 259 228 4 241 0 0 0 490 0 2 0 0 0 239 249 0 2 0 0 0 287 0 -1 0 0 3 259 0 0 0 1 0 0 254 246 1 0 244 0 0 233 1 0 1 56 0 0 0 0 0 0 -1 208 3 534 0 0 3 0 0 0 0 6 0 0 1 481 0 4162 286 53 0 0 0 2 0 3 0 0 0 0 -1 0 0 0 2 199 0 0 246 263 246 42 239 253 0 262 2 212 1 0 -1 253 5 70 0 4 4 0 0 205 0 0 0 0 0 0 1 248 0 4 1 0 494 -1 2 4162 0 257 0 0 259 0 0 0 4 1 1 0 2 271 6 230 0 1 5 0 0 47 0 0 271 4 0 4424 514 233 1 0 0 5 0 0 0 220 0 0 273 247 0 233 210 4162 0 0 50 0 0 0 0 4 3 5 0 0 253 0 240 0 0 4 249 0 257 5 263 240 0 226 1 0 3 0 0 0 251 -1 0 258 0 2 263 0 0 0 225 
0 0 0 229 4 0 0 2 4 0 0 0 0 186 46 0 186 0 0 0 0 1 199 423 173 0 0 205 0 0 0 0 0 0 1 3 0 0 0 206 2 0 0 0 0 0 3076 3 4 0 2 0 0 0 1 0 225 0 183 0 0 186 0 192 193 3 0 1 0 0 199 0 0 1 170 0 2 225 0 0 198 202 0 0 185 2 0 3230 0 3 0 3321 3230 0 1 225 210 0 0 0 2 208 187 195 0 0 41 0 0 199 0 1 0 1 0 0 0 0 0 598 194 0 0 5 0 8 3 0 3 4 0 0 0 0 6 2 0 0 0 1 1 0 1 186 0 0 7 4 44 1 0 181 2 0 -1 1 0 0 201 5 221 46 1 3155 0 41 186 0 2 0 0 384 0 208 2 0 0 0 235 1 205 0 188 6 0 192 0 -1 196 193 1 3 191 50 207 0 0 0 0 202 0 0 0 397 -1 0 0 200 0 0 3 0 0 0 0 1 0 204 0 201 206 0 0 -1 206 0 177 182 0 3 0 0 170 184 1 0 0 0 1 174 3321 185 41 1 3 3 193 2 0 0 0 4 3351 186 0 0 183 4 0 165 44 0 0 2 229 0 0 0 380 30 0 201 0 0 0 1 3 206 0 2 2 0 0 0 0 0 0 179 0 0 0 199 215 0 0 3 3 1 52 213 0 226 357 0 1 0 0 0 48 33 0 36 0 45 0 2 0 0 0 0 0 0 213 0 0 211 3 3 0 0 35 0 0 202 2 191 0 215 5 0 0 1 0 216 3351 211 4 3207 0 2 393 0 0 0 215 0 0 1 0 0 219 198 202 0 0 0 0 3 0 0 26 0 0 31 193 0 8 3 0 0 0 7 0 -1 1 0 0 0 0 0 0 186 1 0 0 0 226 5 0 3230 3 31 4 0 0 0 1 3 0 3200 0 192 3 3 0 204 213 0 237 392 -1 2 0 0 213 0 220 186 34 0 5 0 226 188 0 199 175 2 3 208 235 175 0 0 0 187 44 3 382 2 0 0 178 0 0 5 -1 0 5 0 4 0 0 0 3 36 0 225 3432 0 0 191 191 0 5 5 0 0 0 0 0 187 0 0 0 2 0 0 0 0 195 30 3 196 4 0 0 0 0 0 4 3 0 2 0 0 178 0 0 0 0 0 199 3 196 0 211 210 0 3188 0 0 0 0 0 0 192 0 0 0 0 4 0 0 0 3182 0 215 0 4 192 0 0 0 0 3 0 37 0 0 0 238 0 1 0 0 0 0 4 0 0 0 201 0 2 0 0 0 5 3 0 0 0 216 192 400 0 0 0 169 200 389 0 4 177 4 0 5 197 0 6 0 3 0 -1 0 3 49 0 42 0 215 227 2 0 0 3352 0 1 0 0 189 4 3 0 199 0 0 0 400 194 189 211 1 175 0 3533 30 3 1 4 0 7 0 0 46 195 0 0 0 4 0 0 201 0 5 0 0 211 2 0 3179 189 -1 0 0 0 6 0 0 0 0 0 191 2 1 0 0 4 0 0 0 192 198 226 0 196 0 0 47 3 0 0 0 177 49 195 0 0 4 186 3307 0 -1 0 182 0 0 4 0 176 0 0 252 3351 4 0 1 0 170 0 0 0 4 0 0 196 3230 6 0 0 0 3190 204 0 0 419 -1 0 0 0 192 5 196 0 0 191 4 0 0 0 0 0 4 0 0 0 0 1 0 0 0 194 2 6 203 195 0 0 0 0 0 0 0 0 195 0 5 0 1 3 182 188 4 207 0 0 0 405 0 2 0 0 0 194 222 0 2 0 1 0 202 0 -1 0 0 2 208 0 0 0 0 0 0 190 209 2 0 195 0 0 208 1 0 0 50 0 0 0 0 0 0 -1 198 6 412 0 0 3 0 0 0 0 2 0 0 0 356 0 3351 201 49 0 1 0 2 0 2 0 0 0 0 -1 0 0 0 1 199 0 0 194 199 209 43 197 187 0 209 2 202 1 0 -1 177 2 41 0 2 2 0 0 203 0 0 0 0 0 0 0 193 0 4 0 0 415 -1 2 3351 0 230 0 0 224 0 0 0 1 2 1 0 5 214 1 206 0 3 2 0 0 37 0 0 210 0 0 3544 380 196 1 0 0 1 0 3 0 194 0 0 216 207 0 196 170 3351 0 0 37 0 0 0 1 0 4 3 0 0 177 0 194 0 0 5 219 0 216 0 197 208 0 195 1 0 1 0 0 0 185 -1 0 195 0 2 199 0 0 0 202 
1 0 0 138 3 0 0 2 3 0 0 0 0 145 28 0 150 0 0 0 0 3 179 288 137 1 0 149 0 0 0 0 0 0 3 2 1 0 0 152 2 0 0 0 0 0 2324 1 2 0 3 0 0 0 1 0 147 0 148 0 0 182 0 156 156 2 0 1 1 0 157 0 1 0 142 0 3 138 0 0 151 159 6 0 149 3 0 2438 0 2 0 2514 2438 0 3 156 166 0 0 0 1 159 129 135 0 0 30 0 0 179 0 0 0 1 0 0 0 0 0 448 123 0 0 3 0 5 3 0 5 3 0 0 0 0 2 0 0 0 3 1 4 0 1 152 0 0 4 1 38 1 0 134 4 0 -1 1 0 0 125 2 146 42 2 2371 0 36 179 0 1 0 0 307 0 124 3 0 0 0 177 1 149 0 134 1 0 142 0 -1 163 156 1 1 159 35 150 0 0 0 0 157 2 0 0 306 -1 0 0 152 0 0 5 0 0 0 0 2 0 148 0 155 157 0 2 -1 157 0 148 153 0 3 0 0 131 151 2 0 0 0 3 142 2508 149 36 1 3 5 183 2 0 0 0 0 2538 166 0 0 149 1 0 126 33 0 0 0 138 0 0 0 336 29 0 139 0 0 0 1 0 141 0 3 4 0 0 0 3 0 0 142 0 0 1 134 144 0 0 2 2 1 33 137 0 134 309 0 2 0 0 0 27 40 0 39 0 35 0 3 0 0 0 0 0 0 137 3 0 125 0 5 0 0 30 1 0 169 2 164 0 145 7 0 0 0 0 153 2538 142 5 2397 0 6 268 1 0 0 148 0 0 0 0 0 142 156 139 0 0 0 0 7 0 0 21 0 0 24 148 0 3 3 0 0 0 5 0 -1 0 0 0 0 0 0 0 152 3 0 0 0 158 0 0 2438 2 24 1 0 0 0 0 2 0 2409 0 160 1 1 0 144 168 0 163 302 -1 3 0 0 147 0 138 156 33 0 4 0 137 143 0 147 147 1 5 148 177 135 0 0 1 138 39 2 286 3 0 0 141 0 0 1 -1 0 1 0 1 0 0 0 0 36 0 137 2596 0 2 147 134 0 1 2 0 0 0 0 0 181 0 0 0 3 0 0 0 0 143 29 3 139 1 0 0 0 0 0 1 4 0 5 0 0 150 0 0 0 0 0 164 1 147 0 124 151 0 2409 0 0 0 0 0 0 139 0 0 0 0 0 0 0 0 2412 0 148 0 2 127 0 0 0 0 0 0 36 0 0 0 170 0 0 0 0 0 0 2 3 0 0 154 0 0 0 0 0 2 2 0 0 0 153 161 322 0 2 0 142 177 320 0 1 166 0 0 2 156 0 3 0 2 0 -1 0 4 35 0 46 0 137 157 4 0 0 2539 0 1 0 0 174 4 2 0 162 0 0 0 308 139 147 150 1 150 0 2645 35 1 1 1 0 5 0 0 30 134 0 0 0 4 0 0 146 0 4 0 0 146 1 0 2413 138 -1 0 0 0 4 0 1 0 0 0 167 3 0 0 0 3 0 0 0 164 154 137 0 135 0 0 43 1 0 0 0 139 29 166 0 0 1 139 2499 0 -1 0 143 0 0 1 0 133 0 0 181 2538 3 0 0 0 134 0 0 0 1 0 0 144 2438 1 0 1 0 2405 142 0 0 289 -1 0 0 0 142 1 149 0 0 127 3 0 0 4 0 0 3 0 0 0 0 0 0 1 0 162 0 5 161 149 0 0 0 0 0 0 0 0 134 0 5 0 1 1 154 137 4 147 0 0 0 324 0 3 0 0 0 142 147 0 4 0 0 0 156 0 -1 0 0 1 124 0 0 0 3 0 0 158 164 2 0 156 0 0 145 1 0 0 33 0 0 0 0 0 0 -1 134 2 306 0 0 2 0 0 0 0 3 0 0 0 316 0 2538 155 32 0 0 0 2 0 1 0 0 0 0 -1 0 0 0 2 165 0 0 164 150 146 29 150 143 0 139 2 142 3 0 -1 166 3 30 0 2 1 0 0 165 0 0 0 0 0 0 0 165 0 2 0 0 283 -1 1 2538 0 139 0 0 151 0 0 0 1 4 0 0 1 141 1 152 0 4 0 0 0 36 0 0 139 2 0 2709 282 147 1 0 0 2 0 3 0 139 0 0 145 169 0 138 144 2538 0 0 26 0 0 0 4 3 1 1 0 0 166 0 162 0 0 2 134 0 142 3 138 149 0 136 1 0 2 0 0 0 150 -1 0 124 0 4 150 0 0 0 139 
0 0 0 102 0 0 0 1 0 0 0 0 0 87 15 0 88 0 0 0 0 1 79 177 111 0 0 74 0 1 0 0 0 0 1 1 2 0 0 76 2 0 0 0 0 0 1331 1 1 0 3 0 0 1 1 0 79 0 96 0 0 88 0 81 98 0 0 1 0 0 88 0 2 0 84 0 1 100 0 0 66 80 2 0 84 2 0 1403 0 1 0 1478 1403 0 2 61 76 0 0 0 0 85 86 90 0 0 14 0 0 79 0 0 0 0 0 0 0 0 0 253 77 0 0 3 0 2 3 0 2 0 0 0 0 0 2 2 0 0 0 1 2 0 2 89 0 0 1 2 15 1 0 89 0 0 -1 0 0 0 95 0 76 13 1 1370 0 14 86 0 0 0 0 184 0 87 1 0 0 0 90 2 74 0 87 0 0 98 0 -1 78 94 0 0 82 25 109 0 0 0 0 68 1 0 0 180 -1 0 0 93 0 0 1 0 0 0 0 2 0 88 0 92 86 0 1 -1 86 0 104 90 0 0 0 0 84 91 1 0 0 0 0 85 1464 93 18 2 0 2 89 2 0 0 0 1 1492 80 0 0 79 2 0 81 15 0 0 0 102 0 0 0 178 28 0 86 0 0 0 1 1 96 1 1 1 0 0 0 0 0 0 117 0 0 1 93 100 0 0 1 1 0 16 86 0 98 160 0 0 0 0 0 17 22 0 27 0 8 0 0 0 0 0 0 0 0 85 1 0 87 1 2 0 0 17 0 0 106 1 83 0 97 1 0 0 1 0 92 1492 95 2 1416 0 0 179 0 0 0 94 0 0 0 0 0 75 87 92 0 0 0 0 2 0 0 14 0 0 21 87 0 3 3 0 0 0 1 0 -1 0 0 0 0 0 0 0 88 3 0 0 0 89 0 0 1403 2 21 0 0 0 0 0 1 0 1386 0 84 2 1 0 98 77 0 116 184 -1 0 0 0 78 0 97 76 15 0 2 0 102 90 0 79 80 2 2 81 90 118 0 0 1 96 20 0 150 1 0 0 116 0 0 3 -1 0 1 0 2 0 0 0 1 18 0 99 1546 0 1 91 85 0 0 2 0 0 0 0 0 86 0 0 1 1 0 0 0 0 70 28 2 88 1 0 0 0 0 0 0 2 0 3 0 0 89 0 0 0 0 0 78 1 91 0 88 91 0 1380 0 0 0 0 0 0 69 0 0 0 0 0 0 0 0 1387 0 85 0 2 93 0 0 0 0 0 0 21 0 0 0 108 0 0 0 0 0 0 0 0 0 0 67 0 0 0 0 0 2 3 0 0 0 92 75 188 0 0 0 82 79 165 0 0 79 0 0 1 91 0 4 0 2 0 -1 0 1 23 0 15 0 96 61 2 0 0 1493 0 2 0 0 72 1 0 0 76 0 0 0 176 90 88 101 1 86 0 1550 28 2 1 0 0 2 0 0 22 88 0 0 0 0 0 0 85 0 2 0 0 77 1 0 1390 75 -1 0 0 1 0 0 0 0 0 0 69 2 0 0 0 1 0 0 0 81 92 101 0 89 0 0 18 2 0 0 0 116 27 77 0 0 1 70 1474 0 -1 0 103 0 0 2 0 112 0 0 108 1492 1 0 0 0 83 0 0 0 0 0 0 96 1403 2 0 0 0 1388 96 0 0 186 -1 0 0 0 98 0 87 0 0 84 1 0 0 0 0 0 1 0 0 0 0 0 0 1 0 85 0 3 97 63 0 0 0 0 0 0 0 0 88 0 3 0 1 2 89 68 2 80 0 0 0 180 0 2 0 0 0 71 76 0 1 0 0 0 93 0 -1 0 0 2 85 0 0 0 2 0 0 70 78 0 0 99 0 0 78 1 0 0 16 0 0 0 0 0 0 -1 80 1 177 0 0 0 0 0 0 0 4 0 0 1 192 0 1492 92 18 0 0 0 4 0 0 0 0 0 0 -1 0 0 0 0 87 0 0 91 87 72 13 84 76 0 95 0 85 1 0 -1 79 1 14 0 0 1 0 0 83 0 0 0 0 0 0 0 76 0 4 0 0 185 -1 1 1492 0 103 0 0 77 0 0 0 1 1 0 0 2 100 2 76 0 1 1 0 0 22 1 0 85 0 0 1563 165 91 1 0 0 1 0 2 0 90 0 0 101 105 0 94 75 1492 0 0 21 0 0 0 2 1 2 1 0 0 79 0 85 0 0 0 102 0 95 2 82 99 0 88 1 0 1 0 0 0 96 -1 0 78 0 2 87 0 0 0 76 
0 0 0 153 2 0 0 1 1 0 0 0 0 179 31 0 167 0 0 0 0 2 186 322 172 0 0 167 0 4 0 0 0 0 2 2 0 0 0 172 4 0 0 0 0 0 2636 2 3 0 4 0 0 0 1 0 167 0 169 0 0 181 0 138 178 1 0 5 0 0 180 0 1 2 175 0 3 148 0 0 167 148 0 0 165 7 0 2763 0 1 0 2935 2763 0 3 188 149 0 0 0 0 166 148 183 0 0 31 0 0 186 0 2 0 0 0 0 0 0 0 466 182 0 0 3 0 3 6 0 6 1 0 0 0 0 1 3 0 0 3 1 4 0 3 172 0 0 1 2 38 1 0 155 1 0 -1 0 0 0 171 3 165 38 0 2714 0 35 176 0 0 0 0 353 0 150 2 0 0 0 186 0 167 0 148 2 0 175 0 -1 170 170 1 3 170 40 184 0 0 0 0 169 2 0 0 359 -1 0 0 175 0 0 1 0 0 0 0 1 0 159 0 177 191 0 0 -1 191 0 162 145 0 3 0 0 181 142 1 0 0 0 3 179 2936 172 30 2 0 4 181 3 0 0 0 1 2985 171 0 0 172 1 0 173 35 0 0 0 153 0 0 0 353 49 0 182 1 0 0 0 1 200 0 3 2 0 0 0 0 0 0 178 0 0 0 192 154 0 0 1 2 1 29 159 0 150 347 0 2 0 0 0 35 33 0 36 0 35 0 2 0 0 0 0 0 2 155 6 0 151 0 3 0 0 38 0 0 180 3 160 0 172 7 0 0 5 0 174 2985 168 8 2850 0 5 318 0 0 0 171 0 0 0 0 0 165 179 179 0 0 0 0 2 0 0 43 0 0 34 174 0 7 3 0 0 0 7 0 -1 2 0 0 0 0 0 0 171 2 0 0 0 180 0 0 2763 1 34 4 0 0 0 0 6 0 2731 0 178 0 3 1 166 152 0 214 334 -1 1 0 0 191 0 185 138 42 0 1 0 151 167 0 176 168 4 9 166 186 170 0 0 0 163 33 2 325 2 0 0 177 0 0 1 -1 0 4 0 1 1 0 0 0 25 0 146 3052 0 0 174 181 0 2 6 0 0 0 0 0 173 0 0 0 5 0 2 0 0 173 49 1 156 3 0 0 1 0 0 1 1 0 3 0 0 137 0 0 0 0 0 175 4 160 0 150 163 0 2727 0 0 0 0 0 0 170 0 0 0 0 3 0 0 0 2738 0 173 0 2 160 0 0 0 0 4 0 45 0 0 0 200 0 1 0 0 0 0 1 3 0 0 166 0 1 0 0 0 3 2 0 0 0 174 154 355 0 1 0 176 187 344 0 2 181 5 0 5 180 0 6 0 1 0 -1 0 3 40 0 29 0 182 188 1 0 0 2986 0 3 0 0 173 4 1 0 174 0 0 0 339 166 181 173 1 131 0 3092 40 1 1 3 0 1 0 0 38 151 0 0 0 2 0 0 174 0 2 0 0 188 2 0 2728 164 -1 0 0 0 3 0 0 0 0 0 181 1 1 0 0 2 0 0 0 168 184 152 0 152 0 0 31 2 0 0 1 173 45 156 0 0 3 162 2952 0 -1 0 158 0 0 2 0 172 0 0 208 2985 2 0 2 0 176 0 0 0 1 0 0 165 2763 1 0 1 0 2727 200 0 0 373 -1 0 0 0 175 1 175 0 0 142 0 0 0 3 0 0 1 0 0 0 0 0 0 1 0 178 3 8 195 161 0 0 0 0 0 0 0 0 151 0 1 0 1 1 147 168 0 165 0 0 0 356 0 3 0 0 0 174 166 0 3 0 0 0 178 0 -1 0 0 4 148 0 0 0 3 0 0 177 190 1 0 182 0 0 187 1 0 0 31 0 0 0 0 0 0 -1 171 4 325 0 0 2 0 0 0 0 1 0 0 1 348 0 2985 177 51 0 0 0 2 0 2 0 0 0 0 -1 0 0 0 4 173 0 0 161 175 165 23 177 171 0 149 1 181 4 0 -1 181 4 31 0 4 1 0 0 180 0 0 0 0 0 0 0 154 0 2 1 0 374 -1 3 2985 1 154 0 0 171 0 0 0 2 2 0 0 2 152 1 172 0 5 2 0 0 42 0 0 159 2 0 3166 325 160 1 0 0 2 0 1 0 166 0 0 155 181 0 195 165 2985 0 0 38 0 0 0 5 3 6 1 0 0 181 0 178 0 0 1 147 0 188 0 163 171 0 153 1 0 1 0 0 0 173 -1 0 183 0 3 175 0 0 0 182 
0 0 0 91 1 0 0 1 2 0 0 0 0 74 15 0 77 0 0 0 0 2 91 183 99 0 0 81 0 0 0 0 0 0 1 0 4 0 0 75 0 0 0 0 0 0 1285 2 3 0 2 0 0 0 1 0 88 0 82 0 0 80 0 74 75 0 0 4 0 0 80 0 0 2 74 0 0 90 0 0 82 79 0 0 86 0 0 1351 0 2 0 1454 1351 0 2 92 76 0 0 0 1 82 89 89 0 0 18 0 0 91 0 2 0 0 0 0 0 0 0 282 73 0 0 3 0 1 1 0 2 1 0 0 0 0 0 0 0 0 1 1 1 0 0 88 0 0 1 1 22 1 0 88 1 0 -1 0 0 0 80 0 85 16 0 1318 0 18 85 0 1 0 0 162 0 80 1 0 0 0 82 1 81 0 87 1 0 91 0 -1 79 84 1 0 79 19 101 0 0 0 0 84 2 0 0 160 -1 0 0 97 0 0 4 0 0 0 0 2 0 85 0 85 89 0 0 -1 89 0 82 84 0 2 0 0 94 87 1 0 0 0 0 76 1446 74 13 0 2 2 88 0 0 0 0 1 1470 90 0 0 79 1 0 95 16 0 0 0 91 0 0 0 177 24 0 84 0 0 0 0 0 92 0 1 1 0 0 0 0 0 0 100 0 0 1 91 79 0 0 0 3 0 20 96 0 87 156 0 2 0 0 0 18 15 0 12 0 17 0 2 0 0 0 0 0 0 95 2 0 84 2 0 0 0 23 1 0 75 2 109 0 89 1 0 0 1 0 88 1470 88 5 1396 0 2 170 0 0 0 86 0 0 0 0 0 83 79 74 0 0 0 0 1 0 0 16 0 0 15 93 0 2 1 0 0 0 2 0 -1 0 0 0 0 0 0 0 88 0 0 0 0 111 3 0 1351 1 16 1 0 0 0 0 0 0 1331 0 78 1 0 0 89 75 0 100 175 -1 1 0 0 85 0 87 73 20 0 2 0 91 92 0 80 80 3 1 95 82 101 0 0 0 89 19 2 155 2 0 0 99 0 0 1 -1 0 1 0 3 0 0 0 1 13 0 92 1486 0 0 86 86 0 3 6 0 0 0 0 0 87 0 0 0 0 0 0 0 0 81 24 1 85 2 0 0 0 0 0 0 2 0 0 0 0 83 0 0 0 0 0 80 1 79 0 85 87 0 1337 0 0 0 0 0 0 77 0 0 0 0 4 0 0 0 1338 0 108 0 1 69 0 0 0 0 1 0 18 0 0 0 104 0 0 0 0 0 0 1 3 0 0 81 0 1 0 0 0 2 0 0 0 0 88 108 164 0 1 0 76 89 164 0 2 82 1 0 3 92 0 4 0 0 0 -1 0 0 19 0 13 0 84 95 3 0 0 1471 0 1 0 0 88 0 0 0 80 0 0 0 164 95 75 93 1 84 0 1541 18 1 1 2 0 0 0 0 10 91 0 0 0 2 0 0 97 0 0 0 0 83 1 0 1334 95 -1 0 0 0 2 0 0 0 0 0 88 1 1 0 0 0 0 0 0 91 91 88 0 92 0 0 17 2 0 0 0 98 19 110 0 0 1 88 1457 0 -1 0 83 0 0 1 0 90 0 0 111 1470 3 0 0 0 74 0 0 0 0 0 0 90 1351 0 0 0 0 1333 92 0 0 180 -1 0 0 0 91 1 95 0 0 91 0 0 0 1 0 0 2 0 0 0 0 0 0 0 0 80 2 5 71 77 0 0 0 0 0 0 0 0 91 0 0 0 1 2 84 81 2 94 0 0 0 164 0 0 0 0 0 80 87 0 7 0 0 0 86 0 -1 0 0 2 84 0 0 0 0 0 0 85 85 1 0 75 0 0 85 1 0 0 21 0 0 0 0 0 0 -1 81 0 159 0 0 0 0 0 0 0 0 0 0 0 178 0 1470 85 22 0 0 0 2 0 2 0 0 0 0 -1 0 1 0 0 74 0 0 91 96 84 17 82 77 0 76 1 84 1 0 -1 82 2 18 0 1 3 0 0 80 0 0 0 0 0 0 0 108 0 2 0 0 168 -1 1 1470 0 92 0 0 86 0 0 0 0 1 0 0 2 80 0 75 0 2 3 0 0 17 0 0 94 1 0 1558 157 79 1 0 0 2 0 0 0 95 0 0 80 77 0 87 77 1470 0 0 15 0 0 0 1 0 0 0 0 0 82 0 80 0 0 0 88 0 78 3 84 92 0 92 1 0 0 0 0 0 82 -1 0 74 0 0 96 0 0 0 82 
0 0 0 95 0 0 0 2 1 0 0 0 0 86 22 0 90 0 0 0 0 1 68 199 90 0 0 105 0 0 0 0 0 0 0 0 0 0 0 107 2 0 0 0 0 0 1527 1 1 0 0 0 0 0 1 0 99 0 102 0 0 104 0 95 95 1 0 0 0 0 74 0 1 1 116 0 0 94 0 0 87 99 0 0 93 0 0 1610 0 1 0 1677 1610 0 1 95 107 0 1 0 1 96 100 108 0 0 22 0 0 68 0 1 0 0 0 0 0 0 0 279 94 0 0 2 0 1 1 0 4 1 0 0 0 0 2 0 0 0 1 1 3 0 0 95 0 0 1 0 14 1 0 90 1 0 -1 0 0 0 84 0 96 19 0 1575 0 26 101 0 0 0 0 178 0 93 1 0 0 0 91 0 105 0 100 1 0 101 0 -1 95 94 1 3 103 23 78 0 0 0 0 92 1 0 0 209 -1 0 0 90 0 0 2 0 0 0 0 1 0 106 0 95 111 0 0 -1 111 0 91 95 0 1 0 0 101 96 2 0 0 0 2 115 1675 92 23 1 1 4 104 0 0 0 0 0 1690 110 0 0 102 2 0 96 21 0 0 0 95 0 0 0 200 15 0 92 0 0 0 0 1 89 0 1 3 0 0 0 0 0 0 93 0 0 0 81 108 0 0 2 1 1 19 92 0 93 177 0 2 0 0 0 19 22 0 26 0 19 0 4 0 1 3 0 0 0 92 2 0 94 0 1 0 0 21 0 0 115 2 96 0 102 1 0 0 1 0 89 1690 99 2 1598 0 0 199 0 0 0 93 0 0 0 0 0 99 73 98 0 0 0 0 1 0 0 22 0 0 21 87 0 1 2 0 0 0 4 0 -1 2 0 0 0 0 0 0 95 1 0 0 0 103 4 0 1610 2 21 1 0 0 0 2 1 0 1596 0 103 1 1 0 97 106 0 126 192 -1 0 0 0 94 0 113 94 22 0 3 0 95 84 0 110 91 0 1 84 91 97 0 0 0 99 21 1 178 0 0 0 92 0 0 1 -1 0 1 0 1 1 0 0 1 21 0 92 1733 0 0 113 105 0 1 4 0 0 0 0 0 97 0 0 0 1 0 0 0 0 113 15 1 96 0 0 0 0 0 0 1 3 0 1 0 0 93 0 0 0 0 0 96 3 99 0 94 107 0 1596 0 1 0 0 0 0 109 0 0 0 0 1 0 0 0 1591 0 97 0 0 111 0 0 0 0 1 0 23 0 0 0 109 0 0 0 0 0 0 0 2 0 0 90 0 0 0 0 0 1 1 0 0 0 89 86 217 0 0 0 110 69 191 0 1 94 0 0 2 116 0 3 0 2 0 -1 0 0 24 0 24 0 110 96 0 0 0 1691 0 2 0 0 65 1 0 0 96 0 0 0 189 93 88 106 1 94 0 1764 22 1 1 0 0 0 0 0 20 103 0 0 0 2 0 0 87 0 4 0 0 94 1 0 1594 101 -1 0 0 0 0 0 0 0 0 0 99 2 0 0 0 0 1 0 0 109 116 93 0 104 0 0 19 1 0 0 0 91 23 89 0 0 0 99 1672 0 -1 0 90 0 3 0 0 91 0 0 116 1690 0 0 0 0 109 0 0 0 1 0 0 99 1610 0 0 1 0 1588 89 0 0 180 -1 0 0 0 101 4 89 0 0 99 4 0 0 1 0 0 1 0 0 0 0 1 0 0 0 104 2 4 117 88 0 0 0 0 0 0 0 0 103 0 1 0 1 4 94 108 1 83 0 0 0 194 0 0 0 0 0 113 92 0 2 0 0 0 96 0 -1 0 0 0 92 0 0 0 3 0 0 92 88 3 0 96 0 0 94 1 0 0 23 0 0 0 0 0 0 -1 93 0 206 0 0 0 0 0 0 0 0 0 0 0 183 0 1690 95 23 0 0 0 1 0 4 0 0 0 0 -1 0 0 0 0 98 0 0 102 89 104 14 102 108 0 103 2 95 0 0 -1 94 0 22 0 2 1 0 0 94 0 0 0 0 1 0 0 89 0 5 0 0 209 -1 0 1690 0 96 0 0 100 0 0 0 1 1 0 0 1 107 1 107 0 0 0 0 0 22 0 0 94 2 0 1789 160 99 1 0 0 0 0 1 0 93 0 0 109 118 0 89 92 1690 0 0 14 0 0 0 1 2 1 0 0 0 94 0 104 0 0 2 87 0 99 3 92 103 0 102 1 0 1 0 0 0 104 -1 0 95 0 1 89 0 0 0 90 
1 0 0 98 1 0 0 0 0 0 0 0 0 91 18 0 86 0 0 0 0 2 104 196 101 0 0 83 0 2 0 0 0 0 3 1 0 0 0 99 1 0 0 0 0 0 1403 1 0 0 3 0 0 0 1 0 92 0 107 0 0 106 0 71 105 1 0 1 0 0 92 0 1 1 78 0 3 98 0 0 104 75 2 0 86 2 0 1487 0 0 0 1655 1487 0 1 101 82 0 0 0 0 86 116 98 0 0 19 0 0 104 1 1 0 2 0 0 0 0 0 270 85 0 0 2 0 1 0 0 3 1 0 0 0 0 1 1 0 0 3 1 2 0 3 89 0 0 1 1 20 1 0 86 1 0 -1 0 0 0 89 1 92 12 0 1441 0 25 103 0 0 0 0 200 0 88 3 0 0 0 72 1 83 0 117 2 0 124 0 -1 99 95 1 1 100 12 102 0 0 0 0 107 2 0 0 195 -1 0 0 86 0 0 2 0 0 0 0 1 0 118 0 89 85 1 0 -1 85 0 110 91 0 1 0 0 85 93 2 0 0 0 2 80 1653 101 16 0 1 4 108 1 0 0 0 0 1672 112 0 0 99 0 0 89 16 0 0 0 98 0 0 0 197 19 0 83 0 0 0 1 0 121 0 0 1 0 0 0 1 0 0 107 0 0 0 114 101 0 0 0 2 1 19 78 0 95 174 0 1 0 0 0 22 25 1 14 0 24 0 0 0 0 0 0 0 0 78 2 0 90 1 1 0 0 11 1 0 93 0 105 0 83 0 0 0 1 0 85 1672 80 4 1582 0 3 197 2 0 0 103 0 0 0 0 0 95 91 106 0 0 0 0 2 0 0 25 0 0 9 105 0 2 1 0 0 0 3 0 -1 1 0 0 0 0 0 0 88 0 0 0 0 103 2 0 1487 2 9 2 0 0 0 0 1 0 1468 0 100 1 1 1 103 83 0 103 211 -1 2 0 0 94 1 94 67 20 0 2 0 96 84 0 73 117 1 1 97 72 110 0 0 0 122 21 0 193 3 0 0 106 0 0 5 -1 0 1 0 2 0 0 0 2 14 0 95 1715 0 1 100 94 0 1 2 0 0 0 0 0 107 0 1 1 2 0 0 0 0 81 19 1 109 1 0 0 0 0 0 1 4 0 0 0 0 87 0 0 0 0 0 102 2 102 0 90 118 0 1472 0 0 0 0 0 0 76 0 0 0 0 3 0 0 0 1466 0 99 0 0 93 0 0 0 0 2 0 19 0 0 0 118 0 0 0 0 0 0 0 2 0 0 106 0 1 0 0 0 2 4 0 0 0 85 88 191 0 1 0 80 105 191 0 0 91 0 0 0 103 0 7 0 0 0 -1 0 1 27 0 19 0 93 101 0 0 0 1673 0 3 0 0 100 1 3 0 100 0 0 0 172 94 94 108 1 90 0 1728 25 6 1 1 0 4 0 0 10 117 0 0 0 2 0 0 106 0 1 0 0 94 2 0 1473 93 -1 0 0 0 0 0 0 0 0 0 79 0 0 0 0 3 0 0 0 106 103 98 0 118 0 0 10 3 0 0 0 105 13 91 0 0 1 91 1658 0 -1 0 88 0 0 1 0 105 0 0 130 1672 0 0 0 0 75 0 0 0 3 0 0 102 1487 4 0 1 0 1465 121 0 0 224 -1 0 0 0 124 0 106 0 0 108 3 0 0 1 0 0 6 0 0 0 0 0 0 4 0 102 0 3 99 101 0 0 0 0 0 0 0 0 117 0 1 0 1 2 89 79 1 96 0 0 0 203 0 0 0 0 0 80 94 0 3 0 0 0 90 0 -1 0 0 2 87 0 0 0 0 0 0 80 107 1 0 105 0 0 92 1 0 0 25 0 0 0 0 0 0 -1 81 0 204 0 0 0 0 0 1 0 0 0 0 0 204 0 1672 89 18 0 0 0 1 0 0 0 0 0 0 -1 0 0 0 3 110 0 0 90 105 83 23 98 71 0 98 1 85 1 0 -1 91 0 19 0 1 2 0 0 111 0 0 0 0 0 0 0 90 0 1 0 0 209 -1 0 1672 0 99 0 0 97 0 0 0 2 1 1 0 1 101 1 99 0 3 2 0 0 16 0 0 76 0 0 1753 181 102 1 0 0 1 0 1 0 94 0 0 102 96 0 118 112 1672 0 0 16 0 0 0 2 1 0 3 0 0 91 0 102 0 0 2 94 0 110 0 98 106 0 116 1 0 2 0 0 0 108 -1 0 86 0 1 105 0 0 0 93 
0 0 0 128 1 0 0 0 1 0 0 0 0 89 22 0 102 0 0 0 0 2 110 223 115 0 0 114 0 1 0 0 0 0 2 2 1 0 0 100 1 0 0 0 0 0 1631 0 2 0 2 0 0 0 1 0 118 0 105 0 0 125 0 109 111 0 0 0 0 0 81 0 1 2 98 0 2 127 0 0 94 120 2 0 110 0 0 1711 0 1 0 1764 1711 0 2 109 106 0 0 0 1 90 106 110 0 0 23 0 0 110 0 1 0 0 0 0 0 0 0 328 102 0 0 3 0 4 1 0 3 2 0 0 0 0 3 2 0 0 0 1 1 0 2 114 0 0 5 0 24 1 0 90 0 0 -1 0 0 0 101 0 117 17 0 1669 0 20 125 0 0 0 0 189 0 116 2 0 0 0 95 1 114 0 102 4 0 120 0 -1 95 97 2 2 129 18 91 0 0 0 0 96 0 0 0 227 -1 0 0 103 0 0 2 0 0 0 0 0 0 110 0 110 109 0 1 -1 109 0 110 107 0 0 0 0 121 109 0 0 0 0 0 102 1765 115 23 1 2 1 127 1 0 0 0 0 1788 94 0 0 128 1 0 117 16 0 0 0 128 0 0 0 242 23 0 95 0 0 0 0 0 98 0 3 4 0 0 0 1 0 0 119 0 0 0 95 93 0 0 0 3 0 18 111 0 125 197 0 1 0 0 0 24 23 0 21 0 31 0 1 0 0 0 0 0 1 105 0 0 118 2 2 0 0 18 0 0 103 4 112 0 118 3 0 0 2 0 94 1788 115 3 1707 0 0 217 1 0 0 103 0 0 0 0 0 117 80 109 0 0 0 0 0 0 0 18 0 0 32 92 0 6 1 0 0 0 0 0 -1 1 0 0 1 0 0 0 114 0 0 0 0 110 0 0 1711 3 32 0 0 0 0 1 2 0 1690 0 129 2 1 0 103 107 0 128 201 -1 3 0 0 97 1 110 110 29 0 0 0 127 92 0 109 99 1 0 92 95 120 0 0 0 119 18 2 203 4 0 0 118 0 0 0 -1 0 3 0 1 0 0 0 1 20 0 127 1841 0 0 116 106 0 1 2 1 0 0 0 0 127 0 0 0 1 0 0 0 0 97 23 2 100 1 0 0 1 0 0 1 4 0 2 0 1 103 0 0 0 0 0 96 1 115 0 117 112 0 1683 0 0 0 0 0 0 94 0 0 0 0 1 0 0 0 1685 0 107 0 3 115 0 0 0 0 1 0 32 0 0 0 117 0 0 0 0 0 0 0 1 0 0 96 0 0 0 0 0 2 1 0 0 0 94 100 197 0 0 0 98 110 190 0 0 118 0 0 3 121 0 5 0 1 0 -1 0 2 27 0 20 0 110 110 1 0 0 1789 0 3 0 0 106 0 2 0 96 0 0 0 195 94 91 106 1 110 0 1876 24 3 1 0 0 0 0 0 10 107 0 0 0 2 0 0 92 0 1 0 0 94 1 1 1692 93 -1 0 0 0 1 0 0 0 0 0 119 3 1 0 0 3 0 0 0 98 116 126 0 108 0 0 19 0 0 0 0 117 28 105 0 0 0 93 1770 0 -1 0 121 0 0 2 0 115 0 0 126 1788 0 0 0 0 100 0 0 0 2 0 0 102 1711 1 0 3 0 1686 98 0 0 201 -1 0 0 0 120 1 91 0 0 104 3 0 0 2 0 0 1 0 0 0 0 1 0 2 0 130 0 3 86 93 0 0 0 0 0 0 0 0 107 0 1 0 1 1 107 91 0 91 0 0 0 212 0 2 0 0 0 97 117 0 1 0 0 0 111 0 -1 0 0 2 117 0 0 0 1 0 0 116 106 0 0 117 0 0 97 1 0 1 18 0 0 0 0 0 0 -1 91 1 189 0 0 4 0 0 0 0 1 0 0 0 236 0 1788 110 19 0 0 0 2 0 5 0 0 0 0 -1 0 0 0 1 98 0 0 111 91 115 11 130 103 0 91 2 92 0 0 -1 118 0 22 0 1 0 0 0 98 0 0 0 0 1 0 0 104 0 1 0 0 224 -1 2 1788 0 129 0 0 120 0 0 0 2 2 0 0 1 94 2 100 0 2 2 0 0 30 0 0 108 1 0 1909 188 115 1 0 0 2 0 3 0 94 0 0 94 107 0 96 96 1788 0 0 9 0 0 0 1 0 1 0 0 0 118 0 130 0 0 2 125 0 112 1 113 105 0 107 1 0 2 0 0 0 108 -1 0 103 0 1 91 0 0 0 90 
1 0 0 222 3 0 0 2 2 0 0 0 0 202 47 0 157 0 0 0 0 7 196 367 223 0 0 200 0 1 0 0 0 0 1 5 3 0 0 193 2 0 0 0 0 0 3006 1 3 0 3 0 0 0 1 0 207 0 193 0 0 194 0 189 201 2 0 4 0 0 209 0 2 2 208 0 3 220 0 0 209 191 4 0 200 3 0 3158 0 1 0 3418 3158 0 6 212 187 0 0 0 0 217 179 205 0 0 46 0 0 196 0 4 0 1 0 0 0 0 0 602 166 0 0 3 0 3 1 0 4 2 0 0 0 0 0 4 0 0 2 1 2 0 5 208 0 0 4 1 36 1 0 187 4 0 -1 1 0 0 196 1 201 36 0 3080 0 43 190 0 1 0 0 404 0 194 8 0 0 0 192 3 200 0 178 2 0 222 0 -1 205 218 3 4 202 51 201 0 0 0 0 211 2 0 0 385 -1 0 0 224 0 0 3 0 0 0 0 1 0 178 0 165 205 0 0 -1 205 0 172 204 0 3 0 0 192 202 2 0 0 0 2 213 3398 199 37 3 1 8 196 5 0 0 0 3 3443 190 0 0 194 4 0 182 43 0 1 0 222 0 0 0 404 45 0 181 0 0 0 1 2 206 1 0 2 0 0 0 0 0 0 227 0 0 1 194 201 0 0 1 1 2 39 188 0 218 390 1 3 0 0 0 46 45 0 36 0 30 0 4 0 0 1 0 0 0 183 2 0 196 5 2 0 0 45 0 0 203 2 202 0 226 3 0 0 2 0 220 3443 221 3 3276 0 0 395 0 0 0 197 0 0 0 0 0 203 208 167 0 0 0 0 4 0 0 35 0 0 35 187 0 4 2 0 0 0 7 0 -1 1 0 0 0 0 0 0 207 0 0 0 0 194 0 0 3158 3 35 3 0 0 0 0 1 0 3123 0 203 1 3 1 201 183 0 241 451 -1 1 0 0 206 0 204 192 49 0 1 0 221 213 0 185 196 3 7 195 192 230 0 0 1 216 51 3 379 2 0 0 226 0 0 4 -1 0 2 0 2 0 0 0 0 35 0 219 3502 0 0 183 200 0 3 4 0 0 0 0 0 191 0 0 1 1 0 0 0 0 219 45 3 224 0 0 0 2 0 0 3 3 0 5 0 0 195 0 0 0 0 0 207 2 205 0 194 179 0 3110 0 0 0 0 0 0 214 0 0 0 0 2 0 0 0 3126 0 183 0 4 187 0 0 0 0 2 0 46 0 0 0 224 1 0 0 0 0 0 3 6 0 0 204 0 6 0 0 0 3 3 0 0 0 220 209 374 0 0 0 210 198 414 0 2 201 1 0 5 190 0 3 0 4 0 -1 0 1 35 0 52 0 205 214 6 0 0 3444 0 0 0 0 192 3 3 0 204 0 0 0 379 198 205 208 1 193 0 3583 35 5 1 2 0 2 0 0 50 186 0 0 0 2 0 0 189 0 2 0 0 204 2 0 3116 179 -1 0 0 0 2 0 0 0 0 0 185 7 0 0 0 3 1 0 0 192 192 219 0 187 0 0 34 4 0 0 0 222 36 212 0 0 1 179 3403 0 -1 0 206 0 1 3 0 215 0 0 246 3443 4 0 0 0 208 0 0 0 5 0 0 199 3158 1 0 1 0 3122 204 0 0 408 -1 0 0 0 222 3 189 0 0 180 4 0 0 5 0 0 4 0 0 0 0 1 1 3 0 207 1 9 183 201 0 0 0 0 0 0 0 0 186 0 3 0 1 5 194 213 1 194 0 0 0 370 0 2 0 0 0 220 202 0 4 0 0 0 166 0 -1 0 0 1 193 0 0 0 1 0 0 182 208 3 1 207 0 0 202 1 0 0 35 0 0 0 0 0 0 -1 170 1 404 0 0 2 0 0 0 0 1 0 0 0 409 0 3443 165 45 0 0 0 0 0 5 0 0 0 0 -1 0 0 0 2 194 0 0 192 191 203 36 204 178 0 193 0 179 4 0 -1 201 5 45 0 4 4 1 0 202 0 0 0 0 1 0 0 210 0 3 0 0 388 -1 5 3443 0 223 0 0 213 0 0 0 4 2 0 0 2 201 3 193 0 1 0 0 0 47 0 0 187 0 0 3629 388 205 1 0 0 2 0 1 0 198 0 0 202 205 0 193 191 3443 0 0 42 0 0 0 4 1 3 1 0 0 201 0 207 0 0 1 217 0 177 2 197 203 0 187 1 0 4 0 0 0 195 -1 0 167 0 2 191 0 0 0 199 
0 0 0 168 2 0 0 0 3 0 0 0 0 157 45 0 156 0 0 0 0 1 160 342 145 0 0 156 0 1 0 0 0 0 2 1 6 0 0 175 4 0 0 0 0 0 2503 2 2 0 1 0 0 0 1 0 163 0 175 0 0 165 0 155 157 1 0 1 0 0 168 0 5 0 163 0 0 165 0 0 167 157 1 0 169 2 0 2624 0 0 0 2780 2624 0 0 150 171 0 0 0 0 194 159 151 0 0 37 0 0 160 0 2 0 1 0 0 0 0 0 527 184 0 0 2 0 2 3 0 7 3 1 0 0 0 1 1 0 0 3 1 4 0 2 179 0 0 9 3 36 1 0 152 3 0 -1 0 0 0 174 4 154 36 0 2558 0 18 165 0 1 0 0 343 0 152 3 0 0 0 166 4 156 0 160 3 0 174 0 -1 155 162 1 2 169 41 148 0 0 0 0 168 3 0 0 318 -1 0 0 172 0 0 4 0 0 0 0 2 0 162 0 165 152 0 2 -1 152 0 176 178 0 1 0 0 161 180 3 0 0 0 4 164 2765 151 31 2 2 5 167 0 0 0 0 3 2804 153 0 0 174 1 0 158 26 0 0 1 168 0 0 0 344 38 0 178 0 0 0 0 5 169 0 1 1 0 0 0 0 0 0 150 0 0 0 166 164 0 0 1 2 1 42 177 0 161 319 0 2 0 0 0 33 35 0 35 0 39 0 4 0 0 0 0 0 0 174 1 0 154 3 2 0 0 32 1 0 171 3 179 0 147 2 0 0 1 0 181 2804 142 2 2661 0 7 303 1 0 0 158 0 0 0 0 0 162 167 147 0 0 0 0 3 0 0 34 0 0 35 177 0 5 2 0 0 0 5 0 -1 0 0 0 0 0 0 0 176 0 0 0 0 155 1 0 2624 2 35 0 0 0 0 1 1 0 2595 0 172 4 3 0 167 169 0 184 343 -1 2 0 0 171 0 163 152 28 0 1 0 167 162 0 177 158 3 4 185 166 152 0 0 0 166 48 4 319 0 0 0 149 0 0 1 -1 0 2 0 1 1 0 0 6 29 0 170 2874 0 1 149 142 0 1 4 0 0 0 0 0 167 0 0 1 3 0 0 0 0 160 38 1 180 4 0 0 0 0 0 0 6 0 3 0 0 176 0 0 0 0 0 159 0 182 0 153 165 0 2579 0 0 0 0 0 0 153 0 0 0 0 4 0 0 1 2593 0 151 0 2 182 0 0 0 0 6 0 44 0 0 0 214 0 1 0 0 0 0 2 1 0 0 167 0 3 0 0 0 1 1 0 0 0 181 166 320 0 0 0 163 159 318 0 4 164 2 0 2 152 0 8 0 4 0 -1 0 3 39 0 41 0 160 152 1 0 0 2805 0 5 0 0 155 1 1 0 158 0 0 0 355 160 163 175 1 173 0 2940 29 3 1 3 0 0 0 0 26 165 0 0 0 0 0 0 183 0 0 0 0 169 1 0 2597 149 -1 0 0 0 2 0 0 0 0 0 154 2 1 0 0 0 0 0 0 158 148 167 0 166 0 0 42 0 0 0 0 147 21 172 0 0 3 148 2765 0 -1 0 150 0 0 2 0 146 0 0 209 2804 2 0 0 0 160 0 0 0 4 0 0 168 2624 1 0 0 0 2588 166 0 0 331 -1 0 0 0 174 4 182 0 0 160 2 0 0 1 0 0 7 0 0 0 0 0 0 1 0 176 2 6 157 157 0 0 0 0 0 0 0 0 165 0 2 0 1 3 169 155 4 184 0 0 0 337 0 1 0 0 0 162 155 0 2 0 0 0 166 0 -1 0 0 1 153 0 0 0 2 0 0 156 136 3 0 159 0 0 166 1 0 0 29 0 0 0 0 0 0 -1 170 2 324 0 0 1 0 0 0 0 0 0 0 1 309 0 2804 165 34 0 0 0 2 0 2 0 0 0 0 -1 0 0 0 2 165 0 0 161 184 157 33 173 168 0 158 3 179 4 0 -1 164 0 35 0 4 3 1 0 168 0 0 0 0 2 0 0 169 0 4 0 0 305 -1 2 2804 0 169 0 0 168 0 0 0 1 1 0 0 3 164 3 175 0 2 3 1 0 42 0 0 178 1 0 2961 327 182 1 0 0 0 0 0 0 160 0 0 165 170 0 160 157 2804 0 0 40 0 0 0 1 3 2 1 0 0 164 0 176 0 0 3 164 0 153 1 174 172 0 166 1 0 1 0 0 0 175 -1 0 185 0 0 184 0 0 0 163 
0 0 0 90 2 0 0 1 1 0 0 0 0 77 21 0 80 0 0 0 0 0 85 170 87 0 0 79 0 0 0 0 0 0 0 1 0 0 0 80 0 0 0 0 0 0 1287 1 0 0 0 0 0 0 1 0 80 0 78 0 0 69 0 78 78 3 0 1 0 0 83 0 0 2 66 0 4 87 0 0 82 82 0 0 85 0 0 1349 0 2 0 1364 1349 0 1 80 73 0 0 0 0 83 83 80 0 0 14 0 0 85 0 1 0 0 0 0 0 0 0 248 92 0 0 2 0 4 0 0 4 1 0 0 0 0 1 1 0 0 2 1 3 0 1 90 0 0 2 2 18 1 0 82 2 0 -1 1 0 0 70 0 81 20 0 1315 0 18 67 0 0 0 0 161 0 77 2 0 0 0 86 1 79 0 83 2 0 73 0 -1 67 96 1 0 87 15 97 0 0 0 0 83 0 0 0 149 -1 0 0 82 0 0 2 0 0 0 0 2 0 90 0 83 61 0 0 -1 61 0 81 74 0 0 0 0 76 76 2 0 0 0 0 67 1362 76 12 0 1 3 69 0 0 0 1 0 1382 71 0 0 88 1 0 75 19 0 0 2 90 0 0 0 157 20 0 89 0 0 0 0 0 79 0 2 2 0 0 0 0 0 0 92 0 0 1 76 90 0 0 0 1 0 21 80 0 87 151 0 0 0 0 0 21 12 0 22 0 17 0 0 0 0 1 0 0 0 78 1 0 79 0 1 0 0 14 0 0 83 0 79 0 81 2 0 0 1 0 68 1382 80 5 1319 0 5 161 0 0 0 78 0 0 0 0 0 80 82 78 0 0 0 0 1 0 0 22 0 0 17 50 0 2 5 0 0 0 1 0 -1 1 0 0 0 0 0 0 87 0 0 0 0 69 1 0 1349 3 17 0 0 0 0 0 1 0 1324 0 88 1 2 0 80 72 0 96 181 -1 0 0 0 81 0 85 81 14 0 1 0 89 77 0 85 84 1 3 85 86 93 0 0 0 70 18 1 146 0 0 0 91 0 0 0 -1 0 0 0 3 0 0 0 0 10 0 86 1419 0 0 76 76 0 4 2 0 0 0 0 0 61 0 0 0 0 0 0 0 0 79 20 2 84 1 0 0 0 0 0 1 3 0 1 0 0 75 0 0 0 0 0 67 2 99 0 78 90 0 1327 0 0 0 0 0 0 76 0 0 0 0 1 0 0 0 1332 0 66 0 2 73 0 0 0 0 5 0 21 0 0 0 67 0 0 0 0 0 0 0 0 0 0 81 0 1 0 0 0 0 1 0 0 0 68 72 158 0 0 0 67 86 160 0 0 76 0 0 2 78 0 6 0 1 0 -1 0 2 17 0 17 0 82 81 2 0 0 1383 0 2 0 0 83 1 0 1 66 1 0 0 166 85 78 83 1 73 0 1440 19 1 1 4 0 1 0 0 17 87 0 0 0 2 0 0 51 0 2 0 0 80 1 0 1337 81 -1 0 0 0 1 0 0 0 0 0 80 1 0 0 0 0 0 0 0 74 79 90 0 88 0 0 19 2 0 0 0 89 15 73 0 0 2 79 1363 0 -1 0 69 0 1 4 0 89 0 0 94 1382 1 0 0 0 64 0 0 0 0 0 0 80 1349 0 0 2 0 1332 78 0 0 156 -1 0 0 0 73 1 52 0 0 85 1 0 0 2 0 0 1 0 0 0 0 1 0 1 0 89 1 4 82 78 0 0 0 0 0 0 0 0 87 0 1 0 1 2 75 77 1 84 0 0 0 192 0 0 0 0 0 80 81 0 6 0 1 0 84 0 -1 0 0 0 78 0 0 0 0 0 0 77 81 1 0 81 0 0 80 1 0 0 10 0 0 0 0 0 0 -1 87 1 157 0 1 1 0 0 0 0 1 0 0 0 156 0 1382 83 17 0 0 0 0 0 2 0 0 0 0 -1 0 0 0 1 105 0 0 73 52 80 18 88 80 0 86 1 89 0 0 -1 76 0 14 0 0 2 0 0 108 0 0 0 0 0 0 0 72 0 1 0 0 162 -1 1 1382 0 91 0 0 84 0 0 0 2 2 0 0 0 91 0 80 0 3 1 0 0 18 0 0 80 1 0 1465 166 99 1 0 0 0 0 2 0 85 0 0 91 83 0 75 80 1382 0 0 19 0 0 0 1 2 1 1 0 0 76 0 89 0 0 1 89 0 81 0 88 82 0 88 1 0 1 0 0 0 78 -1 0 93 0 1 52 0 0 0 73 
0 0 0 146 0 0 0 2 0 0 0 0 0 191 32 0 159 0 0 0 0 2 180 353 145 0 0 179 0 1 0 0 0 0 2 1 1 0 0 160 3 0 0 0 0 0 2537 4 4 0 4 0 0 0 1 0 165 0 185 0 0 185 0 152 155 0 0 2 0 0 176 0 1 2 155 0 3 143 0 0 171 159 5 0 187 2 0 2673 0 1 0 2873 2673 0 5 159 144 0 0 0 0 179 151 170 0 0 35 0 0 180 0 3 0 0 0 0 0 0 0 494 171 0 0 2 0 2 1 0 5 2 0 0 0 0 5 2 0 0 2 1 2 0 3 195 0 0 4 5 25 1 0 158 0 0 -1 0 0 0 164 5 163 32 0 2611 0 38 179 0 1 0 0 363 0 157 0 0 0 0 153 3 179 0 154 3 0 174 0 -1 165 194 2 1 151 34 181 0 0 0 0 173 2 0 0 369 -1 0 0 174 0 0 3 0 0 0 0 7 0 165 0 162 161 0 1 -1 161 0 165 163 0 2 0 0 162 161 4 0 0 0 4 159 2870 154 32 2 2 6 185 1 0 0 0 2 2915 166 0 0 148 2 0 154 31 0 0 1 146 0 0 0 379 44 0 176 0 0 0 0 2 168 1 4 1 0 0 0 0 0 0 152 0 0 0 161 172 0 0 1 1 0 31 186 0 141 344 0 1 0 0 0 39 42 0 35 0 39 0 5 0 0 0 0 0 0 183 2 0 159 1 1 0 0 43 0 0 146 2 161 0 145 3 0 0 4 0 145 2915 142 4 2778 0 0 294 0 0 0 176 0 0 0 0 0 160 175 157 0 0 0 0 3 0 0 36 0 0 37 168 0 5 4 0 0 0 1 0 -1 1 0 0 0 0 0 0 193 4 0 0 0 155 2 0 2673 2 38 4 0 0 0 0 1 0 2644 0 149 1 2 0 160 138 0 225 360 -1 3 0 0 167 0 199 152 36 0 3 0 142 169 0 159 159 0 2 188 153 153 0 0 0 173 33 0 339 4 0 0 151 0 0 0 -1 0 4 0 3 0 0 0 4 32 0 144 2952 0 2 170 164 0 3 5 0 0 0 0 0 176 0 0 2 1 0 0 0 0 175 44 3 161 2 0 0 1 0 0 4 6 0 1 0 0 154 0 0 0 0 0 169 1 151 0 157 167 0 2639 0 0 0 0 0 0 171 0 0 0 0 4 0 0 0 2646 0 145 0 2 167 0 0 0 0 3 0 30 0 0 0 202 0 0 0 0 0 0 3 2 0 0 167 0 1 0 0 0 0 4 0 0 0 145 163 340 0 0 0 157 182 353 0 2 166 2 0 7 175 0 3 0 2 0 -1 0 0 35 0 40 0 196 164 1 0 0 2916 0 4 0 0 173 0 2 0 169 0 0 0 337 168 194 170 1 154 0 3054 33 3 1 3 0 2 0 0 45 159 0 1 0 0 0 0 166 0 3 0 0 165 2 0 2632 164 -1 0 0 0 6 0 0 0 0 0 152 2 0 0 0 2 0 0 0 178 176 142 0 160 0 0 35 1 0 0 0 149 29 166 0 0 1 163 2878 0 -1 0 160 0 0 2 0 150 0 0 205 2915 3 0 0 0 157 0 0 0 4 0 1 165 2673 0 0 2 0 2631 165 0 0 343 -1 0 0 0 174 1 168 0 0 151 3 0 0 1 0 0 1 0 0 0 0 0 0 0 0 153 1 4 170 162 0 0 0 0 0 0 0 0 159 0 2 0 1 4 151 171 1 187 0 0 0 300 0 3 0 0 0 176 162 0 4 0 0 0 163 0 -1 0 0 1 159 0 0 0 1 0 0 144 150 2 0 158 0 0 166 1 0 0 35 0 0 0 0 0 0 -1 165 1 339 0 0 2 0 0 0 0 2 0 0 0 322 0 2915 162 37 0 0 0 4 0 1 0 0 0 0 -1 0 0 0 3 131 0 0 173 169 181 28 150 150 0 168 5 174 2 0 -1 166 1 35 0 3 0 0 0 135 0 0 0 0 2 0 0 164 0 1 0 0 331 -1 0 2915 0 147 0 0 164 0 0 0 1 2 1 0 5 170 0 160 0 2 3 0 1 27 0 0 188 1 0 3067 347 151 1 0 0 0 0 3 0 168 0 0 173 148 0 153 156 2915 0 0 34 0 0 0 4 1 2 2 0 0 166 0 153 0 0 1 144 0 159 2 183 164 0 156 1 0 1 0 0 0 187 -1 0 172 0 0 169 0 0 0 159 
0 0 0 191 2 0 0 2 3 1 0 0 0 205 42 0 182 0 0 0 0 1 185 360 178 0 0 203 0 3 0 0 0 0 2 6 0 0 0 202 3 0 0 0 0 0 2832 4 2 0 4 0 0 0 1 0 187 0 194 0 0 191 0 180 183 1 0 6 0 0 182 0 3 2 197 0 2 191 0 0 176 185 5 0 191 3 0 2977 0 0 0 3226 2977 0 1 194 194 0 0 0 0 198 192 171 0 0 43 0 0 185 0 1 0 0 0 0 0 0 0 539 176 0 0 3 0 5 1 0 9 4 0 0 0 0 2 4 0 0 2 1 2 0 2 198 0 0 8 1 46 1 0 188 4 0 -1 3 0 0 178 0 180 50 0 2912 0 38 189 0 0 0 0 379 0 170 4 0 0 0 183 3 203 0 191 3 0 204 0 -1 163 188 1 6 205 37 181 0 0 0 0 178 1 0 0 387 -1 0 0 209 0 0 3 0 0 0 0 3 0 185 0 190 197 0 0 -1 197 0 185 175 0 1 0 0 166 177 1 0 0 0 4 202 3224 173 28 1 4 3 193 4 0 0 0 2 3268 186 0 0 211 8 0 165 34 0 0 2 191 0 0 0 389 42 0 160 0 0 0 0 3 194 2 2 1 0 0 0 0 0 0 182 0 0 0 185 194 0 0 1 2 1 36 172 0 185 391 0 3 0 0 0 50 43 0 32 0 46 0 3 0 0 0 0 0 0 170 1 0 174 6 2 0 0 29 0 0 189 3 183 0 178 2 0 0 1 0 201 3268 176 5 3101 0 2 361 2 0 0 196 0 0 0 0 0 178 181 171 0 0 0 0 2 0 0 37 0 0 48 175 0 6 0 0 0 0 5 0 -1 1 0 0 0 0 0 0 195 0 0 0 0 191 3 0 2977 2 48 1 0 0 0 0 2 0 2946 0 212 5 1 1 169 190 0 245 362 -1 2 0 0 174 1 209 175 38 0 2 0 188 198 0 176 190 0 5 163 183 186 0 0 0 196 35 3 358 0 0 0 181 0 0 3 -1 0 3 0 3 1 0 0 5 29 0 188 3338 0 0 176 169 0 1 6 0 0 0 0 0 191 0 0 0 6 0 0 0 0 190 42 1 174 1 0 0 2 0 0 9 7 0 4 0 0 172 0 0 0 0 0 165 1 201 0 172 188 0 2929 0 0 0 0 0 0 192 0 0 0 0 4 0 0 0 2938 0 189 0 0 187 0 0 0 0 1 0 47 0 0 0 201 0 1 0 0 0 0 0 4 0 0 176 0 1 0 0 0 2 2 0 0 0 201 170 339 0 0 0 193 184 345 0 1 189 6 0 1 186 0 6 0 2 0 -1 0 4 47 0 37 0 206 196 4 0 0 3269 0 6 0 0 177 1 3 0 164 0 0 0 384 204 209 175 1 168 0 3394 38 5 1 2 0 4 0 0 45 198 0 0 0 2 0 0 172 0 4 0 0 173 2 0 2945 187 -1 0 0 0 2 0 0 0 0 0 162 4 0 0 0 2 0 0 0 187 181 190 0 199 0 0 35 3 0 0 0 177 17 172 0 0 3 186 3233 0 -1 0 162 0 0 2 0 177 0 0 218 3268 1 0 0 0 198 0 0 0 2 0 0 167 2977 0 0 2 0 2943 191 0 0 391 -1 0 0 0 204 2 177 0 0 188 1 0 0 0 0 0 2 0 0 0 0 0 0 3 0 212 2 8 168 175 0 0 0 0 0 0 0 0 198 0 1 0 1 3 175 190 6 162 0 0 0 387 0 2 0 0 0 194 178 0 3 0 0 0 191 0 -1 0 0 2 171 0 0 0 5 0 0 157 208 5 0 185 0 0 169 1 0 0 42 0 0 0 0 0 0 -1 152 3 359 0 0 3 0 0 0 0 1 0 0 1 360 0 3268 190 44 0 0 0 2 0 1 0 0 0 0 -1 0 0 0 4 191 0 0 171 177 200 37 209 166 0 187 0 160 3 0 -1 189 3 42 0 0 0 0 0 195 0 0 0 0 1 0 0 170 0 6 0 0 354 -1 2 3268 0 192 0 0 190 0 0 0 3 4 0 0 5 191 0 202 0 3 4 0 0 45 0 0 174 1 0 3427 376 201 1 0 0 2 0 2 0 204 0 0 195 188 0 185 188 3268 0 0 33 1 0 0 3 1 1 3 0 0 189 0 212 0 0 5 186 0 176 6 206 172 0 200 1 0 0 0 0 0 197 -1 0 177 0 1 177 0 0 0 173 
0 0 0 140 3 0 0 4 3 0 0 0 0 143 28 0 135 0 0 0 0 0 160 259 151 0 0 143 0 2 0 0 0 0 2 0 4 0 0 153 1 0 0 0 0 0 2271 3 0 0 2 0 0 0 1 0 149 0 141 0 0 136 0 134 164 2 0 2 0 0 145 0 3 2 158 0 1 136 0 0 134 143 0 0 143 3 0 2388 0 3 0 2604 2388 0 2 167 170 0 0 0 0 153 137 136 0 0 35 0 0 160 0 2 0 0 1 0 0 0 0 472 145 0 0 2 0 5 4 0 2 5 0 0 0 0 5 1 0 0 1 1 1 0 0 145 0 0 2 1 24 1 0 140 0 0 -1 0 0 0 142 1 139 30 0 2331 0 33 136 0 1 0 0 289 0 145 2 0 0 0 145 1 143 0 138 1 0 154 0 -1 139 156 1 3 159 32 134 0 0 0 0 136 1 0 0 280 -1 0 0 136 0 0 1 0 0 0 0 2 0 118 0 145 158 0 0 -1 158 0 150 137 0 1 0 0 162 141 1 0 0 0 0 163 2599 164 31 2 3 4 138 2 0 0 0 3 2636 158 0 0 157 3 0 155 35 0 0 1 140 0 0 0 282 37 0 150 0 0 0 1 2 160 3 4 2 0 0 0 0 0 0 155 0 0 0 152 152 0 0 1 3 0 29 140 0 138 317 0 3 0 0 0 33 42 0 39 0 29 0 4 0 0 0 0 0 0 140 2 0 147 2 5 0 0 25 1 0 154 4 142 0 161 0 0 0 1 0 160 2636 159 5 2504 0 3 290 0 0 0 134 0 0 0 0 0 146 144 137 0 0 0 0 2 0 0 29 0 0 34 157 0 7 1 0 0 0 3 0 -1 1 0 0 0 0 0 0 143 4 0 0 0 163 3 0 2388 2 34 0 0 0 1 0 1 0 2372 0 162 3 3 0 155 169 0 177 300 -1 2 0 0 148 0 153 132 36 0 2 0 137 131 0 146 154 0 6 143 145 151 0 0 1 147 26 1 263 4 0 0 154 0 0 0 -1 0 0 0 4 0 0 0 1 25 0 136 2694 0 1 141 132 0 0 0 0 0 0 0 0 136 0 0 0 1 0 0 0 0 147 37 0 140 4 0 0 1 0 0 1 3 0 1 0 0 132 0 0 0 0 0 142 2 168 0 148 119 0 2372 0 0 0 0 0 0 146 0 0 0 0 1 0 0 0 2369 0 157 0 1 175 0 0 0 0 2 0 42 0 0 0 183 0 0 0 0 0 0 1 2 0 0 132 0 1 0 0 0 4 2 0 0 0 160 164 285 0 2 0 159 158 295 0 1 178 2 0 2 150 0 5 0 2 0 -1 0 0 38 0 23 0 151 167 5 0 0 2637 0 4 0 0 156 1 2 0 142 0 0 0 289 145 148 161 1 137 0 2737 26 0 1 2 0 4 0 0 28 140 0 0 0 3 0 0 159 0 2 0 0 145 3 0 2358 140 -1 0 0 0 4 0 0 0 0 0 145 2 0 0 0 4 2 0 0 155 149 139 0 141 0 0 33 1 0 0 0 154 33 169 0 0 2 135 2609 0 -1 0 147 0 0 0 0 151 0 0 182 2636 2 0 1 0 161 0 0 0 1 0 0 156 2388 6 0 2 0 2357 159 0 0 298 -1 0 0 0 154 7 159 0 0 136 3 0 0 2 0 0 0 0 0 0 0 0 0 1 0 163 2 8 142 132 0 0 0 0 0 0 0 0 140 0 3 0 1 1 135 148 1 142 0 0 0 285 0 3 0 0 0 149 143 0 5 0 0 0 146 0 -1 0 0 2 146 0 0 0 1 0 0 146 136 2 0 167 0 0 143 1 0 0 31 0 0 0 0 0 0 -1 148 2 293 0 0 3 0 0 0 0 1 0 0 0 283 0 2636 145 33 0 0 0 4 0 1 0 0 0 0 -1 0 1 0 5 137 0 0 144 161 143 29 157 138 0 143 0 150 5 0 -1 178 4 35 0 2 1 0 0 134 0 0 0 0 0 0 0 166 0 3 0 0 283 -1 1 2636 0 141 0 0 153 0 0 0 1 2 0 0 2 150 0 153 0 1 1 1 0 41 0 0 139 0 0 2782 262 168 1 0 0 1 0 1 0 145 0 0 153 157 0 157 148 2636 0 0 36 0 0 0 2 0 2 6 0 0 178 0 163 0 0 1 137 0 143 4 128 159 0 142 1 0 3 0 0 0 144 -1 0 146 0 2 161 0 0 0 139 
0 0 0 74 2 0 0 0 0 0 0 0 0 88 16 0 66 0 0 0 0 2 82 149 81 0 0 65 0 1 0 0 0 0 0 1 2 0 0 104 0 0 0 0 0 0 1303 2 1 0 2 0 0 0 1 0 90 0 77 0 0 72 0 84 81 1 0 2 0 0 97 0 1 1 71 0 1 74 0 0 79 88 0 0 81 0 0 1364 0 2 0 1402 1364 0 2 88 94 0 0 0 0 88 91 76 0 0 20 0 0 82 0 1 0 0 0 0 0 0 0 252 73 0 0 2 0 2 3 0 2 1 0 0 0 0 3 1 0 0 0 1 2 0 0 88 0 0 2 1 20 1 0 100 0 0 -1 1 0 0 99 2 88 11 0 1342 0 28 71 0 0 0 0 174 0 74 0 0 0 0 83 1 65 0 86 1 0 101 0 -1 82 90 1 3 72 23 73 0 0 0 0 80 2 0 0 147 -1 0 0 84 0 0 3 0 0 0 0 1 0 67 0 70 88 0 1 -1 88 0 71 72 0 0 0 0 92 71 0 0 0 0 0 71 1394 77 21 2 1 1 72 0 0 0 0 0 1416 84 0 0 73 1 0 90 22 0 0 0 74 0 0 0 160 22 0 67 0 0 0 0 0 80 0 0 0 0 0 0 0 0 0 82 0 0 0 75 85 0 0 2 1 0 21 80 0 72 163 0 2 0 0 0 19 15 0 16 0 22 0 0 0 0 0 0 0 1 80 3 0 74 0 0 0 0 14 0 0 92 0 88 0 91 0 0 0 2 0 54 1416 90 0 1341 0 0 178 0 0 0 90 0 0 0 0 0 86 96 84 0 0 0 0 0 0 0 17 0 0 20 87 0 2 0 0 0 0 1 0 -1 1 0 0 0 0 0 0 87 0 0 0 0 85 2 0 1364 0 20 1 0 0 0 1 0 0 1345 0 71 0 1 0 77 93 0 92 172 -1 1 0 0 78 0 83 82 17 0 0 0 74 79 0 93 79 0 2 79 83 82 0 0 0 98 19 0 191 2 0 0 81 0 1 2 -1 0 0 0 2 0 0 0 2 16 0 75 1454 0 2 88 70 0 2 1 0 0 0 0 0 71 0 0 0 0 0 0 0 0 73 22 1 83 1 0 0 0 0 0 1 2 0 1 0 0 69 0 0 0 0 0 86 1 93 0 75 69 0 1342 0 0 0 0 0 0 70 0 0 0 0 1 0 0 0 1355 0 81 0 0 79 0 0 0 0 1 0 25 0 0 0 100 0 0 0 0 0 0 1 0 0 0 79 0 1 0 0 0 0 1 0 0 0 54 78 166 0 0 0 67 82 177 0 0 84 1 0 0 91 0 3 0 2 0 -1 0 0 25 0 18 0 86 88 3 0 0 1417 0 0 0 0 82 1 2 0 84 0 0 0 158 105 90 82 1 69 0 1473 19 2 1 0 0 0 0 0 21 92 0 0 0 0 0 0 91 0 0 0 0 77 1 0 1348 101 -1 0 0 0 0 0 0 0 0 0 90 1 0 0 0 0 0 0 0 85 93 74 0 93 0 0 17 3 0 0 0 78 19 79 0 0 2 102 1392 0 -1 0 82 0 0 0 0 80 0 0 98 1416 0 0 0 0 68 0 0 0 2 0 0 77 1364 2 0 0 0 1348 80 0 0 169 -1 0 0 0 101 1 88 0 0 84 1 0 0 0 0 0 3 0 0 0 0 0 0 2 0 72 1 2 82 73 0 0 0 0 0 0 0 0 92 0 1 0 1 1 67 71 0 78 0 0 0 165 0 0 0 0 0 73 89 0 3 0 0 0 71 0 -1 0 0 2 73 0 0 0 0 0 0 88 96 2 0 81 0 0 78 1 0 0 19 0 0 0 0 0 0 -1 66 0 170 0 0 0 0 0 0 0 0 0 0 1 151 0 1416 70 13 0 0 0 0 0 0 0 0 0 0 -1 0 0 0 1 90 0 0 80 88 70 12 68 88 0 83 1 67 1 0 -1 84 0 20 0 2 1 0 0 89 0 0 0 0 1 0 0 77 0 4 0 0 164 -1 1 1416 0 75 0 0 92 0 0 0 0 2 0 0 0 86 0 104 0 0 0 0 0 24 0 0 81 1 0 1507 202 93 1 0 0 0 0 0 0 105 0 0 86 91 0 71 77 1416 0 0 19 0 0 0 1 1 0 1 0 0 84 0 72 0 0 1 72 0 87 0 111 81 0 92 1 0 2 0 0 0 77 -1 0 74 0 0 88 0 0 0 77 
1 0 0 227 1 0 0 2 1 0 0 0 0 202 35 0 207 0 0 0 0 4 207 417 201 0 0 214 0 3 0 0 0 0 4 1 1 0 0 218 3 0 0 0 0 0 3308 0 2 0 3 0 0 0 2 0 225 0 213 0 0 230 0 210 250 3 0 0 0 0 217 0 1 4 233 0 5 226 0 0 193 219 3 0 204 1 0 3495 0 1 0 3723 3495 0 2 217 208 0 0 0 1 209 217 206 0 0 44 0 0 207 0 1 0 1 0 0 0 0 0 583 218 0 0 6 0 5 2 0 7 4 0 0 0 0 0 4 0 0 3 1 3 0 3 209 0 0 5 3 53 1 0 230 5 0 -1 0 0 0 231 4 215 36 0 3406 0 44 227 0 1 0 0 431 0 224 2 0 0 0 217 3 214 0 216 1 1 220 0 -1 217 235 4 2 217 57 204 0 0 0 0 197 2 0 0 430 -1 0 0 208 0 0 5 0 0 0 0 2 0 212 0 215 215 0 1 -1 215 0 217 214 0 8 0 0 218 215 6 0 0 0 3 242 3717 246 54 2 1 5 231 1 0 0 0 5 3774 223 0 0 208 4 0 220 54 0 0 3 227 0 0 0 441 57 0 221 0 1 0 1 1 211 0 2 2 0 0 0 1 0 0 209 0 0 1 207 216 0 0 1 1 0 49 200 0 220 437 0 0 0 0 0 47 32 0 40 0 39 0 0 0 0 2 0 0 1 194 3 0 224 5 1 0 0 39 0 0 196 1 198 0 226 1 0 0 0 0 234 3774 222 4 3606 0 8 433 1 0 0 217 0 0 0 0 0 228 216 208 0 0 0 0 0 0 0 49 0 0 53 207 0 6 1 0 0 0 1 0 -1 3 0 0 0 0 0 0 209 3 0 0 0 212 2 0 3495 2 53 3 0 0 0 0 3 0 3460 0 218 2 4 1 199 206 0 245 449 -1 0 0 0 214 0 209 213 52 0 3 0 224 202 0 206 193 6 6 223 217 208 0 0 1 215 54 2 413 4 0 0 208 0 1 3 -1 0 3 0 3 1 0 0 2 51 0 227 3844 0 1 216 195 0 0 3 0 0 0 0 0 227 0 0 1 4 0 1 0 0 215 57 2 207 7 0 0 3 0 0 1 4 0 0 0 0 208 0 0 0 0 0 219 0 208 0 221 217 0 3459 0 0 0 0 0 0 211 0 0 0 0 3 0 0 0 3459 0 205 0 8 227 0 0 0 0 2 0 53 0 0 0 268 0 1 0 0 0 0 5 4 0 0 195 0 3 0 0 0 2 3 0 1 0 234 179 449 0 1 0 236 205 449 0 1 243 4 0 3 227 0 5 0 2 0 -1 0 2 53 0 50 0 206 219 1 0 0 3775 0 4 0 0 198 1 2 0 216 0 0 0 421 243 206 209 1 210 0 3913 51 1 1 2 0 3 0 0 39 223 0 0 0 2 0 0 202 0 0 1 0 214 4 0 3453 230 -1 0 0 0 4 0 0 0 0 0 233 0 1 0 0 4 1 1 0 227 228 227 0 224 0 0 35 1 0 0 0 204 41 182 0 0 5 226 3730 0 -1 0 228 0 2 4 0 205 0 0 252 3774 2 0 0 0 240 0 0 0 4 0 0 202 3495 2 0 2 0 3449 211 0 0 425 -1 0 0 0 220 7 205 0 0 212 2 0 0 0 0 0 5 0 0 0 0 2 0 2 0 219 3 6 195 184 0 0 0 0 0 0 0 0 223 0 4 0 1 2 201 213 2 222 0 0 0 427 0 1 0 0 0 216 226 0 6 0 0 0 216 0 -1 0 0 3 223 0 0 0 1 0 0 226 202 0 0 253 0 0 210 1 0 0 42 0 0 0 0 0 0 -1 209 4 432 0 0 2 0 0 0 0 4 0 0 0 424 0 3774 215 49 0 0 0 1 0 2 0 0 0 0 -1 0 0 0 1 204 0 0 248 208 213 50 216 196 0 211 0 221 6 0 -1 243 2 44 0 4 1 0 0 211 0 0 0 0 0 0 0 181 0 4 0 0 420 -1 2 3774 0 228 0 0 233 0 0 0 1 1 0 0 3 217 2 218 0 2 2 0 0 52 0 0 202 1 0 4003 414 208 1 0 0 1 0 3 0 243 0 0 217 196 0 208 185 3774 0 0 44 0 0 0 2 2 5 2 0 0 243 0 219 0 0 1 219 0 214 1 215 205 0 222 1 0 2 0 0 0 214 -1 0 219 0 2 208 0 0 0 203 
0 0 0 166 2 0 0 4 2 0 0 0 0 137 24 0 116 0 0 0 0 4 134 266 159 0 0 132 0 0 0 0 0 0 3 1 1 0 0 144 3 0 0 0 0 0 2243 2 2 0 1 0 0 0 1 0 170 0 142 0 0 135 0 150 148 2 0 2 0 0 129 0 0 1 136 0 1 164 0 0 140 153 1 0 139 3 0 2355 0 4 0 2407 2355 0 3 158 140 0 0 0 0 127 134 156 0 0 32 0 0 134 0 2 0 0 0 0 0 0 0 381 128 0 0 2 0 2 3 0 4 1 0 0 0 0 3 4 0 0 1 1 2 0 5 142 0 0 5 1 27 1 0 137 2 0 -1 1 0 0 155 2 166 31 1 2300 0 28 133 0 0 0 0 273 0 155 2 0 0 0 161 1 132 0 136 4 0 137 0 -1 150 145 3 2 141 47 143 0 0 0 0 141 2 0 0 273 -1 0 0 128 0 0 6 0 0 0 0 3 0 140 0 122 136 0 0 -1 136 0 166 136 0 2 0 0 149 140 1 0 0 0 3 139 2410 143 24 2 1 5 137 4 0 0 0 1 2437 149 0 0 145 4 0 142 41 0 0 0 166 0 0 0 277 26 0 122 0 0 0 1 2 144 1 1 0 0 0 0 0 0 0 165 0 0 0 141 137 0 0 1 1 0 27 123 0 160 279 0 2 0 0 0 24 33 0 22 0 25 0 5 0 0 1 0 0 0 121 2 0 161 3 3 0 0 34 1 0 136 0 128 0 143 4 0 0 1 0 154 2437 138 5 2320 0 2 271 1 0 0 110 0 0 0 0 0 165 128 149 0 0 0 0 3 0 0 30 0 0 31 133 0 8 1 0 0 0 2 0 -1 3 0 0 0 0 0 0 139 3 0 0 0 145 1 0 2355 2 31 3 0 0 0 0 5 0 2332 0 146 2 2 0 141 142 0 175 297 -1 1 0 0 164 0 144 146 37 0 1 0 165 122 0 139 139 3 3 135 161 159 0 0 0 133 40 2 298 1 0 0 164 0 0 4 -1 0 2 0 1 1 0 0 0 21 0 164 2481 1 0 138 150 0 1 3 0 0 0 0 0 136 0 0 0 1 0 0 0 0 151 26 0 146 0 0 0 0 0 0 2 4 0 6 0 0 139 0 0 0 0 0 153 3 140 0 161 143 0 2321 0 0 0 0 0 0 148 0 0 0 0 1 0 0 0 2330 0 139 0 3 122 0 0 0 0 0 0 20 0 0 0 155 0 1 0 0 0 0 3 0 0 0 137 0 1 0 0 0 2 0 0 0 0 154 119 301 0 0 0 136 135 298 0 3 151 0 0 5 141 0 9 0 1 0 -1 0 2 31 0 39 0 143 162 3 0 0 2438 0 4 0 0 126 0 3 0 150 0 0 0 245 144 140 145 1 132 0 2532 31 4 1 2 0 2 0 0 39 141 0 0 0 2 0 0 129 0 1 0 0 163 0 1 2325 161 -1 0 0 0 2 0 0 0 0 0 148 4 0 0 0 2 0 0 0 149 141 162 0 142 0 0 25 1 0 0 0 163 34 122 0 0 4 160 2423 0 -1 0 150 0 1 0 0 158 0 0 174 2437 0 0 0 0 133 0 0 0 2 0 0 138 2355 0 0 1 0 2326 142 0 0 255 -1 0 0 0 137 0 136 0 0 138 0 0 0 4 0 0 3 0 0 0 0 0 0 3 0 146 2 4 152 135 0 0 0 0 0 0 0 0 141 0 1 0 1 5 141 150 0 134 0 0 0 271 0 0 0 0 0 152 164 0 5 0 0 0 123 0 -1 0 0 1 160 0 0 0 0 0 0 149 127 3 0 150 0 0 162 1 0 0 24 0 0 0 0 0 0 -1 118 2 291 0 0 3 0 0 0 0 4 0 0 0 292 0 2437 122 34 0 0 0 4 0 0 0 0 0 0 -1 0 0 0 2 140 0 0 149 135 133 32 148 136 0 131 2 121 0 0 -1 151 1 31 0 1 1 0 0 146 0 0 0 0 0 0 0 122 0 1 0 0 314 -1 0 2437 0 167 0 0 170 0 0 0 2 2 0 0 3 137 3 144 0 3 1 0 0 19 0 0 125 1 0 2586 273 140 1 0 0 2 0 3 0 144 0 0 138 138 0 138 137 2437 0 0 32 0 0 0 1 1 2 0 0 0 151 0 146 0 0 2 165 0 156 2 157 143 0 142 1 0 3 0 0 0 144 -1 0 129 0 7 135 0 0 0 163 
0 0 0 280 0 0 0 7 0 0 0 0 0 276 52 0 243 0 0 0 0 3 241 456 233 0 0 253 0 0 0 0 0 0 2 4 7 1 0 247 2 0 0 1 0 0 3659 3 4 0 4 0 0 0 1 0 209 0 249 0 0 250 0 256 239 4 0 1 0 0 244 0 3 8 247 0 1 278 0 0 231 259 1 0 256 4 0 3865 0 5 0 4331 3865 0 3 275 264 0 0 0 0 270 250 251 0 0 50 0 0 241 0 5 0 1 0 0 0 0 0 701 248 0 0 3 0 5 1 0 4 2 0 0 0 0 6 3 0 0 3 1 4 0 5 263 0 0 8 3 67 1 0 225 0 0 -1 1 0 0 227 6 203 49 0 3783 0 48 251 0 1 0 0 498 0 252 1 0 0 0 238 2 253 0 252 4 0 254 0 -1 221 269 5 3 233 62 288 0 0 0 0 236 2 0 0 498 -1 0 0 298 0 0 6 0 0 0 0 9 0 228 0 256 248 0 2 -1 248 0 220 227 0 3 0 0 211 227 5 0 0 0 3 252 4341 232 54 1 5 9 257 2 0 0 0 1 4388 234 0 0 226 0 0 205 62 0 0 0 280 0 0 0 520 46 0 234 0 0 0 0 2 254 1 2 3 0 0 0 1 0 0 241 0 0 2 244 230 0 0 3 3 1 50 224 0 276 544 0 2 0 0 0 56 57 0 45 0 43 0 3 0 0 0 0 0 1 218 2 0 259 3 0 0 0 52 1 0 251 7 276 0 271 1 0 0 2 0 259 4388 269 5 4188 0 5 517 3 0 0 250 0 0 0 0 0 204 243 260 0 0 0 0 4 0 0 43 0 0 57 257 0 6 3 0 0 0 4 0 -1 3 0 0 0 0 0 0 262 3 0 0 0 249 4 0 3865 2 57 4 0 0 0 1 5 0 3806 0 238 3 2 0 255 260 0 297 530 -1 4 0 0 257 0 268 252 67 0 2 0 274 290 0 237 234 1 5 231 238 240 0 0 1 244 37 3 470 7 0 0 240 0 0 3 -1 0 8 0 0 0 0 0 3 51 0 278 4472 0 2 234 237 0 2 11 1 0 0 0 0 252 0 0 1 4 0 0 0 0 270 46 2 254 2 0 0 0 0 0 3 3 0 3 0 0 217 0 0 0 0 0 225 3 242 0 259 232 0 3809 0 0 0 0 0 0 262 0 0 0 0 2 0 0 0 3807 0 238 0 3 272 0 0 0 0 5 0 62 0 0 0 310 0 1 0 0 0 0 1 2 0 0 235 0 4 0 0 0 2 3 0 0 0 259 238 503 0 1 0 245 244 489 0 2 282 4 0 7 244 1 5 0 4 0 -1 0 1 57 0 46 0 269 278 4 0 0 4389 0 5 0 0 238 6 2 0 224 0 0 0 515 238 282 266 1 217 0 4565 51 4 1 4 0 5 0 0 46 263 0 0 0 9 0 0 261 0 1 0 0 252 3 0 3798 247 -1 0 0 0 0 0 0 0 0 0 229 4 1 0 0 2 0 0 0 235 236 276 0 264 0 0 46 4 0 0 0 238 47 242 0 0 3 244 4335 0 -1 0 226 0 0 3 0 233 0 0 322 4388 4 0 0 0 245 0 0 0 3 0 0 255 3865 4 0 2 0 3820 251 0 0 512 -1 0 0 0 254 2 260 0 0 251 3 0 0 10 0 0 5 0 0 0 0 1 0 0 0 241 6 7 254 230 0 0 0 0 0 0 0 0 263 0 6 0 1 2 218 259 2 230 0 0 0 485 0 3 1 0 0 269 199 0 7 0 0 0 257 0 -1 0 0 4 257 0 0 0 5 0 0 227 286 2 0 244 0 0 257 1 0 0 54 0 0 0 0 0 0 -1 230 5 450 0 0 2 0 0 0 0 4 0 0 0 477 0 4388 256 63 0 0 0 8 0 3 0 0 0 0 -1 0 0 0 2 222 0 0 255 262 250 48 240 225 0 220 3 236 4 0 -1 282 5 50 0 2 4 0 0 226 0 0 0 0 1 0 0 239 0 6 1 0 521 -1 1 4388 0 281 0 0 212 0 0 0 4 3 0 0 3 229 7 247 0 3 0 1 0 62 1 0 222 1 0 4619 493 242 1 0 0 1 0 1 0 238 0 0 231 255 0 245 225 4388 0 0 43 0 0 0 2 3 5 2 0 0 282 0 241 0 0 7 276 0 265 9 263 264 0 263 1 0 1 0 0 0 254 -1 0 249 0 2 262 0 0 0 253 
0 0 0 108 0 0 0 1 3 0 0 0 0 129 31 0 104 0 0 0 0 1 115 257 137 0 0 113 0 2 0 0 0 0 1 1 1 0 0 106 2 0 0 0 0 0 1838 2 2 0 1 0 0 0 1 0 109 0 121 0 0 116 0 122 109 0 0 0 0 0 124 0 2 4 139 0 1 108 0 0 125 125 2 0 112 0 0 1936 0 2 0 2023 1936 0 5 104 113 0 0 0 0 135 119 102 0 0 34 0 0 115 0 0 0 1 0 0 0 0 0 377 134 0 0 3 0 1 1 0 3 2 0 0 0 0 4 0 0 0 3 1 1 0 3 121 0 0 3 1 27 1 0 110 4 0 -1 1 0 0 121 2 108 25 1 1889 0 27 111 0 0 0 0 247 0 127 2 0 0 0 119 1 113 0 120 2 0 127 0 -1 110 103 0 0 127 29 107 0 0 0 0 128 3 0 0 237 -1 0 0 134 0 0 2 0 0 0 0 0 0 120 0 109 111 0 0 -1 111 0 108 116 0 1 0 0 113 118 2 0 0 0 2 144 2028 102 25 1 2 4 116 1 0 0 0 1 2050 113 0 0 124 0 0 109 24 0 0 2 108 0 0 0 235 22 0 117 0 0 0 1 2 118 0 1 4 0 0 0 2 0 0 144 0 0 0 115 128 0 0 1 1 0 22 136 0 107 246 0 0 0 0 0 27 18 0 22 0 21 0 3 0 0 1 0 0 0 133 0 0 129 0 1 0 0 29 0 0 124 0 129 0 136 1 0 0 1 0 121 2050 132 2 1952 0 4 245 0 0 0 107 0 0 0 0 0 102 123 125 0 0 0 0 2 0 0 27 0 0 27 136 0 2 2 0 0 0 4 0 -1 3 0 0 0 0 0 0 118 2 0 0 0 113 4 0 1936 2 27 0 0 0 0 0 3 0 1905 0 127 2 2 1 106 110 0 144 218 -1 4 0 0 108 1 127 119 28 0 3 0 105 131 0 144 113 2 7 117 119 146 0 0 0 122 25 1 227 2 0 0 143 0 0 2 -1 0 4 0 1 0 0 0 1 23 0 107 2096 0 0 117 99 0 1 1 0 0 0 0 0 110 0 0 0 1 0 0 0 0 122 22 3 115 1 0 0 0 0 0 4 3 0 1 0 0 116 0 0 0 0 0 112 1 118 0 130 121 0 1915 0 1 0 0 0 0 119 0 0 0 0 0 0 0 0 1916 0 113 0 0 116 0 0 0 0 2 0 23 0 0 0 162 0 1 0 0 0 0 3 2 0 0 127 0 3 0 0 0 1 1 0 0 0 121 122 257 0 1 0 139 114 214 0 3 122 1 0 3 118 0 4 0 1 0 -1 0 2 19 0 27 0 131 108 3 0 0 2051 0 2 0 0 111 1 1 0 111 0 0 0 241 116 130 112 1 115 0 2162 19 3 1 1 0 1 0 0 29 122 0 0 0 2 0 0 134 1 1 0 0 108 0 0 1914 111 -1 0 0 0 3 0 0 0 0 0 146 1 0 0 0 0 2 0 0 117 120 106 0 123 0 0 30 2 0 0 0 140 28 125 0 0 1 114 2019 0 -1 0 129 0 1 3 0 139 0 0 124 2050 2 0 1 0 141 0 0 0 4 0 0 105 1936 0 0 1 0 1914 117 0 0 226 -1 0 0 0 127 0 136 0 0 116 1 0 0 2 0 0 1 0 0 0 0 0 0 1 0 127 2 4 127 124 0 0 0 0 0 0 0 0 122 0 2 0 1 5 114 119 1 116 0 0 0 230 0 1 0 0 0 121 104 0 3 0 0 0 110 0 -1 0 0 1 128 0 0 0 2 0 0 143 127 3 0 109 0 0 105 1 0 0 27 0 0 0 0 0 0 -1 116 1 238 0 0 2 0 0 0 0 1 0 0 0 248 0 2050 109 18 0 0 0 1 0 1 0 0 0 0 -1 0 0 0 1 117 0 0 130 136 114 18 125 139 0 126 0 117 3 0 -1 122 0 34 0 1 3 0 0 121 0 0 0 0 0 0 0 123 0 3 0 0 233 -1 1 2050 0 109 0 0 107 0 0 0 2 0 0 0 0 124 1 106 0 2 1 0 0 22 0 0 135 0 0 2197 234 118 1 0 0 0 0 2 0 116 0 0 129 124 0 110 109 2050 0 0 23 0 0 0 4 0 1 5 0 0 122 0 127 0 0 2 105 0 127 1 120 109 0 122 1 0 3 0 0 0 123 -1 0 135 0 1 136 0 0 0 101 
0 0 0 91 2 0 0 1 0 0 0 0 0 74 23 0 86 0 0 0 0 1 98 156 96 0 0 85 0 2 0 0 0 0 0 0 2 0 0 69 0 0 0 0 0 0 1312 0 2 0 0 0 0 0 1 0 77 0 90 0 0 86 0 95 72 0 0 2 0 0 91 0 0 1 100 0 0 90 0 0 94 93 1 0 83 2 0 1384 0 2 0 1497 1384 0 1 89 96 0 0 0 0 97 82 70 0 0 21 0 0 98 0 2 0 0 0 0 0 0 0 230 81 0 0 2 0 0 0 0 2 1 0 0 0 0 0 1 0 0 1 1 1 0 0 90 0 0 1 1 26 1 0 68 0 0 -1 0 0 0 78 2 74 18 0 1347 0 15 87 0 0 1 0 182 0 76 2 0 0 0 71 1 85 0 78 3 0 85 0 -1 80 93 3 0 90 15 83 0 0 0 0 95 1 0 0 183 -1 0 0 77 0 0 3 0 0 0 0 0 0 85 0 90 102 0 0 -1 102 0 80 89 0 1 0 0 92 92 1 0 0 0 2 102 1480 74 14 1 0 2 88 0 0 0 0 0 1512 87 0 0 92 0 0 84 19 0 0 2 91 0 0 0 175 32 0 104 0 0 0 1 1 81 1 0 0 0 0 0 0 0 0 97 0 0 0 82 90 0 0 1 2 0 22 70 0 87 158 0 1 0 0 0 25 23 0 16 0 17 0 1 0 0 0 0 0 1 69 1 0 80 1 3 0 0 10 0 0 89 0 86 0 93 0 0 0 0 0 99 1512 91 1 1448 0 0 171 1 0 0 97 0 0 0 0 0 76 90 82 0 0 0 0 0 0 0 24 0 0 18 99 0 2 2 0 0 0 0 0 -1 0 0 0 0 0 0 0 86 4 0 0 0 80 0 0 1384 0 18 0 0 0 0 0 0 0 1373 0 90 0 2 0 79 94 0 116 182 -1 1 0 0 87 1 101 91 22 0 2 0 91 73 0 89 89 1 4 84 71 94 0 0 0 84 21 1 162 1 0 0 96 0 0 0 -1 0 2 0 0 0 0 0 0 12 0 91 1538 0 0 93 68 0 0 1 0 0 0 0 0 85 0 0 0 1 0 0 0 0 89 32 1 91 0 0 0 1 0 0 0 3 0 0 0 0 87 0 0 0 0 0 82 2 91 0 81 86 0 1362 0 0 0 0 0 0 88 0 0 0 0 2 0 0 0 1377 0 79 0 2 79 0 0 0 0 1 0 23 0 0 0 117 0 0 0 0 0 0 0 2 0 0 94 0 0 0 0 0 0 0 0 0 0 99 71 177 0 0 0 100 101 178 0 2 87 1 0 4 96 0 5 0 2 0 -1 0 0 20 0 21 0 99 90 2 0 0 1513 0 0 0 0 93 3 2 0 80 0 0 0 187 69 76 85 1 83 0 1550 13 1 1 1 0 2 0 0 15 82 0 0 0 1 0 0 102 0 0 0 0 87 1 0 1365 87 -1 0 0 0 2 0 0 0 0 0 79 1 0 0 0 0 0 0 0 87 94 90 0 83 0 0 20 1 0 0 0 93 24 75 0 0 1 89 1491 0 -1 0 115 0 0 1 0 96 0 0 94 1512 2 0 0 0 99 0 0 0 0 0 0 79 1384 1 0 0 0 1366 81 0 0 180 -1 0 0 0 85 2 103 0 0 77 1 0 0 0 0 0 1 0 0 0 0 0 0 1 0 93 1 2 87 88 0 0 0 0 0 0 0 0 82 0 0 0 1 2 86 84 0 83 0 0 0 176 0 1 0 0 0 89 75 0 3 0 0 0 91 0 -1 0 0 0 78 0 0 0 3 0 0 74 88 0 0 75 0 0 86 1 0 0 17 0 0 0 0 0 0 -1 102 1 171 0 0 0 0 0 0 0 1 0 0 0 177 0 1512 90 19 0 1 0 1 0 2 0 0 0 0 -1 0 0 0 1 85 0 0 86 102 84 18 92 86 0 90 0 105 0 0 -1 87 0 21 0 1 1 0 0 85 0 0 0 0 0 0 0 73 0 2 0 0 158 -1 3 1512 0 92 0 0 79 0 0 0 1 1 0 0 2 91 1 69 0 0 1 0 0 24 0 0 71 0 0 1591 167 91 1 0 0 1 0 2 0 69 0 0 91 89 0 80 87 1512 0 0 25 0 0 0 1 0 3 1 0 0 87 0 93 0 0 1 90 0 86 1 84 82 0 83 1 0 0 0 0 0 91 -1 0 82 0 3 102 0 0 0 82 
0 0 0 198 2 0 0 4 2 0 0 0 0 197 33 0 191 0 0 0 0 3 207 398 205 1 0 201 0 0 0 0 0 0 9 1 1 1 0 204 2 0 0 0 0 0 3199 4 4 0 2 0 0 0 1 0 208 0 209 0 0 201 0 206 195 6 0 4 0 0 203 0 2 2 181 0 3 196 0 0 214 214 2 0 188 4 0 3349 0 1 0 3446 3349 0 3 182 177 0 0 0 1 188 180 206 0 0 46 0 0 207 0 2 0 1 0 0 0 0 0 586 206 0 0 6 0 4 2 0 7 0 0 0 0 0 1 2 0 0 1 1 4 1 2 200 0 0 7 2 54 1 0 179 2 0 -1 1 0 0 206 1 204 34 1 3261 0 50 196 0 1 0 0 416 0 232 5 0 0 0 200 2 201 0 176 2 0 229 0 -1 208 174 2 2 202 51 189 0 0 0 0 219 2 0 0 407 -1 0 0 224 0 0 3 0 0 0 0 1 0 198 0 203 194 0 1 -1 194 0 234 205 0 4 0 0 196 205 2 0 0 0 3 185 3449 193 39 4 1 8 203 1 0 0 0 4 3488 213 0 0 197 2 0 192 47 0 0 0 198 0 0 0 399 39 0 205 0 0 0 2 0 198 0 2 4 0 0 0 0 0 0 209 0 0 2 188 232 0 0 1 6 1 46 197 0 193 383 0 3 0 0 0 38 41 0 53 0 39 0 0 0 0 0 0 0 1 194 1 0 236 0 3 0 0 44 0 1 216 4 183 0 211 1 0 0 3 0 199 3488 206 4 3301 0 2 384 0 0 0 183 0 0 0 0 0 204 202 198 0 0 0 0 3 0 0 51 0 0 45 196 0 4 1 0 0 0 5 0 -1 1 0 0 0 0 0 0 195 2 0 0 1 199 1 0 3349 2 46 4 0 0 0 1 1 0 3319 0 203 1 0 0 192 175 0 253 351 -1 2 0 0 225 2 218 206 35 0 4 0 193 210 0 231 204 2 3 226 200 211 0 0 1 226 47 0 411 2 0 0 208 0 0 3 -1 0 2 0 4 0 0 0 3 35 0 199 3573 0 1 210 201 1 3 4 0 0 0 0 0 200 0 0 0 4 0 0 0 0 200 39 3 170 2 0 0 2 0 0 1 5 0 0 1 0 197 0 0 0 0 0 212 4 206 0 236 201 0 3311 0 0 0 0 0 0 196 0 0 0 0 1 0 0 0 3313 0 191 0 2 214 0 0 0 0 1 0 40 0 0 0 230 0 1 0 0 0 0 3 2 0 0 213 0 3 0 0 0 5 1 0 0 0 199 186 438 0 1 0 180 210 385 0 2 195 2 0 5 218 1 5 0 2 0 -1 0 4 52 0 43 0 216 185 5 0 0 3489 1 2 0 0 201 5 1 0 210 0 0 0 389 191 199 201 1 196 0 3642 43 6 1 2 0 3 0 0 37 185 0 0 0 3 0 0 197 0 4 0 0 222 4 0 3301 202 -1 0 0 0 2 0 0 0 0 0 203 2 0 0 0 1 1 0 0 222 214 196 0 186 0 0 43 2 0 0 0 203 39 189 0 0 1 201 3441 0 -1 0 217 0 0 1 0 201 0 0 255 3488 1 0 1 0 183 0 0 0 3 0 0 194 3349 0 0 5 0 3306 195 0 0 379 -1 0 0 0 229 0 199 0 0 178 2 0 0 3 0 0 4 0 0 0 0 0 0 3 0 205 1 4 214 212 0 0 0 0 0 0 0 0 185 0 3 0 1 2 198 192 2 225 0 0 0 417 0 0 0 0 0 198 206 0 9 0 0 0 204 0 -1 0 0 2 235 0 0 0 4 0 0 198 202 4 0 200 0 0 222 1 0 0 44 0 0 0 0 0 0 -1 200 4 442 0 0 2 0 0 0 0 3 0 0 0 395 0 3488 203 46 0 0 0 4 0 4 0 0 0 0 -1 0 0 0 3 206 0 0 224 201 198 43 203 224 0 222 1 206 2 0 -1 195 1 46 0 4 1 0 0 207 0 0 0 0 0 0 0 188 0 6 0 0 415 -1 3 3488 0 199 0 0 208 0 0 0 3 0 0 0 1 230 5 204 0 1 3 0 0 39 0 0 192 0 0 3692 395 206 1 0 0 2 0 3 0 191 0 0 233 219 0 190 199 3488 0 0 40 0 0 0 2 3 1 0 0 0 195 0 205 0 0 2 192 0 209 3 208 198 0 188 1 0 0 0 0 0 213 -1 0 207 0 3 201 0 0 0 217 
0 0 0 94 0 0 0 1 1 0 0 0 0 94 20 0 78 0 0 0 0 2 108 181 84 0 0 90 0 0 0 0 0 0 2 2 1 0 0 89 2 0 0 0 0 0 1372 0 3 0 1 0 0 0 1 0 91 0 90 0 0 92 0 106 91 0 0 3 0 0 103 0 0 0 91 0 0 94 0 0 115 110 2 0 84 0 0 1452 0 2 0 1530 1452 0 2 91 99 0 0 0 0 97 100 90 0 0 19 0 0 108 0 0 0 0 0 0 0 0 0 270 90 0 0 2 0 4 0 0 1 1 0 0 0 0 1 0 0 0 1 1 1 0 2 83 0 0 2 1 21 1 0 85 2 0 -1 0 0 0 103 1 88 23 0 1427 0 19 92 0 0 0 0 193 0 79 3 0 0 0 93 1 90 0 96 0 0 95 0 -1 108 87 1 1 103 22 81 0 0 0 0 117 0 0 0 173 -1 0 0 93 0 0 2 0 0 0 0 2 0 96 0 83 105 0 0 -1 105 0 97 92 0 1 0 0 108 93 2 0 0 0 3 94 1523 90 22 4 1 3 97 3 0 0 0 0 1544 94 0 0 104 0 0 107 23 0 0 0 94 0 0 0 182 21 0 90 0 0 0 0 2 116 1 0 1 0 0 0 0 0 0 88 0 0 2 111 117 0 0 0 2 0 18 84 0 93 157 0 0 0 0 0 19 21 0 19 0 15 0 1 0 0 0 0 0 0 83 0 0 79 1 2 0 0 19 0 0 83 1 112 0 102 3 0 0 0 0 94 1544 101 3 1472 0 2 196 1 0 0 74 0 0 0 0 0 89 102 95 0 0 0 0 1 0 0 22 0 0 15 95 0 1 4 0 0 0 2 0 -1 2 0 0 0 0 0 0 84 0 0 0 0 77 1 0 1452 1 16 1 0 0 0 0 0 0 1435 0 103 0 1 0 87 95 0 101 167 -1 0 0 0 106 0 82 109 10 0 2 0 94 91 0 82 90 1 3 105 93 90 0 0 0 95 24 1 213 0 0 0 87 0 0 2 -1 0 1 0 0 1 0 0 0 18 0 93 1564 0 0 85 85 0 2 1 0 0 0 0 0 93 0 0 0 0 0 0 0 0 95 21 3 75 2 0 0 0 0 0 0 1 0 0 0 0 90 0 0 0 0 0 109 4 93 0 79 97 0 1429 0 0 0 0 0 0 95 0 0 0 0 1 0 0 0 1435 0 74 0 1 86 0 0 0 0 1 0 18 0 0 0 101 0 0 0 0 0 0 2 1 0 0 114 0 1 0 0 0 0 2 0 0 0 94 96 182 0 0 0 91 107 192 0 1 64 1 0 4 90 0 5 0 1 0 -1 0 2 18 0 20 0 81 93 3 0 0 1545 0 1 0 0 105 2 3 0 107 0 0 0 178 91 95 90 1 89 0 1605 25 1 1 1 0 1 0 0 17 101 0 0 0 1 0 0 97 0 1 0 0 105 0 0 1428 81 -1 0 0 0 1 0 0 0 0 0 104 0 1 0 0 1 0 0 0 95 90 93 0 102 0 0 14 1 0 0 0 86 27 96 0 0 1 81 1526 0 -1 0 95 0 0 1 0 85 0 0 108 1544 2 0 1 0 94 0 0 0 1 0 0 87 1452 0 0 3 0 1435 116 0 0 189 -1 0 0 0 95 3 100 0 0 98 3 0 0 2 0 0 0 0 0 0 0 0 0 0 0 105 0 2 89 110 0 0 0 0 0 0 0 0 101 0 1 0 1 3 91 93 1 104 0 0 0 171 0 2 0 0 0 96 88 0 3 0 0 0 84 0 -1 0 0 2 79 0 0 0 1 0 0 101 87 2 0 92 0 0 106 1 0 0 25 0 0 0 0 0 0 -1 90 1 226 0 0 2 0 0 0 0 4 0 0 0 177 0 1544 83 14 0 0 0 1 0 0 0 0 0 0 -1 0 0 0 1 85 0 0 93 100 89 20 104 77 0 109 5 91 1 0 -1 64 0 19 0 0 0 0 0 86 0 0 0 0 1 0 0 94 0 3 0 0 190 -1 0 1544 0 95 0 0 93 0 0 0 1 0 0 0 1 116 0 89 0 2 1 0 0 16 0 0 83 1 0 1648 203 93 1 0 0 1 0 3 0 91 0 0 118 84 0 111 85 1544 0 0 16 0 0 0 1 0 1 0 0 0 64 0 105 0 0 0 92 0 100 1 109 88 0 102 1 0 2 0 0 0 90 -1 0 91 0 1 100 0 0 0 102 
1 0 0 90 0 0 0 0 3 0 0 0 0 88 17 0 79 0 0 0 0 2 87 202 75 0 0 88 0 2 0 0 0 0 0 2 1 0 0 96 0 0 0 0 0 0 1312 0 2 0 0 0 0 0 1 0 95 0 77 0 0 82 0 75 82 0 0 1 0 0 98 0 1 1 78 0 1 90 0 0 68 80 3 0 94 1 0 1381 0 0 0 1422 1381 0 0 73 83 0 0 0 0 88 89 71 0 0 16 0 0 87 0 1 0 0 0 0 0 0 0 259 74 0 0 3 0 0 0 0 3 0 0 0 0 0 1 0 0 0 0 1 1 0 1 96 0 0 1 1 13 1 0 105 1 0 -1 0 0 0 89 1 94 19 0 1346 0 16 82 0 0 0 0 175 0 93 1 0 0 0 89 1 88 0 95 0 0 94 0 -1 86 79 0 0 86 23 78 0 0 0 0 69 1 0 0 158 -1 0 0 92 0 0 3 0 0 0 0 1 0 96 0 88 94 0 1 -1 94 0 95 80 0 1 0 0 77 83 1 0 0 0 1 80 1422 81 13 5 0 3 83 1 0 0 0 1 1439 75 0 0 86 0 0 77 26 0 0 0 90 0 0 0 179 16 0 74 0 0 0 0 0 98 0 2 1 0 0 0 0 0 0 77 0 0 1 95 84 0 0 0 2 0 17 106 0 87 171 0 1 0 0 0 19 12 0 15 0 23 0 0 0 0 0 0 0 0 104 0 0 98 1 0 0 0 25 0 0 92 1 99 0 78 1 0 0 2 0 93 1439 77 2 1388 0 1 169 0 0 0 89 0 0 0 0 0 92 97 77 0 0 0 0 1 0 0 14 0 0 14 85 0 1 0 0 0 0 1 0 -1 0 0 0 0 0 0 0 95 1 0 0 0 80 0 0 1381 0 14 0 0 0 0 0 1 0 1365 0 90 2 2 1 72 83 0 92 158 -1 2 0 0 89 0 78 77 14 0 1 0 89 88 0 89 85 1 0 81 89 76 0 0 1 91 23 3 158 2 0 0 76 0 0 1 -1 0 2 0 0 0 0 0 2 14 0 87 1487 0 0 86 70 0 0 2 0 0 0 0 0 81 0 0 0 0 0 0 0 0 85 16 2 75 3 0 0 0 0 0 0 1 1 0 0 0 80 0 0 0 0 0 87 1 78 0 98 96 0 1367 0 0 0 0 0 0 86 0 0 0 0 1 0 0 0 1365 0 75 0 2 88 0 0 0 0 1 0 34 0 0 0 102 0 0 0 0 0 0 2 1 0 0 68 0 0 0 0 0 1 2 0 0 0 93 74 152 0 1 0 74 84 164 0 0 86 3 0 1 89 0 4 0 3 0 -1 0 2 17 0 20 0 73 73 1 0 0 1440 0 3 0 0 85 0 2 0 87 0 0 0 174 113 90 77 1 84 0 1528 21 0 2 2 0 1 0 0 6 96 0 0 0 0 0 0 86 0 2 0 0 89 0 0 1360 82 -1 0 0 0 1 0 0 0 0 0 76 0 0 0 0 1 0 0 0 74 90 89 0 97 0 0 14 0 0 0 0 76 21 77 0 0 1 79 1422 0 -1 0 85 0 0 0 0 73 0 0 91 1439 0 0 0 0 80 0 0 0 1 0 0 75 1381 1 0 1 0 1356 98 0 0 191 -1 0 0 0 94 0 88 0 0 89 0 0 0 0 0 0 1 0 0 0 0 0 0 1 0 90 3 1 79 67 0 0 0 0 0 0 0 0 96 0 3 0 1 1 79 84 0 80 0 0 0 169 0 1 0 0 0 86 90 0 0 0 0 0 89 0 -1 0 1 1 96 0 0 0 0 0 0 71 66 0 0 83 0 0 89 1 0 0 24 0 0 0 0 0 0 -1 75 2 167 0 0 1 0 0 0 0 0 0 0 0 154 0 1439 88 11 0 0 0 1 0 1 0 0 0 0 -1 0 0 0 2 78 0 0 74 87 88 11 92 80 0 78 3 76 0 0 -1 86 2 16 0 0 0 0 0 79 0 0 0 0 0 0 0 76 0 1 0 0 154 -1 3 1439 1 91 0 0 96 0 0 0 0 2 0 0 2 85 0 96 0 2 0 0 0 32 0 0 105 0 0 1514 166 78 1 0 0 1 0 2 0 113 0 0 85 93 0 88 88 1439 0 0 20 0 0 0 3 0 1 2 0 0 86 0 90 0 0 3 89 0 80 1 72 73 0 94 1 0 1 0 0 0 77 -1 0 75 0 4 87 0 0 0 85 
0 0 0 232 4 0 0 1 1 0 0 0 0 217 38 0 215 0 0 0 0 3 206 458 213 0 0 230 0 2 0 0 0 0 0 3 2 0 0 207 4 0 0 0 0 0 3312 4 3 0 3 2 0 0 1 0 219 0 245 0 0 240 0 224 182 1 0 1 0 0 227 0 3 3 211 0 8 223 0 0 188 232 5 0 228 3 0 3495 0 3 0 3635 3495 0 2 224 193 0 0 0 1 193 212 214 0 0 49 0 0 206 0 4 0 0 0 0 0 0 0 639 224 0 0 6 0 10 6 0 5 1 0 0 0 0 2 8 0 0 1 1 1 0 1 234 0 0 6 1 47 1 0 229 3 0 -1 0 0 0 252 1 223 44 4 3427 0 55 237 0 0 0 0 474 0 235 1 0 0 0 214 2 230 0 213 2 0 229 0 -1 215 212 2 3 210 57 197 0 0 0 0 191 4 0 0 431 -1 0 0 212 0 0 1 0 0 0 0 5 0 226 0 234 225 0 1 -1 225 0 192 202 0 8 0 0 211 205 3 0 0 0 7 215 3625 178 48 1 1 4 244 1 0 0 0 5 3678 177 0 0 203 0 0 199 55 0 0 0 232 0 0 0 478 53 0 197 0 0 0 0 2 238 0 1 4 0 0 0 1 0 0 218 0 0 1 229 220 0 0 5 1 3 37 226 0 225 425 0 4 0 0 0 43 46 0 41 0 47 0 3 0 0 1 0 0 1 222 2 0 237 0 1 0 0 40 1 0 208 2 217 0 221 6 0 0 4 0 221 3678 216 2 3526 0 1 417 0 0 0 189 0 0 0 0 0 220 226 234 0 0 0 0 2 0 0 49 0 0 41 212 0 5 4 0 0 0 10 0 -1 3 0 0 0 0 0 0 233 1 0 0 0 228 2 0 3495 3 41 3 0 0 0 1 2 0 3452 0 213 1 2 0 229 200 0 236 407 -1 4 0 1 215 0 207 221 41 0 5 0 230 206 0 223 188 2 2 235 214 214 0 0 0 223 45 4 416 0 0 0 217 0 0 1 -1 0 1 0 1 1 0 0 1 44 0 226 3756 0 1 203 206 0 2 4 0 0 0 0 0 233 0 0 0 6 0 0 0 0 199 53 1 197 4 0 0 0 0 0 5 2 0 2 0 0 204 0 0 0 0 0 217 5 190 0 237 232 0 3450 0 0 0 0 0 0 201 0 0 0 0 3 0 0 0 3443 0 220 0 3 212 0 0 0 0 3 0 54 0 0 0 260 0 0 0 0 0 0 3 4 0 0 188 0 6 0 0 0 4 1 0 0 0 221 224 467 0 1 0 205 203 428 0 0 222 5 0 10 210 0 6 0 6 0 -1 0 4 60 0 33 0 207 225 3 0 0 3679 0 5 0 0 201 1 2 0 215 0 0 0 417 239 220 237 1 202 0 3849 40 4 1 3 0 4 0 0 39 222 1 0 0 1 0 0 211 0 4 0 0 214 2 0 3467 233 -1 0 0 0 3 0 0 0 0 0 236 0 1 0 0 1 0 1 0 179 207 230 0 223 0 0 46 4 0 0 0 215 36 228 0 0 0 227 3614 0 -1 0 209 0 1 3 0 211 0 0 271 3678 1 0 0 0 212 0 0 0 8 0 0 228 3495 2 0 2 0 3448 238 0 0 426 -1 0 1 0 229 2 217 0 0 212 2 0 0 2 0 0 0 0 0 0 0 0 0 4 0 214 0 7 219 181 0 0 0 0 0 0 0 0 222 0 4 0 1 2 203 198 3 234 0 0 0 455 0 2 0 0 0 204 220 0 7 0 0 0 235 0 -1 0 0 4 234 0 0 0 7 0 0 228 216 3 0 187 0 0 213 1 0 0 49 0 0 0 0 0 0 -1 187 5 436 0 0 3 0 0 0 0 2 0 0 1 443 0 3678 234 36 0 0 0 4 1 2 0 0 0 0 -1 0 0 0 4 217 0 0 239 216 225 41 211 210 0 216 4 196 1 0 -1 222 0 49 0 2 3 0 0 223 0 0 0 0 0 0 0 226 0 4 0 0 461 -1 2 3678 0 233 0 0 228 0 0 0 6 1 0 0 3 219 4 207 0 0 1 0 0 52 0 0 226 3 0 3914 422 190 1 0 0 3 0 5 0 239 0 0 221 212 0 231 182 3678 0 0 42 0 0 0 3 0 3 1 0 0 222 0 214 0 0 2 227 0 241 0 210 234 0 223 1 0 2 0 0 0 247 -1 0 225 1 4 216 0 0 0 208 
0 0 0 212 7 0 0 2 4 0 0 0 0 200 47 0 194 0 0 0 0 4 191 428 190 0 0 217 0 2 0 0 0 0 2 2 3 0 0 190 2 0 0 0 0 0 3032 1 2 0 2 0 0 0 1 0 197 0 211 0 0 184 0 182 193 3 0 0 0 0 185 0 2 1 200 0 2 210 0 0 184 186 7 0 173 2 0 3172 0 1 0 3241 3172 0 2 187 207 0 0 0 1 198 191 185 0 0 34 0 0 191 0 4 0 0 0 0 0 0 0 564 195 0 0 2 0 4 1 0 1 3 0 0 0 0 2 3 0 0 4 1 2 0 2 178 0 0 1 3 41 1 0 200 3 0 -1 0 0 0 193 2 188 44 0 3092 0 38 180 0 0 0 0 397 0 201 0 0 0 0 197 5 217 0 188 7 0 200 0 -1 187 188 6 2 205 48 182 0 0 0 0 189 3 0 0 352 -1 0 0 189 0 0 4 0 0 0 0 3 0 224 0 204 188 0 0 -1 188 0 193 185 0 0 0 0 185 190 3 0 0 0 3 202 3236 190 26 6 5 5 185 2 0 0 0 5 3286 204 0 0 198 2 0 177 39 0 1 0 212 0 0 0 362 49 0 190 0 0 0 0 6 195 0 4 1 0 0 0 0 0 0 193 0 0 0 183 202 0 0 1 2 0 54 199 0 208 392 0 5 0 0 0 49 44 0 37 0 28 0 4 0 0 0 0 0 2 197 2 0 204 1 4 0 0 44 1 0 166 5 184 0 205 2 0 0 4 0 192 3286 202 4 3118 0 7 383 0 0 0 183 0 0 0 0 0 188 184 175 0 0 0 1 1 0 0 42 0 0 49 200 0 6 3 0 0 0 3 0 -1 1 0 0 0 0 0 0 176 1 0 0 0 213 4 0 3172 0 49 2 0 0 0 1 2 0 3129 0 199 5 4 0 166 205 0 220 391 -1 1 0 0 209 0 182 180 45 0 2 0 210 179 0 201 171 1 4 171 197 187 0 0 1 195 42 0 364 4 0 0 192 0 0 4 -1 0 2 0 5 1 0 0 1 26 0 210 3332 0 1 201 180 0 4 9 0 0 0 0 0 187 0 0 1 3 0 0 0 0 204 49 4 197 1 0 0 0 0 0 4 2 0 0 0 0 184 0 0 0 0 0 190 4 192 0 198 229 0 3132 0 0 0 0 0 0 202 0 0 0 0 0 0 0 0 3151 0 202 0 3 186 0 0 0 0 4 0 42 0 0 0 231 0 1 0 0 0 0 2 2 0 0 185 0 4 0 0 0 2 2 0 0 0 192 177 405 0 3 0 195 192 373 0 5 197 3 0 4 211 1 9 0 2 0 -1 0 2 46 0 44 0 179 187 1 0 0 3287 0 4 0 0 182 2 3 0 187 0 0 0 399 205 205 180 1 181 0 3434 36 3 1 3 0 2 0 0 44 198 0 0 0 3 0 0 203 0 6 0 0 206 3 0 3113 190 -1 0 0 0 1 0 0 0 0 0 198 3 0 0 0 4 0 0 0 210 207 211 0 199 0 0 44 2 0 0 0 189 30 180 0 0 4 183 3246 0 -1 0 202 0 0 5 0 181 0 0 214 3286 3 0 0 0 200 0 0 0 2 0 1 173 3172 5 0 0 0 3124 196 0 0 379 -1 0 0 0 200 5 207 0 0 187 1 0 0 3 0 0 3 0 0 0 0 1 0 0 0 204 4 12 201 182 0 0 1 0 0 0 0 0 198 0 3 0 1 2 182 198 5 170 0 0 0 420 0 1 0 0 0 205 190 0 4 0 0 0 205 0 -1 0 0 2 204 0 0 0 5 0 0 198 186 1 0 196 0 0 205 1 0 0 41 0 0 0 0 0 0 -1 184 0 392 0 0 2 0 0 0 0 0 0 0 1 368 0 3286 204 37 0 1 0 4 1 1 0 0 0 0 -1 0 0 0 3 206 0 0 206 206 212 33 197 191 0 197 3 191 1 0 -1 197 2 33 0 2 2 0 0 212 0 0 0 0 0 0 0 179 0 4 0 0 371 -1 2 3286 0 213 0 0 197 0 0 0 3 6 0 0 3 200 4 190 0 2 3 0 0 41 0 0 200 2 0 3490 363 192 1 0 0 4 0 0 0 205 0 0 203 166 0 187 172 3286 0 0 38 0 0 0 1 1 4 2 0 0 197 0 204 0 0 4 205 0 182 2 188 173 0 196 1 0 6 0 0 0 212 -1 0 196 0 2 206 0 0 0 205 
0 0 0 116 1 0 0 1 2 0 0 0 0 134 17 0 116 0 0 0 0 2 115 221 101 0 0 119 0 1 0 0 0 0 4 2 1 0 0 114 3 0 0 0 0 0 1755 1 2 0 2 0 0 0 1 0 133 0 119 0 0 113 0 112 116 1 0 1 0 0 110 0 1 1 101 0 1 116 0 0 120 116 1 0 122 2 0 1839 0 1 0 1914 1839 0 0 106 97 0 0 0 0 111 109 122 0 0 22 0 0 115 0 0 0 0 0 0 0 0 0 354 126 0 0 1 0 2 0 0 1 2 0 0 0 0 0 1 0 0 2 1 3 0 2 130 0 0 3 2 23 1 0 107 1 0 -1 0 0 0 112 0 131 31 0 1800 0 26 111 0 1 0 0 231 0 105 2 0 0 0 113 0 119 0 108 1 0 109 0 -1 117 110 2 1 112 27 90 0 0 0 0 121 3 0 0 211 -1 0 0 114 0 0 4 0 0 0 0 1 0 109 0 122 132 0 0 -1 132 0 115 106 0 0 0 0 116 107 1 0 0 0 1 105 1922 113 20 0 2 2 115 0 0 0 0 1 1944 121 0 0 112 4 0 112 25 0 0 0 116 0 0 0 241 21 0 112 0 0 0 0 1 129 0 2 2 0 0 0 0 0 0 104 0 0 1 129 111 0 0 2 1 0 28 109 0 112 247 0 2 0 0 0 35 28 0 20 0 29 0 3 0 0 0 0 0 0 104 0 0 106 0 1 0 0 16 0 0 103 2 123 0 143 2 0 0 0 0 110 1944 142 1 1828 0 1 243 0 0 0 107 0 0 0 0 0 129 109 115 0 0 0 0 1 0 0 23 0 0 30 117 0 2 0 0 0 0 4 0 -1 1 0 0 0 0 0 0 125 2 0 0 0 93 1 0 1839 0 30 0 0 0 0 0 1 0 1811 0 116 0 4 0 94 96 0 122 225 -1 1 0 0 129 0 105 113 20 0 2 0 116 111 0 118 100 3 2 104 113 105 0 0 0 106 22 2 226 1 0 0 103 0 0 0 -1 0 2 0 0 2 0 0 0 20 0 116 1972 0 1 116 111 0 5 1 0 0 0 0 0 111 0 0 0 2 0 0 0 0 115 21 4 108 3 0 0 0 0 0 0 3 0 0 0 0 104 0 0 0 0 0 118 1 137 0 102 112 0 1815 0 0 0 0 0 0 118 0 0 0 0 0 0 0 0 1813 0 90 0 2 115 0 0 0 0 2 0 30 0 0 0 135 0 1 0 0 0 0 1 2 0 0 120 0 1 0 0 0 0 2 0 0 0 110 105 234 0 1 0 99 115 221 0 1 120 1 0 5 125 0 3 0 4 0 -1 0 3 19 0 21 0 103 107 1 0 0 1945 0 2 0 0 109 0 1 0 115 0 0 1 231 110 136 104 1 101 0 2031 27 2 1 0 0 1 0 0 20 112 0 0 0 1 0 0 114 0 1 0 0 128 1 0 1810 96 -1 0 0 0 0 0 0 0 0 0 140 1 0 0 0 1 0 0 0 122 122 114 0 113 0 0 23 2 0 0 0 103 34 110 0 0 0 98 1922 0 -1 0 109 0 0 1 0 100 0 0 128 1944 0 0 0 0 102 0 0 0 2 0 0 99 1839 3 0 1 0 1812 129 0 0 239 -1 0 0 0 109 0 114 0 0 107 3 0 0 1 0 0 1 0 0 0 0 0 0 1 0 120 1 5 111 113 0 0 0 0 0 0 0 0 112 0 1 0 1 2 102 114 1 103 0 0 0 237 0 1 0 0 0 118 130 0 2 0 0 0 123 0 -1 0 0 0 104 0 0 0 4 0 0 135 101 0 0 117 0 0 127 1 0 0 29 0 0 0 0 0 0 -1 111 0 230 0 0 2 0 0 0 0 0 0 0 0 207 0 1944 122 19 0 0 0 1 0 0 0 0 0 0 -1 0 0 0 1 110 0 0 122 117 117 23 122 108 0 108 0 111 2 0 -1 120 3 22 0 0 2 0 0 114 0 0 0 0 0 0 0 109 0 4 0 0 243 -1 2 1944 0 117 0 0 132 0 0 0 0 2 0 0 2 111 4 114 1 1 3 0 0 28 0 0 109 0 0 2083 215 137 1 0 0 3 0 2 0 110 0 0 112 103 0 124 97 1944 0 0 20 0 0 0 1 2 1 1 0 0 120 0 120 0 0 1 113 0 120 2 116 101 0 110 1 0 1 0 0 0 121 -1 0 127 0 1 117 0 0 0 124 
2 0 0 259 1 0 0 1 2 0 0 0 0 235 49 0 240 0 0 0 0 2 283 550 258 0 0 259 0 2 0 0 0 0 2 6 3 0 0 255 2 0 0 0 0 0 3865 4 2 0 2 0 0 0 1 0 270 0 257 0 0 229 0 227 247 6 0 5 0 0 251 0 3 3 245 0 0 256 0 0 241 235 4 0 223 2 0 4054 0 3 0 4249 4054 0 4 236 271 0 0 0 0 243 237 254 0 0 57 0 0 283 0 3 0 0 0 0 0 0 0 800 255 0 0 3 0 7 5 0 8 4 0 0 0 0 8 2 0 0 0 1 5 0 3 228 0 0 9 3 43 1 0 220 3 0 -1 2 0 0 231 5 268 44 0 3949 0 54 227 0 0 0 0 511 0 243 1 0 0 0 237 4 259 0 242 4 0 260 0 -1 230 247 4 1 227 52 251 0 0 0 0 248 4 0 0 459 -1 0 0 248 0 0 4 0 0 0 0 3 0 264 0 252 263 0 0 -1 263 1 264 235 0 5 0 0 260 236 5 0 0 0 3 253 4242 242 68 1 2 8 235 5 0 0 0 5 4299 217 0 0 222 2 0 250 66 0 0 3 259 0 0 0 461 56 0 254 0 1 0 0 3 274 0 2 1 0 0 0 1 0 0 268 0 0 0 262 223 0 0 3 2 1 61 283 0 251 492 0 8 0 0 0 52 51 0 47 0 45 0 2 0 0 0 0 0 0 276 2 0 247 2 4 0 0 48 0 0 262 4 257 0 245 3 0 0 0 0 257 4299 242 3 4089 0 5 471 1 0 0 246 0 0 0 0 0 260 250 242 0 0 0 0 3 0 0 57 0 0 60 248 0 4 3 0 0 0 6 0 -1 4 0 0 0 0 0 0 225 2 0 0 0 247 7 0 4054 2 61 2 0 0 1 1 0 0 3995 0 233 4 0 1 249 271 0 285 504 -1 4 0 1 250 0 247 231 63 0 2 0 256 239 0 264 280 3 8 244 237 263 0 0 1 246 47 2 484 4 0 0 267 0 0 4 -1 0 3 0 2 0 0 0 3 58 0 254 4398 0 0 233 251 0 3 11 0 0 0 0 0 233 0 0 1 5 0 0 0 0 236 56 1 252 1 0 0 0 0 0 4 3 0 4 0 0 228 0 0 0 0 0 233 3 261 0 245 267 0 4006 0 0 0 0 0 0 232 0 0 0 0 3 0 0 0 4001 0 237 0 6 256 0 0 0 0 5 0 52 0 0 1 289 0 1 0 0 0 0 3 4 0 0 247 0 3 0 0 0 2 3 0 0 0 257 258 545 0 1 0 248 283 480 0 7 268 3 0 8 240 0 8 0 7 0 -1 0 5 52 0 49 0 242 239 1 0 0 4300 0 7 0 0 277 2 3 0 232 0 0 0 493 226 240 259 1 229 0 4523 53 1 1 4 0 3 0 0 58 249 0 0 0 2 0 0 253 0 4 1 0 247 5 0 4000 249 -1 0 0 0 2 0 0 0 0 0 247 0 0 0 0 3 0 0 0 220 234 255 0 250 0 0 49 1 0 0 0 266 54 267 0 0 3 238 4245 0 -1 0 260 0 0 4 0 264 0 0 316 4299 4 0 1 0 244 0 0 0 3 0 0 254 4054 1 0 6 0 4005 271 0 0 521 -1 0 0 0 260 0 250 0 0 240 0 0 0 1 0 0 4 0 0 0 0 0 0 4 0 234 3 7 260 236 0 0 0 0 0 0 0 0 249 0 2 0 1 5 227 231 3 243 0 0 0 488 0 2 0 0 0 234 255 0 3 0 0 0 253 0 -1 0 0 1 243 0 0 0 5 0 0 237 226 4 0 250 0 0 244 1 0 0 42 0 0 0 0 0 0 -1 252 4 453 0 0 3 0 0 0 0 1 0 0 0 483 0 4299 252 44 0 0 0 3 0 2 0 0 0 0 -1 0 0 0 3 226 0 0 287 253 257 48 232 252 0 216 4 252 1 0 -1 268 6 55 0 2 2 0 0 231 0 0 0 0 0 0 0 259 0 4 0 0 515 -1 0 4299 0 260 0 0 276 0 0 0 3 4 0 0 4 223 5 255 0 3 2 0 0 51 0 0 285 0 0 4542 491 261 1 0 0 3 0 3 0 226 0 0 224 263 0 258 276 4299 0 0 51 0 0 0 3 4 1 4 0 0 268 0 234 0 0 2 250 0 254 4 265 253 0 252 2 0 3 0 0 0 260 -1 0 256 0 3 253 0 0 0 240 
0 0 0 108 0 0 0 0 2 0 0 0 0 100 20 0 107 0 0 0 0 1 103 198 79 0 0 90 0 0 0 0 0 0 3 0 2 0 0 106 1 0 0 0 0 0 1647 0 1 0 1 0 0 0 1 0 109 0 111 0 0 96 0 97 110 2 0 0 0 0 99 0 2 4 113 0 1 107 0 0 126 102 0 0 96 2 0 1737 0 1 0 1754 1737 0 0 93 109 0 0 0 0 102 109 107 0 0 18 0 0 103 0 0 0 0 0 0 0 0 0 315 111 0 0 3 0 3 2 0 2 1 0 0 0 0 2 3 0 0 2 1 1 0 0 97 0 0 2 1 13 1 0 107 0 0 -1 0 0 0 103 2 104 20 0 1694 0 18 94 0 0 0 0 210 0 107 0 0 0 0 113 0 90 0 108 3 0 125 0 -1 99 115 6 1 111 25 90 0 0 0 0 127 2 0 0 181 -1 0 0 105 0 0 5 0 0 0 0 0 0 102 0 110 113 0 1 -1 113 0 76 99 0 1 0 0 100 100 1 0 0 0 2 117 1740 105 20 1 2 5 96 2 0 0 0 0 1767 107 0 0 105 2 0 101 16 0 0 0 108 0 0 0 196 27 0 112 0 0 0 0 1 102 0 0 0 0 0 0 0 0 0 84 0 0 0 99 107 0 0 0 1 0 19 95 0 107 207 0 1 0 0 0 19 14 0 18 0 24 0 2 0 0 0 0 0 0 94 3 0 107 1 1 0 0 16 0 0 104 1 118 0 104 1 0 0 1 0 118 1767 101 4 1697 0 3 208 0 0 0 107 0 0 0 0 0 108 98 107 0 0 0 0 2 0 0 34 0 0 22 102 0 1 1 0 0 0 2 0 -1 1 0 0 0 0 0 0 99 1 0 0 0 104 2 0 1737 1 23 1 0 0 0 0 3 0 1714 0 112 0 1 2 95 109 0 110 222 -1 1 0 0 105 0 94 97 33 0 0 0 108 101 0 120 119 4 1 95 113 88 0 0 1 122 22 2 194 1 0 0 83 0 0 1 -1 0 2 0 1 0 0 0 1 17 0 104 1810 0 0 107 105 0 1 2 0 0 0 0 0 96 1 0 0 0 0 0 0 0 96 27 0 101 0 0 0 0 0 0 1 1 0 1 0 0 95 0 0 0 0 0 99 0 114 0 105 103 0 1720 0 0 0 0 0 0 96 0 0 0 0 2 0 0 0 1714 0 103 0 2 102 0 0 0 0 3 0 23 0 0 0 121 0 0 0 0 0 0 1 1 0 0 123 0 1 0 0 0 4 3 0 0 0 118 105 217 0 0 0 115 103 209 0 2 113 1 0 3 113 0 4 0 1 0 -1 0 2 21 0 21 0 93 95 1 0 0 1768 0 1 0 0 99 1 1 0 97 0 0 0 212 110 103 100 1 96 0 1834 22 3 1 1 0 1 0 0 26 109 0 0 0 4 0 0 106 0 1 0 0 104 1 0 1720 112 -1 0 0 0 2 0 0 0 0 1 126 0 1 0 0 4 1 0 0 108 113 107 0 110 0 0 27 3 0 0 0 82 25 107 0 0 0 112 1740 0 -1 0 116 0 0 0 0 82 0 0 121 1767 1 0 0 0 111 0 0 0 0 0 0 96 1737 4 0 2 0 1710 98 0 0 213 -1 0 0 0 125 3 103 0 0 105 0 0 0 0 0 0 0 1 0 0 0 0 0 2 0 112 0 6 114 115 0 0 0 0 0 0 0 0 109 0 2 0 1 3 96 96 3 94 0 0 0 220 0 0 0 0 0 98 108 0 4 0 0 0 111 0 -1 0 0 2 106 0 0 0 0 0 0 119 104 2 0 111 0 0 104 1 0 0 13 0 0 0 0 0 0 -1 106 1 206 0 0 1 0 0 0 0 1 0 0 0 176 0 1767 110 21 0 0 0 1 0 1 0 0 0 0 -1 0 0 0 1 109 0 0 103 104 92 22 112 115 0 102 0 109 1 0 -1 113 1 18 0 1 1 0 0 110 0 0 0 0 0 0 0 105 0 1 0 0 220 -1 1 1767 0 109 0 0 110 0 0 0 1 0 0 0 4 106 2 106 0 4 3 0 0 23 0 0 95 0 0 1892 191 114 1 0 0 1 0 3 0 110 0 0 108 107 0 96 121 1767 0 0 14 0 0 0 1 0 0 1 0 0 113 0 112 0 0 0 104 0 111 2 98 97 0 111 1 0 1 0 0 0 111 -1 0 112 0 0 104 0 0 0 102 
0 0 0 250 8 0 0 2 2 0 0 0 0 249 48 0 217 0 0 0 0 4 236 490 243 0 0 244 0 1 0 0 0 0 4 1 3 1 0 265 1 0 0 0 0 0 3662 1 4 0 5 0 0 0 1 0 252 0 250 0 0 252 0 250 248 1 0 1 0 0 246 0 4 2 238 0 6 246 0 0 242 255 1 0 251 2 0 3873 0 3 0 4136 3873 0 3 265 240 0 0 0 1 237 229 211 0 0 44 0 0 236 0 2 0 2 0 0 0 0 0 756 223 0 0 5 0 5 4 0 7 2 1 0 0 0 1 4 0 0 1 1 5 0 2 257 0 0 3 5 50 1 0 221 6 0 -1 2 0 0 257 5 251 41 0 3780 0 41 244 0 0 0 0 502 0 254 5 0 0 0 245 4 244 0 229 4 0 230 0 -1 251 223 2 2 238 55 271 0 0 0 0 246 4 0 0 473 -1 0 0 218 0 0 5 0 0 0 0 4 0 217 0 232 254 0 1 -1 254 0 234 221 0 5 0 0 237 225 2 1 0 0 0 248 4121 245 49 2 2 9 251 4 0 0 0 3 4180 243 0 0 228 0 0 229 62 0 0 1 250 0 0 0 508 59 0 254 0 0 0 1 5 247 0 2 4 0 0 0 0 0 0 251 0 0 0 239 247 0 0 1 3 1 44 271 0 247 459 0 1 0 0 0 42 55 0 37 0 51 0 3 0 0 1 0 0 0 269 2 1 260 1 1 0 0 45 0 0 218 3 233 0 238 2 0 0 3 0 231 4180 235 5 3961 0 2 453 2 0 0 219 0 0 0 0 0 248 245 226 0 0 0 0 4 0 0 53 0 0 55 230 0 3 2 0 0 0 4 0 -1 4 0 0 0 0 0 0 256 4 0 0 0 275 0 0 3873 4 56 3 0 0 0 1 1 0 3829 1 243 1 5 1 249 235 0 278 469 -1 10 0 0 225 0 238 250 52 0 5 0 245 208 0 250 247 2 6 247 245 250 0 0 0 221 57 9 503 3 0 0 250 0 0 2 -1 0 0 0 1 0 0 0 1 44 0 246 4242 0 0 218 206 0 4 10 0 0 0 0 0 247 0 0 1 0 0 0 0 0 266 59 3 241 4 0 0 0 0 0 3 4 0 4 0 0 224 0 0 0 0 0 254 2 244 0 261 219 0 3818 0 0 0 0 0 0 266 0 0 0 0 3 0 0 0 3830 0 263 0 3 235 0 0 0 0 2 0 51 0 0 0 287 0 2 0 0 0 0 1 3 0 0 244 0 6 0 0 0 4 6 0 0 0 231 246 448 0 0 0 243 239 477 0 4 225 4 0 8 230 0 8 0 2 0 -1 0 4 50 0 54 0 234 270 2 0 0 4181 0 3 0 0 223 2 4 0 251 1 0 0 464 230 252 258 1 221 0 4390 54 1 1 0 0 2 0 0 44 234 0 0 0 2 0 0 233 0 2 0 0 224 2 0 3830 218 -1 0 0 0 1 0 0 0 0 0 247 0 0 0 0 1 1 0 0 242 231 246 0 235 0 0 39 5 0 0 0 248 69 249 0 0 2 210 4130 0 -1 0 234 0 1 6 1 246 0 0 303 4180 7 0 2 0 244 0 0 0 1 0 0 245 3873 2 0 2 0 3815 247 0 0 472 -1 0 0 0 230 2 232 0 0 229 3 0 0 3 0 0 2 0 0 0 0 0 0 5 0 245 1 10 231 237 0 0 0 0 0 0 0 0 234 0 3 0 1 5 214 259 1 246 0 0 0 476 0 4 0 0 0 265 251 0 7 0 0 0 233 0 -1 0 0 6 253 0 0 0 3 0 0 239 218 5 0 252 0 0 222 1 0 0 51 0 0 0 0 0 0 -1 247 2 499 0 0 2 0 0 0 0 0 0 0 0 483 0 4180 232 50 0 0 0 1 0 2 0 0 0 0 -1 0 0 0 0 239 0 0 219 235 244 43 233 240 0 239 3 252 4 0 -1 225 5 43 0 3 1 0 0 242 0 0 0 0 1 0 0 245 0 6 0 0 450 -1 3 4180 0 251 0 0 259 0 0 0 2 2 0 0 3 242 4 265 0 4 4 0 0 50 0 0 272 2 0 4427 481 244 1 0 0 9 0 2 0 230 0 0 248 221 0 233 239 4180 0 0 53 0 0 0 4 4 4 4 0 0 225 0 245 0 0 2 238 0 233 2 256 252 0 234 1 0 4 0 0 0 256 -1 0 224 0 1 235 0 0 0 218 
0 0 0 155 2 0 0 2 2 0 0 0 0 167 33 0 159 0 0 0 0 3 156 308 170 0 0 157 0 1 0 0 0 0 0 5 2 0 0 184 0 0 0 1 0 0 2548 0 0 0 0 1 0 0 1 0 171 0 139 0 0 170 0 162 155 2 0 4 0 0 171 0 3 2 151 0 3 154 0 0 176 161 2 0 178 2 0 2660 0 1 0 2796 2660 0 1 145 171 0 0 0 0 174 171 174 0 0 38 0 0 156 0 3 0 2 0 0 0 0 0 475 166 0 0 3 0 1 3 0 4 5 0 0 0 0 0 0 0 0 1 1 5 0 0 182 0 0 6 0 35 1 0 181 4 0 -1 0 0 0 193 2 167 34 2 2592 0 34 167 0 0 0 0 313 0 174 4 0 0 0 171 2 157 0 166 1 0 177 0 -1 161 150 2 3 151 41 165 0 0 0 0 179 2 0 0 319 -1 0 0 145 0 0 5 0 0 0 0 2 0 160 0 171 177 0 0 -1 177 0 152 168 0 2 0 0 163 172 1 0 0 0 0 153 2790 154 32 3 2 3 170 2 0 0 0 0 2823 167 0 0 147 2 0 161 37 0 0 0 155 0 0 0 353 33 0 170 0 0 0 0 3 159 3 1 2 0 0 0 0 0 0 172 0 0 0 153 149 0 0 3 2 0 33 145 0 149 327 0 0 0 0 0 36 34 0 30 0 35 0 4 0 0 1 0 0 2 144 3 0 176 4 1 0 0 36 0 0 168 1 179 0 167 5 0 0 2 0 152 2823 164 5 2702 0 3 332 0 0 0 159 0 0 0 0 0 169 170 176 0 0 0 0 4 0 0 37 0 0 36 177 0 6 1 0 0 0 5 0 -1 2 0 0 0 0 0 0 182 4 0 0 0 161 0 0 2660 1 37 3 0 0 0 0 0 0 2633 0 152 1 3 0 159 175 0 183 304 -1 1 0 0 172 0 161 157 32 0 1 0 154 137 0 153 160 0 3 144 171 173 0 0 1 173 41 3 325 5 0 0 171 0 0 1 -1 0 2 0 0 0 0 0 3 31 0 151 2896 0 0 148 171 0 1 3 1 0 0 0 0 170 0 0 0 2 0 0 0 0 181 33 0 150 3 0 0 1 0 0 1 3 0 1 0 0 166 0 0 0 0 0 163 5 189 0 176 163 0 2630 0 0 0 0 0 0 180 0 0 0 0 5 0 0 0 2633 0 156 0 3 184 0 0 0 0 1 0 38 0 0 0 207 0 0 0 0 0 0 3 4 0 0 173 0 3 0 0 0 2 3 0 0 0 152 139 318 0 0 0 151 158 304 0 2 167 2 0 5 155 0 4 0 5 0 -1 0 1 28 0 41 0 159 146 3 0 0 2824 0 1 0 0 146 3 3 0 158 0 0 0 341 187 171 163 1 170 0 2934 30 3 1 3 0 3 0 0 24 173 0 0 0 1 0 0 167 0 2 0 0 172 1 0 2625 153 -1 0 1 0 2 0 0 0 0 0 147 1 1 0 0 5 0 0 0 175 157 151 0 174 0 0 33 1 0 0 0 171 34 143 0 0 3 156 2789 0 -1 0 176 0 1 2 0 167 0 0 191 2823 1 0 0 0 150 0 0 0 1 0 0 157 2660 2 0 4 0 2625 157 0 0 316 -1 0 0 0 177 1 176 0 0 168 1 0 0 2 0 0 1 0 0 0 0 1 0 2 0 154 2 8 161 171 0 0 0 0 0 0 0 0 173 0 2 0 1 6 170 180 2 143 0 0 0 349 0 3 0 0 0 180 171 0 4 0 0 0 172 0 -1 0 0 3 175 0 0 0 1 0 0 144 172 3 0 157 0 0 172 1 0 0 32 0 0 0 0 0 0 -1 162 1 307 0 0 3 0 0 0 0 2 0 0 1 332 0 2823 171 27 0 0 0 1 0 2 0 0 0 0 -1 0 0 0 2 174 0 0 159 178 158 28 142 150 0 140 0 169 0 0 -1 167 0 38 0 2 1 0 0 175 0 0 0 0 0 0 0 141 0 5 0 0 360 -1 0 2823 1 156 0 0 174 0 0 0 3 1 0 0 1 150 2 184 0 4 3 0 0 37 2 0 142 3 0 2971 329 189 1 0 0 0 0 2 0 187 0 0 150 173 0 151 158 2823 0 0 37 0 0 0 2 4 1 3 0 0 167 0 154 0 0 2 153 0 181 3 171 160 0 174 1 0 1 0 0 0 142 -1 0 167 1 3 178 0 0 0 168 
1 0 0 219 1 0 0 3 4 0 0 0 1 218 43 0 186 0 0 0 0 4 212 400 205 0 0 204 0 5 0 0 0 0 3 3 6 0 0 213 4 0 0 0 0 0 3148 2 0 0 1 0 0 0 1 0 228 0 206 0 0 225 0 237 201 3 0 4 0 0 188 0 1 5 173 0 5 215 0 0 184 239 1 0 209 5 0 3329 0 9 0 3415 3329 0 3 216 200 0 0 0 0 208 190 208 0 0 36 0 0 212 0 3 0 2 0 0 0 0 0 608 220 0 0 2 0 5 7 0 2 2 0 0 0 0 2 2 0 0 3 1 4 0 6 217 0 0 3 2 38 1 0 192 1 0 -1 0 0 0 200 3 223 40 0 3239 0 44 226 0 0 0 0 396 0 214 5 0 0 0 214 5 204 0 190 2 0 222 0 -1 210 234 3 1 197 48 192 0 0 0 0 187 0 0 0 413 -1 0 0 216 0 0 5 0 0 0 0 0 0 183 0 196 210 0 0 -1 210 1 197 235 0 1 0 0 193 233 2 0 0 0 0 178 3402 194 49 3 3 4 228 2 0 0 0 4 3449 180 0 0 202 2 0 192 36 0 0 1 219 1 0 0 445 47 0 234 0 0 0 0 1 206 0 3 3 0 0 0 0 0 0 215 0 0 0 199 193 0 0 3 3 0 35 216 0 210 426 0 0 0 0 0 32 48 0 42 0 51 0 2 0 0 0 0 0 1 213 2 0 216 4 4 0 0 48 2 1 212 4 215 0 227 6 0 0 0 0 205 3449 224 7 3278 0 2 404 0 0 0 175 0 0 0 0 0 227 187 225 0 0 0 0 4 0 0 30 0 0 49 241 0 5 5 0 0 0 6 0 -1 2 0 0 0 0 0 0 216 3 0 0 0 208 2 0 3329 3 49 1 0 0 0 0 1 1 3291 0 197 8 3 0 235 203 0 221 453 -1 0 0 0 198 0 197 233 38 0 2 0 216 209 0 230 210 1 2 195 214 213 0 0 1 216 41 1 398 6 0 0 214 0 0 6 -1 0 2 0 2 0 0 0 4 49 0 215 3513 0 0 179 206 0 5 4 0 0 0 0 0 224 0 0 0 1 0 0 0 0 228 47 7 211 4 0 0 0 0 0 3 2 0 8 0 0 231 0 0 0 0 1 212 3 192 0 214 184 0 3281 0 0 0 0 0 0 221 0 0 0 0 2 0 0 0 3284 0 202 0 4 197 0 0 0 0 4 0 44 0 0 0 292 0 1 0 0 0 0 2 6 0 0 183 0 3 0 0 0 0 3 0 0 0 205 202 410 0 1 0 171 212 439 0 2 211 2 0 4 191 0 6 0 4 0 -1 0 2 32 0 29 0 192 217 3 0 0 3450 0 11 0 0 205 2 3 0 208 0 0 0 398 197 222 241 1 223 0 3616 46 1 1 2 0 4 0 0 47 197 0 0 0 1 0 0 237 0 3 0 0 197 1 0 3302 178 -1 0 0 0 3 0 0 0 0 0 200 1 1 0 0 1 0 0 0 185 188 214 0 198 0 0 35 2 0 0 0 213 52 209 0 0 1 168 3412 0 -1 0 223 0 0 1 0 211 0 0 283 3449 2 0 0 0 172 0 0 0 2 0 0 230 3329 6 0 3 0 3292 206 0 0 387 -1 0 0 0 222 2 239 0 0 189 3 0 0 2 0 0 4 0 0 0 0 1 0 3 0 202 1 8 195 172 0 0 0 0 0 0 0 0 197 0 3 0 1 2 225 221 3 194 0 0 0 392 0 1 0 0 0 230 226 0 4 0 0 0 197 0 -1 0 0 2 213 0 0 0 3 0 0 195 199 3 0 205 0 0 196 1 0 0 44 0 0 0 0 0 0 -1 227 3 404 0 0 0 0 0 0 0 1 0 0 0 434 0 3449 196 37 0 0 0 3 0 1 0 0 0 0 -1 0 0 0 5 190 0 0 215 242 204 39 206 217 0 188 4 229 6 0 -1 211 2 36 0 2 2 0 0 196 0 0 0 0 0 0 0 206 0 4 0 0 442 -1 4 3449 0 220 0 0 233 0 0 0 2 3 0 0 3 192 4 213 0 4 1 0 0 44 0 0 222 2 0 3655 377 192 1 0 0 2 0 0 0 197 0 0 194 211 0 198 205 3449 0 0 42 0 0 0 2 3 4 6 0 0 211 0 202 0 0 1 215 0 230 4 207 238 0 197 1 0 1 0 0 0 208 -1 0 221 0 3 242 0 0 0 194 
2 0 0 194 1 0 0 2 3 0 0 0 0 193 50 0 180 0 0 0 0 4 192 422 212 0 0 208 0 3 0 0 0 0 2 2 3 0 0 186 2 0 0 0 0 0 3104 2 2 0 2 1 0 0 1 0 205 0 208 0 0 193 0 197 200 1 0 4 1 0 195 0 0 2 220 0 1 192 0 0 217 203 1 0 218 5 0 3276 0 3 0 3513 3276 0 4 207 198 0 0 0 1 198 183 188 0 0 33 0 0 192 0 2 0 0 0 0 0 0 0 626 197 0 0 5 0 4 4 0 5 5 0 0 0 0 2 2 0 0 5 1 4 0 1 221 0 0 9 1 47 1 0 185 1 0 -1 1 0 0 179 2 194 32 2 3205 0 49 190 0 1 0 0 408 0 186 2 0 0 0 216 2 208 0 175 3 0 196 0 -1 202 199 2 3 205 28 211 0 0 0 0 219 1 0 0 377 -1 0 0 195 0 0 4 0 0 0 0 6 0 216 0 191 204 0 0 -1 204 0 224 189 0 2 0 0 183 192 2 0 0 0 0 222 3513 196 37 1 3 7 197 2 0 0 0 1 3553 181 0 0 205 1 0 178 47 0 0 1 194 1 0 0 419 40 0 215 0 0 0 0 0 218 2 3 6 0 0 0 0 0 0 220 0 0 2 208 223 0 0 0 3 1 43 205 0 187 404 0 1 0 0 0 40 38 0 44 0 44 0 2 0 0 1 0 0 0 203 3 0 188 2 4 0 0 39 0 0 227 2 218 0 210 3 0 0 0 0 199 3553 206 3 3394 0 3 386 1 0 0 194 0 0 0 0 0 198 194 213 0 0 0 0 3 0 0 41 0 0 46 195 0 2 2 0 0 0 8 0 -1 2 0 0 0 0 0 0 221 2 0 0 0 191 2 0 3276 4 47 1 0 0 0 0 3 0 3235 0 205 2 1 1 190 191 0 219 397 -1 5 0 0 200 1 197 190 52 0 1 0 194 187 0 188 203 2 4 198 216 222 0 0 1 193 36 5 415 1 0 0 219 0 0 2 -1 0 2 0 4 0 0 0 1 31 0 191 3659 0 0 211 177 0 0 5 0 0 0 0 0 196 0 0 1 1 0 0 0 0 204 40 2 193 2 0 0 1 0 0 7 5 0 5 0 0 185 0 0 0 0 0 206 3 208 0 189 217 0 3236 0 0 0 0 0 0 198 0 0 0 0 1 0 0 0 3234 0 182 0 2 210 0 0 0 0 4 0 49 0 0 0 235 0 0 0 0 0 0 3 3 0 0 217 0 0 0 0 0 6 0 0 0 0 199 212 406 0 0 0 219 194 405 0 3 221 1 0 5 218 0 2 0 4 0 -1 0 5 59 0 48 0 194 208 3 0 0 3554 0 7 0 0 187 2 3 0 204 0 0 0 384 196 196 202 1 183 0 3712 50 1 1 3 0 1 0 0 55 188 0 0 0 5 0 0 195 0 5 0 0 197 1 0 3232 190 -1 0 0 0 2 0 0 0 0 0 201 4 1 0 0 4 0 0 0 186 219 189 0 189 0 0 44 2 0 0 0 218 42 217 0 0 5 187 3508 0 -1 0 182 0 1 5 0 218 0 0 249 3553 2 0 0 0 215 0 0 0 1 0 0 197 3276 4 0 0 0 3229 218 0 0 406 -1 0 0 0 196 3 199 0 0 185 2 0 0 5 0 0 3 0 0 0 0 0 0 0 0 210 3 13 225 211 0 0 0 0 0 0 0 0 188 0 3 0 1 5 186 198 7 197 0 0 0 404 0 4 0 0 0 202 198 0 4 0 0 0 192 0 -1 0 0 3 185 0 0 0 4 0 0 197 181 3 0 200 0 0 197 1 0 0 49 0 0 0 0 0 0 -1 206 4 429 1 0 3 0 0 1 0 0 0 0 1 398 0 3553 191 43 0 0 0 1 0 7 0 0 0 0 -1 0 0 0 7 209 0 0 182 201 207 38 203 185 0 214 2 214 2 0 -1 221 4 33 0 3 5 0 0 209 0 0 0 0 1 0 0 216 0 3 0 0 407 -1 4 3553 1 195 0 0 205 0 0 0 3 1 0 0 3 221 2 186 0 0 1 0 0 49 0 0 206 0 0 3755 405 208 1 0 0 4 0 4 0 196 0 0 224 228 0 209 198 3553 0 0 36 0 0 0 2 3 4 2 0 0 221 0 210 0 0 3 186 0 218 5 226 198 0 191 1 0 8 0 0 0 213 -1 0 198 0 3 201 0 0 0 196 
1 0 0 72 0 0 0 2 1 0 0 0 0 69 14 0 51 0 0 0 0 2 78 136 68 0 0 54 0 0 0 0 0 0 0 0 0 0 0 69 0 0 0 0 0 0 1054 1 1 0 0 0 0 0 1 0 77 0 76 0 0 59 0 66 61 0 0 1 0 0 66 0 1 1 58 0 1 70 0 0 75 68 1 0 49 2 0 1106 0 0 0 1109 1106 0 2 67 76 0 0 0 0 92 64 67 0 0 21 0 0 78 0 0 0 0 0 0 0 0 0 215 75 0 0 2 0 2 1 0 2 1 0 0 0 0 1 1 0 0 1 1 1 0 0 50 0 0 3 0 17 1 0 71 1 0 -1 1 0 0 56 0 73 9 0 1079 0 17 61 0 0 0 0 142 0 75 0 0 0 0 48 2 54 0 66 2 0 54 0 -1 94 72 0 0 73 11 66 0 0 0 0 77 1 0 0 129 -1 0 0 70 0 0 2 0 0 0 0 0 0 67 0 57 62 0 0 -1 62 0 67 75 0 1 0 0 79 77 0 0 0 0 1 59 1105 61 23 2 0 3 62 0 0 0 0 0 1125 55 0 0 67 1 0 78 14 0 0 1 72 0 0 0 113 19 0 69 0 0 0 0 0 55 0 0 2 0 0 0 0 0 0 69 0 0 0 56 76 0 0 0 1 0 13 68 0 70 115 0 0 0 0 0 12 18 0 13 0 12 0 1 0 0 0 0 0 0 66 2 0 77 0 0 0 0 17 0 0 65 2 71 0 83 2 0 0 0 0 68 1125 81 1 1071 0 1 145 1 0 0 65 0 0 0 0 0 74 65 67 0 0 0 0 1 0 0 8 0 0 11 67 0 0 2 0 0 0 0 0 -1 3 0 0 0 0 0 0 50 0 1 0 0 67 2 0 1106 1 11 0 0 0 0 0 0 0 1092 0 71 2 0 0 70 77 0 84 134 -1 1 0 0 87 0 74 62 13 0 2 0 71 68 0 68 48 0 1 77 48 69 0 0 1 54 21 1 166 3 0 0 68 0 0 0 -1 0 0 0 0 0 0 0 0 22 0 68 1148 0 1 63 65 0 1 1 0 0 0 0 0 62 0 0 0 3 0 0 0 0 63 19 3 63 0 0 0 0 0 0 2 2 0 0 0 0 73 0 0 0 0 0 95 1 65 0 77 68 0 1085 0 0 0 0 0 0 63 0 0 0 0 1 0 0 0 1091 0 65 0 0 65 0 0 0 0 0 0 13 0 0 0 79 0 0 0 0 0 0 2 2 0 0 76 0 0 0 0 0 0 0 0 0 0 68 80 136 0 0 0 56 76 164 0 1 50 1 0 1 65 0 2 0 4 0 -1 0 1 14 0 13 0 70 67 1 0 0 1126 0 4 0 0 75 0 1 0 93 0 0 0 147 72 71 71 1 73 0 1173 14 1 1 1 0 1 0 0 18 64 0 0 0 2 0 0 67 0 0 0 0 84 0 0 1091 61 -1 0 0 0 0 0 1 0 0 0 63 2 0 0 0 3 0 0 0 62 68 72 0 65 0 0 11 1 0 0 0 67 19 82 0 0 2 61 1109 0 -1 0 71 0 0 0 0 65 0 0 77 1125 1 0 0 0 55 0 0 0 1 0 0 64 1106 1 0 1 0 1093 54 0 0 124 -1 0 0 0 54 0 67 0 0 60 3 0 0 0 0 0 0 0 0 0 0 0 0 0 0 73 0 2 71 70 0 0 0 0 0 0 0 0 64 0 0 0 1 1 75 61 1 76 0 0 0 148 0 2 0 0 0 62 78 0 1 0 0 0 58 0 -1 0 0 0 75 0 0 0 1 0 0 63 79 0 0 62 0 0 86 1 0 0 14 0 1 0 0 0 0 -1 66 0 173 0 0 0 0 0 0 0 1 0 0 0 125 0 1125 57 20 0 0 0 0 0 3 0 0 0 0 -1 0 0 0 1 89 0 0 66 67 53 13 73 65 0 72 2 70 0 0 -1 50 2 21 0 0 1 0 0 88 0 0 0 0 1 0 0 82 0 2 0 0 138 -1 0 1125 0 73 0 0 78 0 0 0 1 1 1 0 0 75 0 69 0 1 2 0 0 12 0 0 68 0 0 1190 141 65 1 0 0 0 0 1 0 72 0 0 77 65 0 52 48 1125 0 0 7 0 0 0 4 0 3 1 0 0 50 0 73 0 0 0 71 0 70 1 79 70 0 62 1 0 4 0 0 0 76 -1 0 76 0 0 67 0 0 0 84 
0 0 0 211 2 0 0 2 7 0 0 0 0 178 40 0 193 0 0 0 0 3 229 429 194 0 0 198 0 5 0 0 0 0 4 3 4 1 0 217 1 0 0 0 0 0 3146 4 2 0 1 0 0 0 1 0 201 0 203 0 0 207 0 192 215 2 0 1 0 0 191 0 3 4 209 0 4 210 0 0 207 195 2 0 221 3 0 3298 0 0 0 3561 3298 0 3 219 204 0 0 0 1 202 194 207 0 0 52 0 0 229 0 3 0 0 0 0 0 0 0 612 203 0 0 5 0 2 1 0 6 2 0 0 0 0 3 3 0 0 5 1 2 0 4 230 0 0 8 2 65 1 0 175 0 0 -1 0 0 0 198 1 199 45 0 3213 0 32 208 0 0 0 0 395 0 250 2 0 0 0 176 1 198 0 189 9 0 215 0 -1 211 201 3 1 196 39 228 0 0 0 0 210 1 0 0 403 -1 0 0 202 0 0 4 0 0 0 0 3 0 228 0 208 224 0 0 -1 224 0 208 209 0 2 0 0 198 213 3 0 0 0 0 211 3569 211 40 2 3 5 212 0 0 0 0 0 3606 214 0 0 197 1 0 190 55 0 0 0 211 0 0 0 442 37 0 219 0 0 0 1 0 224 0 3 7 0 0 0 0 0 0 200 0 0 0 217 202 0 0 2 3 0 46 197 0 205 396 0 4 0 0 0 52 47 0 33 0 37 0 3 0 0 0 0 0 1 194 1 0 254 3 1 0 0 40 0 1 221 2 218 0 215 0 0 0 5 0 229 3606 212 2 3422 0 5 402 0 0 0 221 0 0 0 0 0 195 190 202 0 0 0 0 3 0 0 45 0 0 49 215 0 5 3 0 0 0 6 0 -1 2 0 0 0 0 0 0 229 3 0 0 0 189 4 0 3298 2 49 2 0 0 0 1 5 0 3258 0 202 1 5 0 207 201 0 235 395 -1 2 0 0 210 1 209 187 54 0 4 0 209 188 0 200 198 4 8 196 176 199 0 0 0 210 49 3 407 2 0 0 199 0 0 4 -1 0 5 0 1 0 0 1 4 41 0 208 3675 0 3 195 207 0 0 5 0 0 0 0 0 208 0 0 1 1 0 0 0 0 207 37 0 187 2 0 0 0 0 0 5 6 0 3 0 0 206 0 0 0 0 0 214 2 219 0 252 232 0 3250 0 0 0 0 0 0 199 0 0 0 0 4 0 0 0 3254 0 182 0 1 224 0 0 0 0 3 0 57 0 0 0 250 0 0 0 0 0 0 4 3 0 0 204 0 2 0 0 0 4 2 0 0 0 229 198 427 0 1 0 205 225 414 0 1 224 2 0 8 201 0 9 0 1 0 -1 0 2 46 0 35 0 208 221 2 0 0 3607 0 3 0 0 221 1 1 0 210 0 0 0 402 188 181 216 1 205 0 3760 38 5 1 4 0 2 0 0 46 202 0 0 0 0 0 0 216 0 1 0 0 203 0 0 3250 175 -1 0 0 0 0 0 0 0 0 0 225 3 0 0 0 3 0 0 0 213 199 209 0 203 0 0 39 2 0 0 0 195 59 203 0 0 4 171 3564 0 -1 0 193 0 0 3 0 192 0 0 262 3606 4 0 2 0 207 0 0 0 4 0 0 204 3298 1 0 1 0 3257 222 0 0 445 -1 0 0 0 215 0 219 0 0 196 7 0 0 4 0 0 8 0 0 0 0 0 0 2 0 204 5 7 220 201 0 0 0 0 0 0 0 0 202 0 2 0 1 3 205 196 1 195 0 0 0 448 0 4 0 0 0 206 199 0 6 0 0 0 209 0 -1 0 0 3 251 0 0 0 1 0 0 219 220 5 0 218 0 0 208 1 0 0 38 0 1 0 0 0 0 -1 215 3 410 0 0 4 0 0 0 0 1 0 0 0 402 0 3606 208 38 0 0 0 5 1 3 0 0 0 0 -1 0 0 0 4 230 0 0 207 219 202 38 198 191 0 194 0 220 2 0 -1 224 3 52 0 4 3 0 0 234 0 0 0 0 0 0 0 200 0 3 0 0 416 -1 2 3606 0 212 0 0 205 0 0 0 7 4 0 0 5 202 3 217 0 0 2 0 0 53 0 0 198 0 0 3830 384 219 1 0 0 3 0 1 0 188 0 0 203 226 0 212 191 3606 0 0 30 0 0 0 0 1 1 4 0 0 224 0 204 0 0 4 204 0 205 1 207 211 0 206 1 0 5 1 0 0 204 -1 0 204 0 2 219 0 0 0 207 
0 0 0 208 0 0 0 3 3 0 0 0 0 216 34 0 237 0 0 0 0 4 241 422 214 0 0 219 0 5 0 0 0 0 3 4 1 0 0 231 2 0 0 0 0 0 3221 1 1 0 2 0 0 0 1 0 206 0 224 0 0 208 0 219 206 2 0 3 0 0 206 0 0 4 207 0 1 207 0 0 192 224 7 0 186 2 0 3392 0 4 0 3591 3392 0 3 190 188 0 1 0 0 216 202 230 0 0 44 0 0 241 0 1 0 2 0 0 0 0 0 617 203 0 0 4 0 4 10 0 6 7 0 0 0 0 0 2 0 0 6 1 3 0 2 194 0 0 5 0 44 1 0 195 3 0 -1 0 0 0 222 2 199 42 1 3300 0 42 209 0 0 0 0 435 0 220 1 0 0 0 220 6 219 0 192 1 0 227 0 -1 226 230 0 2 227 54 191 0 0 0 0 197 0 0 0 433 -1 0 0 224 0 0 3 0 0 0 0 5 0 217 0 243 253 1 0 -1 253 0 213 217 0 2 0 0 200 219 0 1 0 0 3 210 3579 203 34 1 3 10 210 7 0 0 0 2 3635 215 0 0 223 1 0 194 48 0 0 1 208 0 0 0 404 55 0 237 1 0 0 1 5 210 0 1 2 0 0 0 1 0 0 221 0 0 1 200 209 0 0 2 4 2 44 204 0 201 397 0 1 0 0 0 45 36 0 42 0 32 0 3 0 0 2 0 0 0 202 6 0 223 3 5 0 0 44 0 0 192 3 212 0 222 0 0 0 6 0 198 3635 216 5 3461 0 2 415 0 0 0 213 0 0 0 0 0 201 205 222 0 0 0 0 3 0 0 42 0 0 24 215 0 12 4 0 0 0 9 0 -1 4 0 0 0 0 0 0 193 4 0 0 0 207 5 0 3392 2 24 3 0 0 0 0 4 0 3358 0 232 3 2 2 196 187 0 270 455 -1 1 0 0 198 0 238 217 41 0 1 0 208 217 0 226 209 4 3 250 220 224 0 0 0 224 35 4 422 1 0 0 220 0 0 3 -1 0 4 0 2 0 0 0 2 29 0 206 3688 0 1 195 224 0 3 7 0 0 0 0 0 206 0 0 0 5 0 0 0 0 229 55 2 221 2 0 0 0 0 0 3 8 0 7 1 0 218 0 0 0 0 0 228 2 206 0 223 218 0 3351 0 0 0 0 0 0 225 0 0 0 0 3 0 0 0 3348 1 201 0 4 188 0 0 0 0 5 0 47 0 0 0 260 0 0 0 0 0 0 7 5 0 0 196 0 3 0 0 0 2 2 0 0 0 198 208 443 0 0 0 206 242 448 0 5 192 5 0 4 203 0 2 0 4 0 -1 0 1 33 0 44 0 237 192 4 0 0 3636 0 1 0 0 232 4 1 0 225 0 0 0 457 207 223 204 1 220 0 3779 45 6 1 2 0 2 0 0 36 204 0 0 0 0 0 0 216 0 3 0 0 196 2 0 3354 205 -1 0 0 0 5 0 0 0 0 0 224 5 0 0 0 2 0 0 0 223 201 207 0 205 0 0 41 3 0 0 0 218 50 213 0 0 3 203 3583 0 -1 0 183 0 2 2 0 216 0 0 234 3635 4 0 0 0 202 0 0 0 4 0 0 197 3392 3 0 2 0 3346 206 0 0 421 -1 0 0 0 227 0 220 0 0 194 3 0 0 7 0 0 1 0 0 0 0 2 0 1 0 236 3 6 203 181 0 0 0 0 0 0 0 0 204 0 2 0 1 1 213 223 2 249 0 0 0 462 0 4 0 0 0 229 200 0 4 0 0 0 244 0 -1 0 0 1 217 0 0 0 2 0 0 220 217 5 1 210 0 0 194 1 0 0 43 0 0 0 0 0 0 -1 230 6 435 1 0 3 0 0 0 0 4 0 0 1 413 0 3635 243 50 0 0 0 1 0 4 0 0 0 0 -1 0 0 0 2 215 0 0 243 223 218 55 231 220 0 201 4 237 7 0 -1 192 3 42 0 0 3 0 0 214 0 0 0 0 0 0 0 211 0 3 0 0 461 -1 5 3635 0 209 0 0 210 0 0 0 2 1 0 0 5 207 2 231 0 3 3 0 0 47 0 0 202 0 0 3858 397 206 1 0 0 4 0 5 0 207 0 0 210 194 0 196 204 3635 0 0 36 0 0 0 0 2 6 1 0 0 192 0 236 0 0 1 204 0 228 4 205 200 0 202 1 0 1 0 0 0 229 -1 0 204 0 2 223 0 0 0 194 
1 0 0 160 1 0 0 3 2 0 0 0 0 183 39 0 144 0 0 0 0 0 187 335 150 0 0 178 0 3 0 0 0 0 4 0 2 0 0 152 3 0 0 0 0 0 2598 1 3 0 3 0 0 0 1 0 154 0 167 0 0 186 0 184 168 3 0 1 0 0 192 0 2 3 157 0 1 156 0 0 157 189 5 0 160 5 0 2716 0 0 0 2854 2716 0 1 186 148 0 0 0 0 183 153 182 0 0 27 0 0 187 0 3 0 0 0 0 0 0 0 458 168 0 0 2 0 3 0 0 6 2 0 0 0 0 1 3 0 0 4 1 5 0 1 161 0 0 3 2 42 1 0 153 1 0 -1 0 0 0 155 5 149 27 0 2640 0 37 183 0 0 0 0 363 0 152 1 0 0 0 158 0 178 0 150 2 0 180 0 -1 165 172 1 2 176 27 168 0 0 0 0 159 5 0 0 324 -1 0 0 176 0 0 2 0 0 0 0 4 0 167 0 157 170 0 1 -1 170 0 158 203 0 4 0 0 167 204 1 0 0 0 0 162 2860 162 24 5 3 4 188 2 0 0 0 3 2897 165 0 0 167 3 0 164 40 0 0 0 160 0 0 0 351 34 0 152 0 0 0 0 1 178 0 4 1 0 0 0 0 0 0 154 0 0 0 174 179 0 0 1 2 2 35 165 0 156 361 0 3 0 0 0 33 29 0 42 0 31 0 2 0 0 0 0 0 0 160 1 0 152 1 6 0 0 40 0 1 167 1 173 0 165 5 0 0 1 0 172 2897 158 4 2737 0 2 309 1 0 0 166 0 0 0 0 0 149 191 179 0 0 0 0 1 0 0 31 0 0 52 166 0 5 3 0 0 0 6 0 -1 3 0 0 0 0 0 0 162 5 0 0 0 167 1 0 2716 1 53 3 0 0 0 0 2 0 2686 0 174 6 4 0 131 146 0 179 348 -1 2 0 0 168 0 150 184 38 0 4 0 157 165 0 168 160 2 3 179 158 156 0 0 3 175 35 2 325 2 0 0 153 0 0 2 -1 0 1 0 1 0 0 0 1 22 0 159 2968 0 0 184 179 0 4 7 0 0 0 0 0 183 0 0 1 2 0 0 0 0 167 34 1 171 1 0 0 0 0 0 5 3 0 4 0 0 196 0 0 0 0 0 165 2 161 0 153 170 0 2677 0 0 0 0 0 0 165 0 0 0 0 0 0 0 0 2685 0 163 0 0 164 0 0 0 0 2 0 39 0 0 0 193 0 0 0 0 0 0 2 3 0 0 154 0 2 0 0 0 2 3 0 0 0 172 138 337 0 2 0 158 187 335 0 6 193 2 0 3 193 0 6 0 1 0 -1 0 3 41 0 34 0 148 187 3 0 0 2898 0 3 0 0 182 4 1 0 163 0 0 0 334 163 186 136 1 196 0 3026 32 2 1 1 0 3 0 0 33 156 0 0 0 2 0 0 170 0 2 0 0 167 2 0 2670 187 -1 0 0 0 1 0 0 0 0 0 141 4 0 0 0 1 1 0 0 171 190 159 0 157 0 0 31 2 0 0 0 153 30 140 0 0 2 184 2866 0 -1 0 145 0 0 1 0 150 0 0 165 2897 0 0 1 0 162 0 0 0 4 0 0 130 2716 6 0 2 0 2662 176 0 0 345 -1 0 0 0 180 4 172 0 0 149 4 0 0 3 0 0 1 1 0 0 0 1 0 3 0 175 1 9 172 150 0 0 0 0 0 0 0 0 156 0 2 0 1 2 197 163 1 178 0 0 0 335 0 4 0 0 0 165 146 0 2 0 0 0 158 0 -1 0 0 2 151 0 0 0 4 0 0 139 178 1 0 168 0 0 166 1 0 0 33 0 0 0 0 0 0 -1 148 3 342 0 0 1 0 0 0 0 1 0 0 1 324 0 2897 157 30 0 0 0 2 0 0 0 0 0 0 -1 0 0 0 3 173 0 0 163 171 175 35 172 163 0 172 1 152 2 0 -1 193 3 25 0 5 4 0 0 173 0 0 0 0 0 0 0 135 0 3 0 0 374 -1 2 2897 0 161 0 0 154 0 0 0 5 4 2 0 2 180 3 152 0 3 5 0 0 37 0 0 162 0 0 3037 350 161 1 0 0 3 0 3 0 163 0 0 180 170 0 173 155 2897 0 0 34 0 0 0 2 4 3 2 0 0 193 0 175 0 0 3 153 0 185 2 173 133 0 158 1 0 1 0 0 0 171 -1 0 169 0 3 171 0 0 0 163 
0 0 0 144 2 0 0 2 2 0 0 0 0 137 46 0 117 0 0 0 0 1 140 251 147 0 0 148 0 0 0 0 0 0 0 2 3 0 0 134 1 0 0 0 0 0 2142 1 1 0 3 0 0 0 1 0 133 0 116 0 0 155 0 116 145 1 0 3 0 0 137 0 3 1 142 0 0 142 0 0 117 120 1 0 125 1 0 2247 0 1 0 2330 2247 0 2 149 149 0 0 0 1 163 150 124 1 0 28 0 0 140 0 0 0 0 0 0 0 0 0 390 135 0 0 2 0 2 1 0 3 2 0 0 0 0 2 2 0 0 2 1 3 0 2 131 0 0 3 0 34 1 0 117 1 0 -1 0 0 0 153 6 131 24 0 2201 0 37 151 0 1 0 0 256 0 123 5 0 0 0 157 1 148 0 150 4 0 139 0 -1 126 136 2 1 140 31 129 0 0 0 0 118 3 0 0 298 -1 0 0 118 0 0 2 0 0 0 0 2 0 113 0 123 135 0 1 -1 135 1 132 123 0 3 0 0 136 123 1 0 0 0 2 146 2338 140 23 5 2 2 155 2 0 0 0 1 2364 139 0 0 134 0 0 137 34 0 0 0 144 0 0 0 285 26 0 126 0 0 0 0 2 128 0 3 3 0 0 0 0 0 0 149 0 0 1 118 122 0 0 4 0 0 41 137 0 143 262 0 4 0 0 0 28 33 0 30 0 35 0 5 0 0 0 0 0 0 136 0 0 125 2 2 0 0 24 0 0 139 3 145 0 137 1 0 0 2 0 123 2364 136 3 2252 0 0 276 0 0 0 120 0 0 0 0 0 127 136 122 0 0 0 0 3 0 0 24 0 0 29 147 0 2 3 0 0 0 6 0 -1 3 0 0 0 0 0 0 129 2 0 0 0 133 1 0 2247 1 29 1 0 0 0 0 4 0 2217 0 136 2 1 0 114 149 0 173 271 -1 2 0 0 122 0 155 117 28 0 3 0 143 111 0 126 129 2 4 135 157 141 0 0 0 137 36 3 256 1 0 0 148 0 0 2 -1 0 2 0 0 1 0 0 3 20 0 144 2429 0 0 148 123 0 2 7 0 0 0 0 0 153 0 0 2 3 0 0 0 0 144 26 2 132 0 0 0 0 0 0 3 4 0 3 0 0 121 0 0 0 0 0 129 3 126 0 125 114 0 2216 0 0 0 0 0 0 143 0 0 0 0 1 0 0 0 2232 0 129 0 3 137 0 0 0 0 2 0 21 0 0 0 165 0 0 0 0 0 0 1 1 0 0 117 0 2 0 0 0 1 3 0 0 0 123 127 282 0 0 0 144 141 262 0 3 134 1 0 3 155 0 2 0 3 0 -1 0 1 39 0 22 0 151 149 2 0 0 2365 0 3 0 0 137 2 2 0 127 0 0 0 278 122 138 119 1 124 0 2473 25 3 1 0 0 0 0 0 24 156 0 0 0 1 0 0 148 0 4 0 0 120 3 0 2210 139 -1 0 0 0 2 0 0 0 0 0 125 3 0 0 0 2 0 0 0 138 159 144 0 157 0 0 31 2 0 0 0 145 26 131 0 0 1 137 2343 0 -1 0 128 0 0 5 0 146 0 0 142 2364 5 0 0 0 141 0 0 0 3 0 0 116 2247 3 0 1 0 2221 126 0 0 244 -1 0 0 0 139 2 149 0 0 151 1 0 0 4 0 0 1 0 2 0 0 0 0 1 0 137 1 3 145 112 0 0 0 0 0 0 0 0 156 0 4 0 1 5 120 143 2 134 0 0 0 262 0 1 0 0 0 144 129 0 3 0 0 0 124 0 -1 0 0 0 123 0 0 0 1 0 0 126 163 2 0 145 0 0 122 1 0 0 23 0 0 0 0 0 0 -1 127 1 250 0 0 0 0 0 0 0 3 0 0 1 294 0 2364 123 35 0 0 0 0 0 4 0 0 0 0 -1 0 0 0 0 134 0 0 140 149 150 24 136 120 0 117 3 126 2 0 -1 134 2 28 0 3 1 0 0 136 0 0 0 0 1 0 0 130 0 4 0 0 256 -1 0 2364 0 145 0 0 136 0 0 0 1 0 1 0 0 120 1 134 0 0 2 0 0 21 0 0 138 2 0 2490 268 126 1 0 0 2 0 1 0 122 0 0 123 141 0 121 127 2364 0 0 34 0 0 0 1 2 3 1 0 0 134 0 137 0 0 2 140 0 128 3 140 116 0 156 1 0 5 0 0 0 119 -1 0 136 1 2 149 0 0 0 118 
0 0 0 166 1 0 0 1 1 0 0 0 0 150 25 0 148 0 0 0 0 4 171 324 150 1 0 154 0 1 0 0 0 0 3 2 2 0 0 168 0 0 0 0 0 0 2371 2 2 0 4 0 0 0 1 0 162 0 159 0 0 154 0 147 159 4 0 0 0 0 158 0 1 4 153 0 0 165 0 0 156 153 2 0 180 2 0 2470 0 2 0 2656 2470 0 1 146 152 0 0 0 1 151 149 148 0 0 30 0 0 171 0 0 0 0 0 0 0 0 0 455 156 0 0 2 0 4 1 0 2 3 0 0 0 0 1 1 0 0 4 1 2 1 5 182 0 0 5 3 44 1 0 131 4 0 -1 0 0 0 166 0 161 34 0 2408 0 32 151 0 0 0 0 320 0 135 4 0 0 0 165 1 154 0 148 1 0 161 0 -1 189 162 0 0 138 40 158 0 0 0 0 160 0 0 0 292 -1 0 0 162 0 0 5 0 0 0 0 2 0 154 0 157 168 0 0 -1 168 0 186 169 0 1 0 0 152 170 2 0 0 0 1 153 2655 155 29 4 4 4 155 2 0 0 0 0 2694 157 0 0 138 1 0 149 29 0 1 0 166 0 0 0 340 39 0 147 0 0 0 1 3 164 0 4 2 0 0 0 0 0 0 155 0 0 0 157 147 0 0 0 0 0 36 166 0 160 304 0 2 0 0 0 41 31 0 28 0 26 0 0 0 0 0 0 0 0 165 1 0 136 1 4 0 0 37 1 0 146 2 160 0 150 0 0 0 0 0 148 2694 146 3 2558 0 5 296 0 0 0 148 0 0 0 0 0 155 157 144 0 0 0 0 3 0 0 26 0 0 37 163 0 4 2 0 0 0 4 0 -1 2 0 0 0 0 0 0 184 2 0 0 0 176 1 0 2470 6 37 2 0 0 0 1 3 0 2449 0 140 0 1 1 142 149 0 176 306 -1 3 0 0 161 0 144 152 22 0 0 0 161 154 0 154 166 0 3 162 165 157 0 0 0 157 35 0 321 1 0 0 154 0 0 5 -1 0 3 0 2 1 0 1 3 30 0 166 2753 0 0 146 145 0 2 1 0 0 0 0 0 153 0 0 0 1 0 0 0 0 162 39 1 141 1 0 0 0 0 0 2 3 0 4 0 0 166 0 0 0 0 0 189 2 146 0 137 158 0 2441 0 0 0 0 0 0 158 0 0 0 0 3 0 0 0 2453 0 170 0 0 150 0 0 0 0 3 0 33 0 0 1 174 0 0 0 0 0 0 2 1 0 0 154 0 1 0 0 0 1 1 0 0 0 148 144 300 0 0 0 151 171 352 0 2 163 1 0 3 154 0 3 0 2 0 -1 0 4 32 0 35 0 143 150 2 0 0 2695 0 2 0 0 165 3 3 0 187 0 0 0 301 138 153 148 1 163 0 2819 39 0 1 2 0 0 0 0 26 155 0 0 0 2 0 0 161 0 2 0 0 156 1 0 2436 136 -1 0 0 0 1 0 0 0 0 1 163 1 2 0 0 2 1 0 0 164 155 165 0 156 0 0 34 2 0 0 0 153 28 146 0 0 2 133 2660 0 -1 0 151 0 0 3 0 152 0 0 180 2694 1 0 1 0 150 0 0 0 2 0 0 141 2470 1 0 2 0 2435 165 0 0 313 -1 0 0 0 161 1 162 0 0 151 1 0 0 1 0 0 2 0 0 0 0 0 0 2 0 140 1 6 156 151 0 0 1 0 0 0 0 0 155 0 4 0 1 3 164 160 0 161 0 0 0 308 0 3 0 0 0 162 159 0 6 0 0 0 158 0 -1 0 0 3 136 0 0 0 2 0 0 161 177 0 0 161 0 0 153 1 0 0 39 0 0 0 0 0 0 -1 147 6 335 0 0 1 0 0 0 0 3 0 0 0 299 0 2694 157 33 0 0 0 3 0 2 0 0 0 0 -1 0 0 0 3 146 0 0 140 163 153 38 140 150 0 143 1 148 1 0 -1 163 3 30 0 1 3 0 0 147 0 0 0 0 0 0 0 143 0 1 0 0 299 -1 1 2694 0 167 0 0 165 0 0 0 4 4 0 0 4 147 5 168 0 2 2 0 0 30 0 0 166 0 0 2860 289 146 1 0 0 0 0 0 0 138 0 1 148 149 0 162 160 2694 0 0 30 0 0 0 3 1 1 2 0 0 163 0 140 0 0 0 160 0 148 3 141 143 0 161 1 0 1 0 0 0 162 -1 0 157 0 1 163 0 0 0 158 
1 0 0 73 1 0 0 0 0 0 0 0 0 83 25 0 90 0 0 0 0 2 81 187 74 0 0 91 0 0 0 0 0 0 1 2 0 0 0 74 4 0 0 0 0 0 1254 2 2 0 0 1 0 0 1 0 79 0 86 0 0 81 0 97 103 2 0 2 0 0 77 0 0 1 80 0 0 73 0 0 86 102 0 0 88 0 0 1315 0 3 0 1418 1315 0 4 88 81 0 0 0 0 91 82 82 0 0 21 0 0 81 0 0 0 0 1 0 0 0 0 266 77 0 0 1 0 1 1 0 1 0 0 0 0 0 1 0 0 0 3 1 1 0 1 92 0 0 0 1 19 1 0 54 1 0 -1 0 0 0 74 0 78 20 0 1275 0 24 81 0 0 0 0 165 0 91 0 0 0 0 79 2 91 0 86 0 0 79 0 -1 65 84 1 1 77 14 87 0 0 0 0 89 0 0 0 152 -1 0 0 89 0 0 3 0 0 0 0 0 0 96 0 98 81 0 0 -1 81 0 70 95 0 0 0 0 86 98 1 0 0 0 0 80 1414 105 23 1 4 2 84 1 0 0 0 0 1432 82 0 0 75 1 0 82 22 0 0 0 73 0 0 0 176 17 0 74 0 0 0 0 0 72 0 0 2 0 0 0 1 0 0 75 0 0 1 67 85 0 0 2 1 0 12 90 0 71 163 0 2 0 0 0 21 21 0 19 0 17 0 0 0 0 0 0 0 0 90 0 0 91 0 1 0 0 18 1 0 69 1 76 0 77 1 0 0 0 0 86 1432 75 4 1349 0 0 155 1 0 0 86 0 0 0 0 0 78 76 94 0 0 0 0 1 0 0 18 0 0 19 73 0 4 2 0 0 0 0 0 -1 0 0 0 0 0 0 0 91 0 0 0 0 88 1 0 1315 1 19 1 0 0 0 0 2 0 1300 0 77 1 1 0 92 81 0 89 180 -1 3 0 0 98 0 75 94 17 0 0 0 73 83 0 100 78 1 1 92 79 76 0 0 0 75 11 0 139 1 0 0 74 0 0 1 -1 0 1 0 0 0 0 0 0 21 0 74 1443 0 0 74 75 0 1 2 0 0 0 0 0 82 0 0 0 1 0 0 0 0 82 17 1 97 2 0 0 0 0 0 1 2 0 3 0 0 96 0 0 0 0 0 67 1 98 0 91 97 0 1298 0 0 0 0 0 0 82 0 0 0 0 2 0 0 0 1299 0 86 0 1 108 0 0 0 0 2 0 20 0 0 0 90 0 1 0 0 0 0 2 1 0 0 88 0 2 0 0 0 1 1 0 0 0 86 81 183 0 0 0 77 81 155 0 4 86 0 0 1 82 0 4 0 1 0 -1 0 1 19 0 14 0 72 89 1 0 0 1433 0 3 0 0 74 2 0 0 66 0 0 1 185 56 87 94 1 93 0 1504 19 1 1 1 0 2 0 0 19 87 0 0 0 0 0 0 73 0 2 0 0 98 1 0 1297 74 -1 0 0 0 1 0 0 0 0 0 78 1 0 0 0 1 0 0 0 88 83 73 0 88 0 0 17 1 0 0 0 74 14 81 0 0 2 72 1415 0 -1 0 81 0 0 0 0 72 0 0 107 1432 0 0 1 0 79 0 0 0 0 0 0 91 1315 0 0 1 0 1298 73 0 0 154 -1 0 0 0 79 0 73 0 0 81 1 0 0 1 0 0 2 0 0 0 0 1 0 0 0 79 1 2 83 85 0 0 0 0 0 0 0 0 87 0 1 0 1 1 94 82 3 91 0 0 0 177 0 0 0 0 0 83 73 0 2 0 0 0 99 0 -1 0 0 0 90 0 0 0 3 0 0 78 83 1 0 105 0 0 97 1 0 0 21 0 0 0 0 0 0 -1 71 2 154 0 0 0 0 0 0 0 0 0 0 0 153 0 1432 98 13 0 0 0 0 0 1 0 0 0 0 -1 0 0 0 3 74 0 0 95 73 89 17 77 99 0 82 0 73 0 0 -1 86 0 21 0 1 0 0 0 74 0 0 0 0 0 0 0 81 0 2 0 0 178 -1 0 1432 0 74 0 0 82 0 0 0 1 1 0 0 2 84 1 74 0 3 0 0 0 19 1 0 91 2 0 1513 151 98 1 0 0 1 0 1 0 56 0 0 86 68 0 67 77 1432 0 0 16 0 0 0 1 0 2 2 0 0 86 0 79 0 0 1 73 0 97 0 82 93 0 86 1 0 0 0 0 0 88 -1 0 78 0 0 73 0 0 0 94 
0 0 0 165 5 0 0 3 4 0 0 0 0 161 32 0 154 0 0 0 0 5 158 302 159 0 0 140 0 2 0 0 0 0 1 3 1 0 0 137 1 0 0 0 0 0 2372 4 0 1 2 0 0 0 1 0 146 0 159 0 0 156 0 170 154 5 0 1 0 0 146 0 4 1 193 0 2 161 0 0 162 177 5 0 140 3 0 2495 0 4 0 2699 2495 0 0 153 137 0 0 0 2 174 145 154 0 0 45 0 0 158 0 0 0 0 0 0 0 0 0 446 146 0 0 6 0 7 2 0 2 0 0 0 0 0 2 3 0 0 2 1 3 0 4 151 0 0 3 0 29 1 0 158 0 0 -1 0 0 0 141 2 140 22 0 2440 0 28 153 0 0 0 0 306 0 150 4 0 0 0 156 2 140 0 141 1 0 161 0 -1 153 187 3 1 160 29 136 0 0 0 0 163 4 0 0 284 -1 0 0 175 0 0 1 0 0 0 0 2 0 151 0 161 158 0 0 -1 158 0 175 177 0 0 0 0 142 177 1 0 0 0 1 198 2684 151 36 1 3 5 155 3 0 0 0 1 2725 152 0 0 162 1 0 142 34 0 0 0 165 0 0 0 303 39 0 165 0 0 0 1 1 172 0 1 1 0 0 0 0 0 0 166 0 0 0 164 158 0 0 3 1 0 26 150 0 161 299 0 1 0 0 0 26 31 0 33 0 26 0 2 0 0 1 0 0 0 148 5 0 154 0 5 0 1 23 0 0 154 2 166 0 152 6 0 0 1 0 163 2725 151 5 2601 0 1 286 0 0 0 158 0 0 0 0 0 143 145 141 0 0 0 1 2 0 0 23 0 0 32 155 0 3 5 0 0 0 9 0 -1 0 0 0 0 0 0 0 147 2 0 0 0 174 3 0 2495 2 32 3 0 0 0 0 0 0 2464 0 163 1 4 0 164 133 0 156 336 -1 1 0 0 162 1 136 171 38 0 3 0 162 167 0 157 146 2 2 175 156 162 0 0 0 160 35 2 301 2 0 0 165 0 0 1 -1 0 2 0 3 0 0 0 3 34 0 164 2780 0 0 160 148 0 5 4 0 0 0 0 0 149 0 0 2 2 0 0 0 0 150 39 0 148 7 0 0 0 0 0 4 3 0 2 0 0 171 0 0 0 0 0 156 2 152 0 155 152 0 2467 0 0 0 0 1 0 149 0 0 0 0 3 0 0 0 2475 0 170 0 1 166 0 0 0 0 0 0 35 0 0 0 194 0 2 0 0 0 0 2 2 0 0 158 0 3 0 0 0 2 3 0 0 0 163 142 325 0 1 0 196 160 338 0 4 145 2 0 2 166 0 6 0 6 0 -1 0 2 41 0 44 0 133 156 4 0 0 2726 0 6 0 0 146 1 4 0 156 0 0 0 331 166 164 173 1 167 0 2834 33 3 1 1 0 4 0 0 36 147 0 0 0 1 0 0 160 0 3 0 0 158 1 0 2462 144 -1 0 0 0 1 0 0 0 0 0 129 3 0 0 0 5 0 0 0 160 164 165 0 148 0 0 34 1 1 0 0 164 28 148 0 0 3 143 2693 0 -1 0 157 0 1 2 0 162 0 0 211 2725 0 0 0 0 190 0 0 0 0 0 0 167 2495 3 0 4 0 2459 172 0 0 328 -1 0 0 0 161 6 162 0 0 142 0 0 0 4 0 0 1 0 0 0 0 0 0 2 0 164 2 10 165 157 0 0 0 0 0 0 0 0 147 0 2 0 1 3 175 145 4 174 0 0 0 320 0 3 0 0 0 152 145 0 2 0 0 0 162 0 -1 0 0 1 153 0 0 0 1 0 0 128 158 4 0 157 0 0 161 1 0 0 25 0 0 0 0 0 0 -1 164 0 315 0 0 2 0 0 0 0 1 0 0 1 308 0 2725 161 22 0 0 0 3 0 2 0 0 0 0 -1 0 0 0 0 155 0 0 158 163 141 28 162 150 0 153 4 168 2 0 -1 145 1 44 0 2 2 0 0 154 0 0 0 0 1 0 0 144 0 4 0 0 299 -1 3 2725 0 166 0 0 148 0 0 0 3 1 0 0 2 153 1 137 0 3 0 0 0 34 0 0 151 0 0 2856 290 152 1 0 0 2 0 1 0 166 0 0 159 153 0 168 144 2725 0 0 31 0 0 0 1 2 2 4 0 0 145 0 164 0 0 0 163 0 144 2 157 170 0 146 1 0 3 0 0 0 160 -1 0 147 0 1 163 0 0 0 155 
1 0 0 262 3 0 0 7 3 0 0 0 0 242 52 0 230 0 0 0 0 2 280 448 216 0 0 280 0 6 0 0 0 0 4 5 3 0 0 236 2 0 0 0 0 0 3934 2 3 0 2 0 0 0 1 0 247 0 231 0 0 256 0 251 252 2 0 4 0 0 241 0 6 1 253 0 8 257 0 0 269 251 6 0 246 5 0 4135 0 3 0 4212 4135 0 3 229 262 0 0 0 0 281 263 238 0 0 60 0 0 280 0 2 0 1 0 0 0 0 0 714 230 0 0 7 0 3 3 0 3 2 0 0 0 0 4 2 0 0 2 1 6 1 4 253 0 0 9 4 51 1 0 230 7 0 -1 1 0 0 265 2 245 55 2 4031 0 45 250 0 1 0 0 475 0 256 2 0 0 0 248 0 280 0 261 4 0 246 0 -1 267 256 3 3 253 58 251 0 0 0 0 271 4 0 0 526 -1 0 0 251 0 0 5 0 0 0 0 3 0 226 0 244 225 0 0 -1 225 0 241 270 0 5 0 0 276 269 3 0 0 0 2 263 4199 242 63 2 4 7 259 1 0 0 0 5 4250 271 0 0 250 4 0 260 57 0 0 1 262 0 0 0 513 51 0 267 0 0 0 0 3 221 2 4 0 0 0 0 0 0 0 221 0 0 0 208 243 0 0 4 4 1 52 221 0 253 489 1 2 0 0 0 50 66 0 53 0 63 0 4 0 0 0 0 0 1 219 1 0 260 6 8 0 0 58 1 0 247 1 210 0 224 2 0 0 3 0 250 4250 222 8 4008 0 7 474 1 0 0 217 0 0 0 0 0 252 240 243 0 0 0 0 7 0 0 51 0 0 49 260 0 9 3 0 0 0 6 0 -1 3 0 0 0 0 0 0 253 2 0 0 0 261 3 0 4135 5 49 4 0 0 0 0 2 0 4095 0 260 3 3 1 249 256 0 323 498 -1 2 0 1 253 2 284 249 63 0 4 0 258 242 0 268 271 3 8 237 248 218 0 0 1 242 51 3 519 2 0 0 220 0 0 3 -1 0 3 0 1 0 0 0 0 59 0 263 4344 0 1 233 233 0 4 7 0 0 0 0 0 254 0 0 1 2 0 0 0 0 236 51 3 238 8 0 0 1 0 0 1 7 0 2 1 0 258 0 0 0 0 0 273 3 252 0 260 227 0 4081 0 0 0 0 0 0 228 0 0 0 0 2 0 0 0 4091 0 254 0 2 253 0 0 0 0 1 0 53 0 0 0 311 0 0 0 0 0 0 1 1 0 0 268 0 3 0 0 0 4 1 0 0 0 250 257 498 0 1 0 257 279 524 0 2 262 5 0 6 244 0 9 0 5 0 -1 0 4 43 0 53 0 280 231 2 0 0 4251 0 7 0 0 268 2 1 0 265 0 0 0 521 242 246 260 1 265 0 4417 66 3 1 4 0 3 0 0 53 275 0 0 0 4 0 0 270 0 3 0 0 250 5 0 4075 236 -1 0 0 0 4 0 0 0 0 0 231 2 0 0 0 2 0 0 0 277 249 258 0 276 0 0 45 3 0 0 0 216 43 263 0 0 3 231 4196 0 -1 0 232 0 0 3 0 217 0 0 304 4250 5 0 0 0 259 0 0 0 1 0 0 253 4135 4 0 3 0 4098 220 0 0 440 -1 0 0 0 246 5 269 0 0 266 4 0 0 3 0 0 3 0 0 0 0 1 0 3 0 262 4 11 263 262 0 0 0 0 0 0 0 0 275 0 3 0 1 3 255 233 4 236 0 0 0 531 0 2 0 0 0 237 246 0 8 0 0 0 245 0 -1 0 0 3 251 0 0 0 2 0 0 230 233 2 0 252 0 0 251 1 0 0 59 0 0 0 0 0 0 -1 258 3 511 0 0 5 0 0 0 0 4 0 0 1 458 0 4250 244 46 0 0 0 4 0 4 0 0 0 0 -1 0 0 0 2 280 0 0 235 271 283 52 262 254 0 236 3 268 2 0 -1 262 2 60 0 3 2 0 0 279 0 0 0 0 0 0 0 260 0 8 0 0 491 -1 3 4250 0 263 0 0 256 0 0 0 4 1 1 0 2 241 2 236 0 3 4 0 0 54 0 0 223 0 0 4484 485 252 1 0 0 4 0 4 0 242 0 0 244 248 0 212 260 4250 0 0 52 0 0 0 2 5 1 0 0 0 262 0 262 0 0 2 255 0 249 3 262 257 0 274 1 0 2 0 0 0 234 -1 0 231 0 0 271 0 0 0 243 
0 0 0 201 3 0 0 0 4 0 0 0 0 207 47 0 216 0 0 0 0 2 255 440 201 0 0 228 0 6 0 0 0 0 2 2 3 0 0 236 2 0 0 0 0 0 3359 7 5 0 0 0 0 0 1 0 232 0 213 0 0 219 0 248 187 4 0 2 0 0 229 0 3 4 204 0 3 197 0 0 217 250 3 0 190 2 0 3533 0 4 0 3609 3533 0 3 222 191 0 0 0 0 229 207 184 0 0 39 0 0 255 0 5 0 1 0 0 0 0 0 644 225 0 0 5 0 1 3 0 5 5 0 0 0 0 2 7 0 0 5 1 2 0 4 197 0 0 10 4 43 1 0 231 6 0 -1 0 0 0 218 4 227 50 1 3453 0 52 211 0 1 0 0 447 0 205 1 0 0 0 216 5 228 0 204 4 0 209 0 -1 203 214 6 10 226 54 206 0 0 0 0 220 4 0 0 389 -1 0 0 222 0 0 3 0 0 0 0 4 0 226 0 233 218 0 0 -1 218 0 220 216 0 4 0 0 223 214 1 0 0 0 1 208 3603 181 40 5 2 8 219 2 0 0 0 2 3649 222 0 0 217 4 0 213 53 0 1 2 201 0 0 0 417 45 0 226 0 0 0 1 3 233 0 4 1 0 0 0 1 0 0 206 0 0 0 221 217 0 0 2 3 1 38 212 0 194 427 0 1 0 0 0 48 57 0 44 0 40 0 4 0 0 0 0 0 1 209 3 0 207 3 2 0 0 35 1 0 226 3 213 0 209 3 0 0 0 0 227 3649 205 4 3467 0 4 411 0 0 0 231 0 0 0 0 0 228 228 214 0 0 0 0 2 0 0 42 0 0 51 209 0 5 3 0 0 0 9 0 -1 2 0 0 0 0 0 0 197 2 0 0 0 226 2 0 3533 6 51 3 0 0 0 0 1 0 3490 0 224 4 3 0 210 187 0 236 422 -1 4 0 0 209 0 185 237 41 0 2 0 200 212 0 226 222 3 1 211 216 208 0 0 1 208 41 3 406 4 0 0 205 0 0 1 -1 0 9 0 4 2 0 0 3 38 0 200 3763 0 1 188 176 0 7 9 0 0 0 0 0 220 0 0 1 6 0 0 0 0 202 45 3 200 3 0 0 0 0 0 4 4 0 2 0 0 206 0 0 0 0 0 206 1 205 0 205 228 0 3485 0 0 0 0 0 0 206 0 0 0 0 3 0 0 0 3487 0 221 0 3 217 0 0 0 0 2 0 42 0 0 0 249 0 1 0 0 0 0 2 4 0 0 215 0 2 0 0 0 2 2 0 0 0 227 228 420 0 3 0 203 255 412 0 8 227 4 0 7 199 0 7 0 3 0 -1 0 3 41 0 48 0 187 223 0 0 0 3650 0 6 0 0 247 2 3 0 204 1 0 0 451 238 210 219 2 203 0 3814 40 2 1 1 0 3 0 0 34 212 0 0 0 5 0 0 203 0 0 0 0 204 5 1 3491 218 -1 0 0 0 7 0 0 0 0 0 234 6 0 0 0 1 2 0 0 227 193 198 0 213 0 0 52 3 0 0 0 204 53 234 0 0 4 216 3595 0 -1 0 214 0 0 4 0 199 0 0 267 3649 2 0 1 0 203 0 0 0 1 0 0 209 3533 3 0 1 0 3484 230 0 0 469 -1 0 0 0 209 4 210 0 0 204 3 0 0 1 0 0 4 0 0 0 0 0 0 4 0 227 3 5 214 212 0 0 0 0 0 0 0 0 212 0 1 0 1 3 205 195 2 210 0 0 0 452 0 5 0 0 0 204 221 0 2 0 0 0 234 0 -1 0 0 1 203 0 0 0 5 0 0 226 200 2 0 190 0 0 209 1 0 0 46 0 0 0 0 0 0 -1 217 3 420 0 0 0 0 0 0 0 2 0 0 0 404 0 3649 233 35 0 0 0 4 0 1 0 0 0 0 -1 0 0 0 4 215 0 0 205 212 226 35 218 217 0 207 6 222 4 0 -1 227 3 39 0 0 1 0 0 220 0 0 0 0 1 0 0 232 0 4 0 0 409 -1 3 3649 0 202 0 0 235 0 0 0 0 3 2 0 8 214 4 236 0 1 4 0 0 40 0 0 214 0 0 3885 434 205 1 0 0 1 0 2 0 238 0 0 218 231 0 214 217 3649 0 0 36 0 0 0 1 1 1 4 0 0 227 0 227 0 0 8 197 0 221 1 222 215 0 212 1 0 3 1 0 0 218 -1 0 226 0 1 212 0 0 0 203 
0 0 0 113 2 0 0 1 2 0 0 0 0 99 22 0 102 0 0 0 0 1 92 187 106 0 0 88 0 0 0 0 0 0 0 2 2 0 0 102 2 0 0 0 0 0 1558 1 2 0 1 0 0 0 1 0 111 0 101 0 0 92 0 111 101 2 0 1 0 0 100 0 0 1 103 0 2 113 0 0 108 115 1 0 77 0 0 1630 0 0 0 1701 1630 0 1 92 97 0 0 0 0 100 93 112 0 0 21 0 0 92 0 2 0 0 0 0 0 0 0 279 114 0 0 1 0 3 1 0 1 0 0 0 0 0 1 0 0 0 2 1 1 0 2 84 0 0 2 4 18 1 0 97 2 0 -1 0 0 0 78 1 110 17 0 1586 0 26 90 0 0 0 0 203 0 100 1 0 0 0 121 5 88 0 92 1 0 97 0 -1 99 104 1 1 102 17 106 0 0 0 0 109 1 0 0 184 -1 0 0 108 0 0 2 0 0 0 0 1 0 90 0 108 94 0 0 -1 94 0 114 115 0 1 0 0 96 117 2 0 0 0 0 103 1702 99 17 1 0 2 91 3 0 0 0 1 1721 86 0 0 105 1 0 90 21 0 0 0 113 1 0 0 175 18 0 95 0 0 0 0 2 82 0 1 1 0 0 0 0 0 0 107 0 0 0 78 100 0 0 1 1 0 19 97 0 111 211 0 1 0 0 0 24 22 1 19 0 14 0 1 0 0 0 0 0 0 96 1 0 102 1 0 0 0 26 0 0 78 1 104 0 105 1 0 0 2 0 100 1721 104 5 1639 0 2 193 0 0 0 107 0 0 0 0 0 108 99 90 0 0 0 0 2 0 0 26 0 0 27 104 0 3 1 0 0 0 2 0 -1 2 0 0 0 0 0 0 83 0 0 0 0 110 3 0 1630 2 29 0 0 0 0 0 2 0 1609 0 106 1 1 1 89 94 0 107 176 -1 0 0 0 101 0 103 113 23 0 0 0 112 105 0 118 110 1 3 95 121 107 0 0 0 95 23 1 192 0 0 0 106 0 0 0 -1 0 2 0 3 0 0 0 3 13 0 112 1743 0 1 102 107 0 1 2 0 0 0 0 0 89 0 0 0 0 0 0 0 0 90 18 1 70 3 0 0 0 0 0 2 5 0 0 0 0 113 0 0 0 0 0 99 0 97 0 103 90 0 1610 0 0 0 0 0 0 88 0 0 0 0 0 0 0 0 1610 0 106 0 0 86 0 0 0 0 0 0 19 0 0 0 125 0 0 0 0 0 0 1 1 0 0 107 0 0 0 0 0 2 1 0 0 0 100 87 190 0 0 0 103 92 199 0 0 111 3 0 7 106 0 3 0 0 0 -1 0 1 23 0 31 0 103 93 0 0 0 1722 0 2 0 0 90 1 0 0 99 0 0 0 206 101 104 92 1 112 0 1797 25 1 1 1 0 0 0 0 21 94 0 0 0 1 0 0 102 0 0 0 0 100 2 0 1609 108 -1 0 0 0 0 0 0 0 0 0 97 1 0 0 0 1 0 0 0 91 105 112 0 95 0 0 23 3 0 0 0 106 19 89 0 0 0 109 1693 0 -1 0 112 0 0 0 0 103 0 0 115 1721 2 0 1 0 103 0 0 0 1 0 0 87 1630 2 0 0 0 1607 83 0 0 187 -1 0 0 0 97 0 106 0 0 90 5 0 0 2 0 0 1 0 0 0 0 0 0 3 0 107 3 6 88 104 0 0 0 0 0 0 0 0 94 0 2 0 1 2 113 89 6 94 0 0 0 204 0 1 0 0 0 90 109 0 3 0 0 0 109 0 -1 0 0 0 101 0 0 0 1 0 0 99 86 0 0 102 0 0 101 1 0 0 21 0 0 0 0 0 0 -1 90 0 198 0 0 2 0 0 0 0 0 0 0 0 192 0 1721 108 18 0 0 0 2 0 3 0 0 0 0 -1 0 0 0 0 91 0 0 100 105 89 17 106 112 0 95 2 94 1 0 -1 111 2 21 0 0 2 0 0 95 0 0 0 0 0 0 0 88 0 2 0 0 206 -1 2 1721 0 114 0 0 113 0 0 0 2 1 0 0 2 99 2 102 0 1 3 0 0 19 0 0 93 1 0 1818 192 97 1 0 0 1 0 2 0 101 0 0 101 84 0 80 108 1721 0 0 16 0 0 0 1 0 1 2 0 0 111 0 107 0 0 1 111 0 93 0 99 91 0 92 1 0 2 0 0 0 103 -1 0 115 0 1 105 0 0 0 96 
1 0 0 205 4 0 0 1 4 0 0 0 0 224 33 0 212 0 0 0 0 2 202 431 215 0 0 227 0 1 0 0 0 0 5 1 1 0 0 210 1 0 0 1 0 0 3343 1 3 0 5 0 0 0 1 0 220 0 226 0 0 235 0 223 206 4 0 3 0 0 218 0 6 3 244 0 1 203 0 0 215 226 5 0 227 4 0 3523 0 2 0 3781 3523 0 0 231 231 0 2 0 0 209 217 249 0 0 53 0 0 202 0 2 0 1 0 0 0 0 0 661 227 0 0 4 0 4 6 0 4 4 0 0 0 0 4 1 0 0 1 1 4 0 2 242 1 0 2 4 48 1 0 204 2 0 -1 0 0 0 198 3 216 46 0 3429 0 50 227 0 0 0 0 448 0 229 2 0 0 0 233 1 227 0 214 0 0 239 0 -1 230 235 1 2 200 47 245 0 0 0 0 220 5 0 0 432 -1 0 0 195 0 0 3 0 0 0 0 2 0 215 0 228 218 0 0 -1 218 0 230 220 0 3 0 0 235 227 0 0 0 0 3 249 3777 202 44 3 1 9 237 1 0 0 0 3 3818 200 0 0 200 2 0 228 43 0 0 1 205 0 0 0 477 41 0 202 0 0 0 2 1 213 0 5 3 0 0 0 1 0 0 225 0 0 3 206 244 0 0 4 1 2 53 209 0 197 442 0 3 0 0 0 47 45 0 48 0 42 0 1 0 0 0 0 0 0 208 5 0 237 1 3 0 0 31 0 0 224 1 254 0 218 1 0 0 2 0 225 3818 214 1 3636 0 0 426 1 0 0 232 0 0 0 0 0 213 217 206 0 0 0 0 3 0 0 38 0 0 56 216 0 6 1 0 0 0 6 0 -1 0 0 0 0 0 0 0 239 3 0 0 0 221 3 0 3523 4 56 2 0 0 0 0 3 0 3474 0 203 5 0 0 218 229 0 256 461 -1 2 0 0 249 0 216 217 46 0 4 0 203 185 0 253 220 1 11 208 233 229 0 0 1 233 55 5 445 6 0 0 224 0 0 2 -1 0 4 0 5 0 0 0 2 43 0 206 3895 0 0 184 246 0 3 7 0 0 0 0 0 230 0 0 2 4 0 0 0 0 214 41 5 220 4 0 0 1 0 0 2 1 0 0 0 0 223 0 0 0 0 0 231 5 234 0 235 222 0 3479 0 0 0 0 0 0 208 0 0 0 0 7 0 0 0 3485 0 217 0 3 206 0 0 0 0 4 0 50 0 0 0 273 0 0 0 0 0 0 4 1 0 0 217 0 5 0 0 0 2 2 0 0 0 225 217 412 0 1 0 243 202 462 0 1 225 1 0 2 193 0 10 0 2 0 -1 0 4 44 0 53 0 212 235 6 0 0 3819 0 4 0 0 194 2 1 0 228 0 0 0 433 220 229 230 1 229 0 3986 52 0 1 4 0 6 0 0 20 228 0 0 0 4 0 0 219 1 2 0 0 244 4 0 3469 214 -1 0 0 0 3 0 0 0 0 0 233 3 1 0 0 2 1 0 0 208 189 202 0 229 0 0 42 2 0 0 0 223 48 226 0 0 2 211 3770 0 -1 0 196 0 0 2 0 214 0 0 273 3818 3 0 0 0 244 0 0 0 5 0 0 217 3523 3 0 1 0 3481 210 0 0 445 -1 0 0 0 239 5 220 0 0 218 3 0 0 2 0 0 3 0 0 0 0 2 0 2 0 204 0 6 201 212 0 0 0 0 0 0 0 0 228 0 7 0 1 5 219 208 2 207 0 0 0 454 0 3 0 0 0 214 209 0 5 0 1 0 229 0 -1 0 0 4 234 0 0 0 3 0 0 223 229 1 0 209 0 0 248 1 0 0 57 0 0 0 0 0 0 -1 201 2 475 0 0 3 0 0 0 0 4 0 0 1 445 0 3818 228 38 0 0 0 2 0 7 0 0 0 0 -1 0 0 0 3 218 0 0 211 221 226 45 202 239 0 234 1 202 3 0 -1 225 2 53 0 1 5 0 0 222 0 0 0 0 2 0 0 222 0 5 0 0 472 -1 1 3818 0 206 0 0 223 0 0 0 5 3 0 0 6 243 3 210 0 0 5 0 0 47 0 0 208 4 0 4051 429 234 1 0 0 1 0 3 0 220 0 0 245 227 0 201 218 3818 0 0 29 0 0 0 1 3 2 5 0 0 225 0 204 0 0 1 201 0 212 2 228 226 0 225 1 0 4 0 0 0 230 -1 0 228 0 3 221 0 0 0 244 
0 0 0 93 1 0 0 2 0 0 0 0 0 101 17 0 93 0 0 0 0 2 90 177 87 0 0 78 0 0 0 0 0 0 1 3 0 0 0 114 0 0 0 0 0 0 1368 0 2 0 2 0 0 1 1 0 87 0 86 0 0 81 0 83 89 0 0 1 0 0 77 0 1 1 76 0 2 91 0 0 94 87 1 0 82 0 0 1427 0 2 0 1448 1427 0 1 99 103 0 0 0 0 83 88 80 0 0 10 0 0 90 0 0 0 0 0 0 0 0 0 272 86 0 0 4 0 1 3 0 1 2 0 0 0 0 1 2 0 0 1 1 2 0 1 85 0 0 4 0 15 1 0 75 2 0 -1 0 0 0 101 2 86 15 0 1392 0 22 82 0 0 0 0 165 0 85 0 0 0 0 86 2 78 0 88 2 0 70 0 -1 84 99 2 1 93 29 77 0 0 0 0 96 1 0 0 164 -1 0 0 98 0 0 2 0 0 0 0 0 0 87 0 96 73 0 0 -1 73 0 81 76 0 0 0 0 100 78 2 0 0 0 1 79 1445 87 26 0 2 1 83 0 0 0 0 0 1466 96 0 0 95 1 0 98 25 0 0 1 93 0 0 0 168 20 0 78 0 0 0 0 2 91 0 0 2 0 0 0 0 0 0 90 0 0 0 86 94 0 0 1 3 0 20 89 0 92 192 0 4 0 0 0 15 18 0 20 0 17 0 2 0 0 0 0 0 0 86 1 0 86 1 1 0 1 16 0 0 80 2 88 0 80 1 0 0 2 0 86 1466 79 0 1388 0 1 161 0 0 0 95 0 0 0 0 0 87 76 89 0 0 0 0 1 0 0 20 0 0 19 95 0 8 1 0 0 0 0 0 -1 2 0 0 0 0 0 0 84 1 0 0 0 89 2 0 1427 0 19 1 0 0 0 0 1 0 1412 1 96 0 2 1 79 99 0 107 198 -1 1 0 0 99 1 89 85 15 0 0 0 92 89 0 99 90 3 1 77 86 90 0 0 0 70 19 1 179 2 0 0 89 0 0 0 -1 0 1 0 2 0 0 0 1 21 0 90 1498 0 0 80 77 0 3 1 1 0 0 0 0 85 0 0 1 0 0 0 0 0 85 20 1 96 1 0 0 1 0 0 1 4 0 0 0 0 75 0 0 0 0 0 86 0 95 0 86 88 0 1414 0 0 0 0 1 0 85 0 0 0 0 3 0 0 0 1411 0 87 0 1 93 0 0 0 0 2 0 23 0 0 0 113 0 0 0 0 0 0 2 1 0 0 92 0 0 0 0 0 0 2 0 0 0 86 86 166 0 0 0 77 90 181 0 2 93 0 0 2 82 0 3 0 1 0 -1 0 1 17 0 21 0 87 102 0 0 0 1467 0 1 0 0 89 2 2 0 86 0 0 0 177 79 104 83 1 74 0 1532 21 0 1 0 0 0 0 0 20 88 0 0 0 3 0 0 97 0 3 0 0 96 1 0 1401 91 -1 0 0 0 1 0 0 0 0 0 93 1 0 0 0 1 0 0 0 103 83 91 0 89 0 0 21 0 0 0 0 89 20 88 0 0 1 88 1450 0 -1 0 86 0 0 1 0 88 0 0 99 1466 2 0 0 0 78 0 0 0 0 0 0 77 1427 0 0 1 0 1413 91 0 0 188 -1 0 0 0 70 0 95 0 0 83 1 0 0 3 0 0 0 0 0 0 0 0 0 2 0 97 1 3 88 88 0 0 0 0 0 0 0 0 88 0 0 0 1 2 76 84 0 76 0 0 0 169 0 1 0 0 0 85 85 0 4 0 0 0 97 0 -1 0 0 2 86 0 0 0 3 0 0 90 70 2 0 90 0 0 99 1 0 0 25 0 0 0 0 0 0 -1 73 1 179 0 0 2 0 0 0 0 1 0 0 1 167 0 1466 96 24 0 0 0 0 0 0 0 0 0 0 -1 0 0 0 1 70 0 0 76 96 76 11 93 92 0 93 0 78 2 0 -1 93 0 11 0 1 2 0 0 71 0 0 0 0 0 0 0 87 0 2 0 0 176 -1 2 1466 0 94 0 0 92 0 0 0 1 1 0 0 3 94 1 114 0 0 2 0 0 22 0 0 89 0 0 1559 172 95 1 0 0 3 0 0 0 79 0 0 95 85 0 87 89 1466 0 0 10 0 0 0 2 1 2 1 0 0 93 0 97 0 0 0 91 0 95 0 100 81 0 88 1 0 0 0 0 0 88 -1 0 87 0 2 96 0 0 0 95 
2 0 0 245 3 0 0 6 2 0 0 1 0 261 54 0 231 0 0 0 0 4 248 433 232 0 0 242 0 3 0 0 0 0 3 3 1 0 0 236 5 0 0 0 0 0 3738 3 3 0 1 0 0 0 2 0 247 0 227 0 0 255 0 231 237 3 0 5 0 0 259 0 2 4 197 0 1 241 0 0 244 240 0 0 259 2 0 3908 0 3 0 4069 3908 0 2 238 238 0 0 0 3 262 236 243 0 0 70 0 0 248 0 3 0 0 0 0 0 0 0 647 241 0 0 5 0 3 6 0 6 5 0 0 0 0 2 2 0 0 1 1 4 0 1 266 0 0 7 7 59 1 0 224 5 0 -1 1 0 0 212 5 241 63 0 3796 0 59 254 0 1 0 0 488 0 240 2 0 0 0 247 2 242 0 242 1 0 219 0 -1 244 237 2 3 248 48 230 0 0 0 0 249 4 0 0 487 -1 0 0 254 0 0 3 0 0 0 0 5 0 211 0 240 267 0 1 -1 267 0 274 240 0 3 0 0 216 241 4 0 0 0 6 200 4066 237 45 3 8 12 261 3 0 0 0 3 4115 238 0 0 246 2 0 211 50 0 0 0 245 0 0 0 527 48 0 217 0 0 0 0 1 217 0 6 5 0 0 0 3 0 0 241 0 0 0 208 247 0 0 2 2 0 49 217 0 239 449 0 5 0 0 0 48 58 0 57 0 51 0 2 0 0 2 0 0 0 214 8 0 246 3 3 0 0 40 2 0 258 7 223 0 261 2 0 0 1 0 257 4115 257 4 3911 0 5 491 1 0 0 224 0 0 0 0 0 234 258 250 0 0 0 0 3 0 0 46 0 0 50 209 0 5 3 0 0 0 6 0 -1 3 0 0 0 0 0 0 265 0 0 0 0 250 3 0 3908 5 51 2 0 0 0 0 2 0 3858 0 257 0 3 0 238 229 0 278 482 -1 2 0 0 251 2 244 225 37 0 7 0 243 247 0 248 237 2 1 265 247 246 0 1 0 215 48 4 489 1 0 0 240 0 0 3 -1 0 1 0 1 2 0 0 0 44 0 238 4217 0 2 230 237 0 3 2 0 0 0 0 0 262 0 0 0 2 0 0 0 0 253 48 1 238 1 0 0 0 0 0 5 7 0 3 0 0 232 0 0 0 0 0 245 1 222 0 243 216 0 3845 0 0 0 0 0 0 253 0 0 0 0 4 0 0 0 3843 0 241 0 2 268 0 0 0 0 3 0 51 0 0 0 267 0 2 0 0 0 0 3 3 0 0 243 0 1 0 0 0 3 2 0 0 0 257 217 508 0 0 0 194 250 473 0 0 201 2 0 6 235 0 4 0 3 0 -1 0 4 49 0 56 0 242 240 4 0 0 4116 0 3 0 0 239 4 2 0 240 0 0 0 495 230 264 245 1 232 0 4280 52 1 1 2 0 4 0 0 51 247 0 0 0 6 0 0 219 0 2 0 0 247 3 0 3855 237 -1 0 0 0 8 0 0 0 0 0 259 6 1 0 0 4 1 0 0 245 232 243 0 248 0 0 46 4 0 0 0 237 53 221 0 0 7 234 4067 0 -1 0 241 0 2 2 0 232 0 0 297 4115 5 0 1 0 197 0 0 0 4 0 0 232 3908 6 0 3 0 3846 215 0 0 454 -1 0 0 0 219 1 215 0 0 238 3 0 0 7 0 0 2 0 0 0 0 0 0 3 0 259 1 7 261 244 0 0 0 0 0 0 0 0 247 0 1 0 1 4 233 248 4 264 0 0 0 496 0 1 0 0 0 255 235 0 6 0 0 0 241 0 -1 0 0 4 245 0 0 0 2 0 0 247 252 6 0 243 0 0 247 1 0 0 47 0 0 0 0 0 0 -1 208 5 490 0 0 5 0 0 0 0 3 0 0 0 483 0 4115 240 56 0 0 0 2 0 4 0 0 0 0 -1 1 0 0 3 248 0 0 251 215 244 54 267 237 0 240 1 217 4 0 -1 201 1 69 0 3 4 0 0 255 0 0 0 0 1 0 0 220 0 3 0 0 509 -1 2 4115 0 246 0 0 245 0 0 0 2 1 0 0 2 246 2 236 0 2 1 0 0 49 0 0 215 2 0 4371 513 222 1 0 0 5 0 3 0 230 0 0 248 262 0 203 222 4115 0 0 46 0 0 0 3 3 6 2 0 0 201 0 259 0 0 4 242 0 262 6 271 242 0 240 1 0 3 0 0 0 229 -1 0 242 0 4 215 0 0 0 241 
1 0 0 237 4 0 0 4 5 0 0 0 0 228 48 0 226 0 0 0 0 4 235 495 260 0 0 239 0 3 0 0 0 0 8 4 1 0 0 239 4 0 0 0 0 0 3744 2 4 1 1 0 0 0 1 0 251 0 255 0 0 264 0 256 240 4 0 2 0 0 268 0 4 4 249 0 3 234 0 0 220 258 5 0 237 10 0 3924 0 4 0 4069 3924 0 3 236 269 0 0 0 0 243 246 240 0 0 51 0 0 235 0 5 0 0 0 0 0 0 0 715 217 0 0 5 0 9 3 0 8 3 0 0 0 0 5 4 0 0 2 1 3 0 3 244 1 0 2 4 45 1 0 226 2 0 -1 2 0 0 263 4 242 57 1 3839 0 55 255 0 1 0 0 526 0 251 3 0 0 0 235 3 239 0 249 3 1 232 0 -1 261 263 3 2 222 41 221 0 0 0 0 223 4 0 0 488 -1 0 0 253 0 0 2 0 0 0 0 3 0 235 0 247 227 0 0 -1 227 0 256 229 0 2 0 0 251 227 4 0 0 0 0 254 4062 235 63 3 1 6 263 4 0 0 0 4 4107 252 0 0 223 3 0 246 44 0 0 2 237 0 0 0 506 45 0 236 0 0 0 0 4 256 1 4 3 0 0 0 1 0 0 264 0 0 1 246 250 0 0 3 7 1 47 253 0 233 447 0 1 0 0 0 46 54 0 56 0 57 0 2 0 0 1 0 0 2 250 3 0 253 4 4 0 0 63 0 0 250 1 242 0 272 2 0 0 4 0 239 4107 268 7 3924 0 4 506 0 0 0 262 0 0 0 0 0 247 267 264 0 0 0 0 1 0 0 43 0 0 50 241 0 6 4 0 0 0 1 0 -1 1 0 0 0 0 0 0 242 5 0 0 0 236 3 0 3924 4 50 3 0 0 0 1 4 0 3863 0 234 5 3 1 224 269 0 283 509 -1 2 0 1 250 1 236 251 39 0 5 1 234 237 0 248 248 3 11 255 235 265 0 0 1 230 67 3 490 3 0 0 263 0 0 0 -1 0 3 0 2 0 0 0 1 59 0 236 4218 0 1 228 244 0 3 5 0 0 0 0 0 261 0 0 1 2 0 0 0 0 253 45 3 244 9 0 0 1 0 0 1 5 0 3 0 0 219 0 0 0 0 0 264 3 242 0 248 242 0 3870 0 0 0 0 1 0 251 0 0 0 0 1 0 0 0 3875 0 228 0 5 243 1 0 0 0 4 0 58 0 0 0 274 0 0 0 0 0 0 4 3 0 0 222 0 4 0 0 0 2 3 0 0 0 239 217 501 0 1 0 250 231 516 0 7 224 4 0 9 228 0 7 0 6 0 -1 0 2 49 0 47 0 235 241 3 0 0 4108 0 8 0 0 231 2 3 0 261 0 0 0 480 235 234 230 1 216 0 4313 57 2 2 2 0 2 0 0 52 255 0 0 0 3 0 0 253 0 4 0 0 244 6 0 3863 228 -1 0 0 0 8 0 0 0 0 0 233 3 0 0 0 3 1 0 0 255 231 235 0 256 0 0 47 4 0 0 0 258 47 227 0 0 3 223 4058 0 -1 0 250 0 1 4 0 258 0 0 279 4107 3 0 0 0 250 0 0 0 5 0 0 214 3924 7 0 5 0 3879 253 0 0 516 -1 0 0 0 232 0 247 0 0 247 3 0 0 6 0 0 4 0 0 0 0 1 0 1 0 235 5 8 225 220 0 0 0 0 0 0 1 0 255 0 4 0 1 5 223 244 1 254 0 0 0 473 0 5 0 0 0 252 241 0 7 0 0 0 248 0 -1 0 0 2 252 0 0 0 3 0 0 229 228 2 0 243 0 0 247 1 0 0 42 0 0 0 0 0 0 -1 222 5 512 0 0 4 0 0 0 0 3 0 0 2 501 0 4107 247 52 0 0 0 3 0 6 0 0 0 0 -1 0 0 0 1 218 0 0 267 248 237 44 231 234 2 245 2 234 1 0 -1 224 4 51 0 1 3 0 0 226 0 0 0 0 1 0 0 227 0 3 0 0 520 -1 4 4107 0 238 0 0 254 0 0 0 4 6 1 0 3 249 5 239 0 1 4 0 0 58 0 0 250 3 0 4338 504 242 1 0 0 5 1 3 0 235 0 0 251 248 0 246 243 4107 0 0 55 0 0 0 5 2 4 4 0 1 224 0 235 0 0 5 229 0 272 4 251 226 0 254 1 0 3 0 0 0 258 -1 0 218 0 3 248 0 0 0 243 
0 0 0 89 1 0 0 1 3 0 0 0 0 82 14 0 96 0 0 0 0 1 91 170 84 0 0 88 0 0 0 0 0 0 0 1 1 0 0 80 1 0 0 0 0 0 1264 1 2 0 0 0 0 0 1 0 78 0 78 0 0 86 0 101 87 3 0 2 0 0 93 0 1 2 91 0 0 86 0 0 87 101 0 0 86 1 0 1345 0 2 0 1502 1345 0 2 92 82 0 0 0 1 101 96 99 0 0 19 0 0 91 0 0 0 0 0 0 0 0 0 232 85 0 0 2 0 3 1 0 0 0 0 0 0 0 0 1 0 0 2 1 4 0 0 89 0 0 1 2 11 1 0 98 0 0 -1 0 0 0 96 3 76 15 0 1308 0 13 85 0 0 0 0 173 0 74 2 0 0 0 91 0 88 0 104 1 0 95 0 -1 83 89 2 1 69 25 86 0 0 0 0 90 0 0 0 156 -1 0 0 82 0 0 3 0 0 0 0 1 0 94 0 104 94 0 0 -1 94 0 94 80 0 0 0 0 75 84 1 0 0 0 2 94 1496 84 19 2 2 2 86 0 0 0 0 1 1520 75 0 0 68 0 0 73 23 0 0 1 89 0 0 0 174 24 0 92 0 0 0 0 2 84 0 0 3 0 0 0 1 0 0 91 0 0 0 83 74 0 0 2 3 0 14 76 0 87 171 0 2 0 0 0 16 21 0 10 0 13 0 1 0 0 0 0 0 0 74 1 0 76 1 0 0 0 15 0 0 100 2 92 0 79 2 0 0 2 0 100 1520 75 1 1451 0 2 174 0 0 0 89 0 0 0 0 0 75 92 86 0 0 0 0 2 0 0 16 0 0 14 78 0 0 2 0 0 0 3 0 -1 0 0 0 0 0 0 0 87 0 0 0 0 79 1 0 1345 0 15 0 0 0 0 0 3 0 1325 0 70 0 0 0 84 80 0 89 174 -1 1 0 0 71 0 75 97 15 0 0 0 87 77 0 75 95 3 0 83 91 93 0 0 0 88 15 0 153 0 0 0 90 0 0 2 -1 0 0 0 0 1 0 0 5 17 0 85 1568 0 0 86 97 0 4 3 0 0 0 0 0 86 0 0 0 0 0 0 0 0 83 24 1 82 1 0 0 0 0 0 0 3 0 0 0 0 81 0 0 0 0 0 83 1 77 0 77 94 0 1330 0 0 0 0 0 0 81 0 0 0 0 1 0 0 0 1331 0 72 0 0 93 0 0 0 0 1 0 24 0 0 0 96 0 0 0 0 0 0 0 0 0 0 87 0 1 0 0 0 1 2 0 0 0 100 79 189 0 0 0 92 88 168 0 0 97 0 0 5 90 0 5 0 3 0 -1 0 1 26 0 24 0 75 92 2 0 0 1521 0 2 0 0 91 0 1 0 81 0 0 0 203 101 84 90 1 79 0 1570 12 2 1 2 0 2 0 0 19 104 1 0 0 0 0 0 75 0 0 0 0 71 0 0 1332 76 -1 0 0 0 0 0 0 0 0 0 86 0 1 0 0 1 0 0 0 78 86 88 0 105 0 0 14 0 0 0 0 90 17 81 0 0 1 75 1500 0 -1 0 93 0 0 2 0 87 0 0 108 1520 4 0 1 0 92 0 0 0 0 0 0 86 1345 2 0 0 0 1329 82 0 0 175 -1 0 0 0 95 1 78 0 0 101 0 0 0 1 0 0 0 0 0 0 0 1 0 0 0 72 0 3 94 85 0 0 0 0 0 0 0 0 104 0 0 0 1 3 83 81 1 82 0 0 0 197 0 0 0 0 0 84 72 0 2 0 0 0 105 0 -1 0 0 2 75 0 0 0 1 0 0 88 88 4 0 88 0 0 71 1 0 0 14 0 0 0 0 0 0 -1 88 1 156 0 0 2 0 0 0 0 1 0 0 0 172 0 1520 104 8 0 0 0 0 0 0 0 0 0 0 -1 0 0 0 0 89 0 0 96 79 87 14 72 70 0 69 0 93 0 0 -1 97 0 19 0 5 3 0 0 88 0 0 0 0 1 0 0 81 0 2 0 0 192 -1 0 1520 0 90 0 0 79 0 0 0 1 1 0 0 3 74 2 80 0 1 1 0 0 21 0 0 75 0 0 1607 166 77 1 0 0 0 0 1 0 101 0 0 75 101 1 78 93 1520 0 0 13 0 0 0 2 3 4 0 0 0 97 0 72 0 0 1 88 0 92 2 77 86 0 105 1 0 0 0 0 0 80 -1 0 86 0 1 79 0 0 0 70 
2 0 0 251 7 0 0 1 4 0 0 0 0 267 60 0 216 0 0 0 0 6 276 511 273 0 0 268 0 1 0 0 0 0 4 0 2 0 0 267 3 0 0 0 0 0 3791 5 4 0 5 0 0 1 1 0 242 0 248 1 0 232 0 247 246 3 0 1 0 0 262 0 2 5 254 0 4 247 0 0 242 257 7 0 225 7 0 3988 0 4 0 4202 3988 0 4 240 225 0 0 0 0 288 248 258 0 0 47 0 0 276 1 3 0 1 0 0 0 0 0 770 285 0 0 3 0 6 4 0 3 8 0 0 0 0 2 4 0 0 3 1 6 0 3 232 0 0 3 2 51 1 0 240 5 0 -1 1 0 0 254 4 239 36 0 3887 0 56 228 0 0 0 0 510 0 241 4 0 0 0 276 3 268 0 248 1 0 245 0 -1 254 267 4 4 243 54 230 0 0 0 0 244 2 0 0 438 -1 0 0 234 0 0 6 0 0 0 0 5 0 246 0 226 249 0 2 -1 249 0 226 228 0 7 0 0 205 227 6 0 0 0 4 260 4196 235 29 4 3 3 237 4 0 0 0 5 4262 228 0 0 240 2 0 200 61 0 0 1 251 0 0 0 470 66 0 253 0 1 0 0 6 261 1 2 3 0 0 0 0 0 0 280 0 0 1 249 275 0 0 4 0 2 45 263 0 246 524 0 6 0 0 0 57 52 0 45 0 46 0 5 0 0 1 0 0 0 259 1 0 241 2 2 0 0 56 0 0 254 2 275 0 241 5 0 0 2 0 286 4262 241 6 4059 0 2 479 0 0 0 246 0 0 0 0 0 237 261 256 0 0 0 0 2 0 0 50 0 0 62 232 0 7 2 0 0 0 2 0 -1 7 0 0 0 0 0 0 232 4 0 0 0 270 2 0 3988 3 63 3 0 0 0 1 1 0 3952 0 244 1 1 0 251 218 0 252 500 -1 0 0 0 241 0 219 245 50 0 5 0 249 223 0 281 240 2 3 287 276 283 0 0 1 235 50 1 485 4 0 0 279 0 0 2 -1 0 5 0 4 1 0 0 3 29 0 246 4379 0 0 229 256 0 3 10 0 0 0 0 0 235 0 0 1 5 0 0 0 0 256 66 3 229 4 0 0 1 0 0 3 3 0 0 0 0 217 0 0 0 0 0 259 3 264 0 237 248 0 3942 0 0 0 0 0 0 250 0 0 0 0 4 0 0 0 3942 0 258 0 2 227 0 0 0 0 4 0 48 0 0 0 284 0 0 0 0 0 0 3 4 0 0 240 0 5 0 0 0 2 1 1 0 0 286 250 447 0 3 0 252 276 524 0 5 267 4 0 6 239 0 6 0 2 0 -1 0 9 55 0 50 0 216 242 2 0 0 4263 0 4 0 0 260 5 1 0 258 1 0 0 509 255 273 259 1 224 0 4457 59 3 1 4 0 5 0 0 27 258 0 0 0 5 0 0 234 0 5 0 0 236 2 0 3943 250 -1 0 0 0 1 0 0 0 0 0 263 2 2 0 0 4 1 0 0 237 241 250 0 259 0 0 55 5 0 0 0 276 41 251 0 0 3 250 4200 0 -1 0 242 0 1 7 0 274 0 0 307 4262 3 0 0 0 254 0 0 0 1 0 0 251 3988 2 0 4 0 3945 259 0 0 504 -1 0 0 0 245 4 238 0 0 249 1 0 0 4 0 0 5 0 0 0 0 0 0 5 0 247 1 6 215 234 0 0 0 0 0 0 0 0 258 0 6 0 1 6 225 252 3 286 0 0 0 457 0 2 0 0 0 255 234 0 8 0 0 0 227 0 -1 0 0 4 238 0 0 0 4 0 0 256 247 2 0 250 0 0 240 1 0 0 48 0 0 0 0 0 0 -1 245 5 534 0 0 1 0 0 0 0 2 0 0 0 500 0 4262 226 41 0 1 0 4 0 1 0 0 0 0 -1 0 0 0 4 221 0 0 230 237 268 52 248 271 0 265 4 250 2 0 -1 267 2 47 0 2 2 0 0 224 0 0 0 0 0 0 0 249 0 5 0 0 534 -1 2 4262 0 252 0 0 247 0 0 0 2 1 1 0 2 273 1 267 0 1 1 0 1 45 0 0 264 3 0 4528 483 264 1 0 0 3 0 4 0 255 0 0 276 259 0 253 236 4262 0 0 53 0 0 0 2 5 4 4 0 0 267 0 247 0 0 4 249 0 265 1 247 255 0 260 1 0 6 0 0 0 248 -1 0 286 0 1 237 0 0 0 231 
0 0 0 214 2 0 0 3 3 0 0 0 0 231 52 0 233 0 0 0 0 3 256 438 242 0 0 233 0 5 0 0 0 0 3 0 4 0 0 239 1 0 0 0 0 0 3647 3 0 0 0 0 0 0 1 0 228 0 229 0 0 266 0 235 235 1 0 2 0 0 238 0 3 2 228 0 0 212 0 0 238 237 3 0 228 4 0 3816 0 2 0 4102 3816 0 1 236 239 0 0 0 0 245 233 225 0 0 50 0 0 256 0 3 0 0 0 0 0 0 0 717 259 0 0 6 0 6 2 0 6 4 0 0 0 0 3 4 0 0 4 1 5 0 1 240 0 0 3 4 37 1 0 244 4 0 -1 1 0 0 234 2 219 51 3 3714 0 54 266 0 1 0 0 472 0 255 5 0 0 0 254 3 233 0 222 0 0 213 0 -1 218 238 3 1 218 49 241 0 0 0 0 246 2 0 0 503 -1 0 0 228 0 0 6 0 0 0 0 4 0 223 0 247 257 0 3 -1 257 0 253 246 0 3 0 0 255 249 4 0 0 0 2 234 4095 232 57 3 4 7 270 3 0 0 0 5 4155 215 0 0 215 2 0 238 41 0 0 2 214 0 0 0 509 60 0 240 0 0 0 0 3 221 0 0 4 0 0 0 3 0 0 252 0 0 0 216 223 0 0 3 3 0 51 214 0 205 453 0 5 0 0 0 65 45 0 36 0 58 0 3 0 0 0 0 0 1 211 3 0 258 0 4 0 0 45 0 0 244 4 218 0 241 2 0 0 2 0 251 4155 239 7 3977 0 3 470 0 0 0 207 0 0 0 0 0 219 237 230 0 0 0 0 2 0 0 44 0 0 54 239 0 2 3 0 0 0 8 0 -1 1 0 0 0 0 0 0 238 2 1 0 0 237 2 0 3816 2 55 5 0 0 0 0 5 0 3770 0 223 3 1 1 216 234 0 282 460 -1 3 0 0 250 1 245 232 56 0 0 0 209 218 0 244 241 1 9 265 254 254 0 0 1 208 51 4 430 0 0 0 251 0 0 7 -1 0 4 0 4 1 0 0 3 55 1 211 4237 0 1 210 220 0 6 5 0 0 0 0 0 267 0 0 0 1 0 0 0 0 233 60 4 212 7 0 0 0 0 0 1 4 0 1 0 0 244 0 0 0 0 0 219 2 263 0 256 224 0 3768 0 0 0 0 0 0 230 0 0 0 0 0 0 0 0 3781 0 229 0 8 241 0 0 0 0 4 0 60 0 0 0 279 0 2 0 0 0 0 6 0 0 0 241 0 1 0 0 0 3 3 0 0 0 251 248 483 0 0 0 219 256 455 0 3 238 3 0 6 220 0 5 0 2 0 -1 0 6 38 0 54 0 245 239 2 0 0 4156 0 3 0 0 248 3 4 0 217 0 0 0 487 252 234 229 1 232 0 4302 55 4 1 1 0 4 0 0 53 242 0 0 0 2 0 0 245 0 2 0 0 246 2 0 3777 237 -1 0 0 0 2 0 0 0 0 0 249 2 3 0 0 5 0 0 0 220 221 212 0 243 0 0 54 2 0 0 0 244 56 255 0 0 2 234 4088 0 -1 0 219 0 0 2 0 248 0 0 271 4155 2 0 1 0 225 0 0 0 4 0 0 215 3816 6 0 1 0 3766 219 0 0 425 -1 0 0 0 213 4 246 0 0 235 2 0 0 3 0 0 2 0 0 0 0 0 0 3 0 227 3 5 250 236 0 0 0 0 0 0 0 0 242 0 0 0 1 3 242 224 6 264 0 0 0 472 0 2 0 0 0 235 219 0 14 0 0 0 248 0 -1 0 0 2 257 0 0 0 4 0 0 241 225 2 0 240 0 0 248 1 0 0 44 0 0 0 0 0 0 -1 226 5 438 0 0 4 0 0 0 0 4 0 0 1 508 0 4155 247 54 0 0 0 5 0 5 0 0 0 0 -1 0 0 0 3 218 0 0 230 247 234 56 228 233 0 212 2 240 2 0 -1 238 3 50 0 1 0 0 0 222 0 0 0 0 3 0 1 250 0 3 0 0 470 -1 2 4155 0 215 0 0 227 0 0 0 4 2 0 0 3 220 0 239 0 3 1 0 0 60 0 0 213 0 0 4402 450 263 2 0 0 5 1 4 0 252 0 0 224 251 0 208 241 4155 0 0 45 0 0 0 0 4 4 1 0 0 238 0 227 0 0 1 209 0 239 3 230 224 0 244 1 0 7 0 0 0 234 -1 0 260 0 1 247 0 0 0 244 
1 0 0 228 0 0 0 4 3 0 0 0 0 246 42 0 219 0 0 0 0 2 225 461 224 0 0 241 0 1 0 0 0 0 4 9 4 0 0 203 6 0 0 0 0 0 3657 4 2 0 3 0 0 0 1 0 263 0 229 0 0 234 0 262 233 2 0 3 0 0 251 0 3 4 238 0 5 226 0 0 229 265 4 0 226 1 0 3850 0 3 0 3845 3850 0 4 235 243 0 0 0 0 230 225 197 0 0 53 0 0 225 0 3 0 0 0 0 0 0 0 686 230 0 0 6 0 10 3 0 4 4 0 0 0 0 3 3 0 0 2 1 4 0 4 234 0 0 8 1 43 1 0 228 2 0 -1 1 0 0 199 3 255 46 1 3759 0 57 228 0 0 0 0 483 0 249 5 0 0 0 237 2 241 0 228 4 0 240 0 -1 224 218 5 3 246 36 231 0 0 0 0 232 3 0 0 430 -1 0 0 229 0 0 1 0 0 0 0 3 0 224 0 234 230 0 0 -1 230 0 240 231 0 2 0 0 240 230 3 0 0 0 2 247 3843 229 43 2 4 8 234 0 0 0 0 0 3897 232 0 0 250 2 0 238 46 0 0 1 228 0 0 0 467 54 0 243 0 0 0 0 4 234 0 1 2 0 0 0 0 0 0 228 0 0 3 224 207 0 0 6 2 0 41 234 0 224 458 0 2 0 0 0 61 56 0 48 0 48 0 3 0 1 2 0 0 1 229 2 1 256 3 1 0 0 55 1 0 215 0 237 0 245 2 0 0 1 0 258 3897 241 6 3698 0 2 457 1 0 0 243 0 0 0 0 0 258 250 202 0 0 0 1 6 0 0 49 0 0 50 209 0 10 3 0 0 0 4 0 -1 5 0 0 0 0 0 0 232 2 0 0 0 214 3 0 3850 1 50 6 0 0 0 1 1 0 3807 0 255 2 4 3 218 243 0 259 438 -1 6 0 0 224 1 211 259 43 0 3 0 226 220 0 218 237 4 6 234 237 225 0 0 0 236 44 3 434 1 0 0 227 0 0 2 -1 0 5 0 3 0 0 0 2 42 0 227 3962 0 1 198 190 0 3 6 0 0 0 0 0 231 0 0 1 0 0 0 0 0 222 54 4 214 3 0 0 1 0 0 3 4 0 4 0 0 224 0 0 0 0 0 226 1 224 0 253 227 0 3799 0 0 0 0 0 0 220 0 0 0 0 2 0 0 0 3804 0 210 0 4 232 0 0 0 0 1 0 49 0 0 0 248 0 0 0 0 0 0 8 3 0 0 228 0 3 0 0 0 3 3 0 0 0 258 233 463 0 1 0 241 226 438 0 4 226 3 0 7 198 0 3 0 4 0 -1 0 1 39 0 59 0 213 238 6 0 0 3898 1 5 0 0 219 4 2 0 224 0 0 0 459 241 249 229 1 222 0 4075 49 5 1 1 0 1 0 0 50 231 0 0 0 5 0 0 209 0 4 0 0 222 5 0 3807 220 -1 0 0 0 3 0 0 0 0 0 233 3 0 0 0 4 0 0 0 232 198 226 0 232 0 0 57 2 0 0 0 222 43 236 0 0 1 215 3830 0 -1 0 251 0 2 4 0 222 0 0 258 3897 3 0 0 0 239 0 0 0 5 0 0 221 3850 2 0 3 0 3803 231 0 0 479 -1 0 0 0 240 3 210 0 0 224 4 0 0 2 0 0 2 0 0 0 0 1 0 2 0 257 5 8 245 228 0 0 0 0 0 0 1 0 231 1 4 0 1 4 220 217 1 233 0 0 0 489 0 3 0 0 0 221 256 0 7 0 0 0 235 0 -1 0 0 2 255 0 0 0 1 0 0 227 220 3 0 233 0 0 222 1 0 0 35 0 0 0 0 0 0 -1 236 4 434 0 0 4 0 0 0 0 4 0 0 0 444 0 3897 234 54 0 0 0 3 0 5 0 0 0 0 -1 0 0 0 1 251 0 0 216 210 243 47 255 208 0 202 3 244 4 0 -1 226 6 51 0 5 6 0 0 244 0 0 0 0 0 0 0 233 0 3 0 0 405 -1 3 3897 0 229 0 0 264 0 0 0 3 5 1 0 1 208 1 203 0 4 6 0 1 47 0 0 234 1 0 4133 464 224 1 0 0 7 0 6 0 241 0 0 208 217 0 228 231 3897 0 0 48 0 0 0 3 3 0 4 0 0 226 0 257 0 0 5 223 0 205 2 226 224 0 231 1 0 3 0 0 0 232 -1 0 231 0 4 210 0 0 0 218 
0 0 0 65 0 0 0 2 2 0 0 0 0 56 11 0 67 0 0 0 0 3 77 119 57 0 0 61 0 2 0 0 0 0 0 1 1 0 0 64 1 0 0 0 0 0 952 2 0 0 1 0 0 0 1 0 67 0 54 0 0 58 0 66 63 1 0 0 0 0 48 0 3 3 82 0 0 65 0 0 71 66 0 0 77 3 0 1012 0 1 0 1093 1012 0 3 52 66 0 0 0 1 74 59 62 0 0 12 0 0 77 0 0 0 0 0 0 0 0 0 200 59 0 0 1 0 1 2 0 1 0 0 0 0 0 0 1 0 0 1 1 2 0 0 75 0 0 1 0 15 1 0 60 2 0 -1 0 0 0 62 1 63 14 0 991 0 19 58 0 0 0 0 104 0 56 0 0 0 0 65 2 61 0 55 4 0 61 0 -1 57 57 0 0 60 7 65 0 0 0 0 74 2 0 0 122 -1 0 0 59 0 0 3 0 0 0 0 1 0 56 0 69 60 0 0 -1 60 0 71 70 0 0 0 0 73 72 2 0 0 0 2 84 1095 60 13 2 0 4 60 1 0 0 0 0 1105 62 0 0 58 0 0 71 9 0 0 0 65 0 0 0 139 10 0 66 0 0 0 1 3 78 0 0 0 0 0 0 1 0 0 59 0 0 0 76 79 0 0 0 0 0 20 63 0 64 111 0 2 0 0 0 16 8 0 15 0 9 0 0 0 0 0 0 0 1 63 1 0 57 1 1 0 0 14 0 0 71 3 78 0 57 1 0 0 0 0 80 1105 54 3 1051 0 0 112 0 0 0 58 0 0 0 0 0 65 47 67 0 0 0 0 1 0 0 11 0 0 11 68 0 1 1 0 0 0 4 0 -1 0 0 0 0 0 0 0 78 1 0 0 0 73 1 0 1012 0 11 1 0 0 0 0 1 0 989 0 59 0 0 0 66 65 0 83 138 -1 1 0 0 72 0 69 64 11 0 0 0 64 55 0 73 58 0 0 73 65 59 0 0 0 60 11 0 117 2 0 0 58 0 0 0 -1 0 1 0 0 0 0 0 1 10 0 68 1129 0 0 50 60 0 0 3 0 0 0 0 0 60 0 0 0 2 0 0 0 0 62 10 3 80 0 0 0 0 0 0 2 2 0 0 0 0 71 0 0 0 0 0 58 1 75 0 57 56 0 1000 0 0 0 0 0 0 63 0 0 0 0 0 0 0 0 1000 0 70 0 1 61 0 0 0 0 1 0 18 0 0 0 82 0 0 0 0 0 0 2 0 0 0 73 0 3 0 0 0 0 0 0 0 0 80 61 127 0 0 0 81 79 115 0 2 59 1 0 0 56 0 4 0 0 0 -1 0 1 9 0 18 0 68 53 0 0 0 1106 0 1 0 0 73 1 0 0 57 0 0 0 143 63 57 68 1 68 0 1156 15 1 1 1 0 0 0 0 13 58 0 0 0 1 0 0 63 0 1 0 0 71 2 0 995 71 -1 0 0 0 0 0 0 0 0 0 60 1 0 0 0 0 0 0 0 63 56 64 0 59 0 0 11 0 0 0 0 57 9 63 0 0 0 70 1094 0 -1 0 53 0 0 0 0 57 0 0 83 1105 1 0 1 0 82 0 0 0 2 0 0 64 1012 0 0 0 0 1001 79 0 0 137 -1 0 0 0 61 0 68 0 0 58 1 0 0 0 0 0 0 0 0 0 0 0 0 0 0 59 1 8 62 70 0 0 0 0 0 0 0 0 58 0 1 0 1 2 68 61 2 72 0 0 0 130 0 0 0 0 0 63 64 0 0 0 0 0 70 0 -1 0 0 1 56 0 0 0 0 0 0 63 70 0 0 63 0 0 70 1 0 0 8 0 0 0 0 0 0 -1 63 0 135 0 0 2 0 0 0 0 1 0 0 0 114 0 1105 69 16 0 0 0 0 0 1 0 0 0 0 -1 0 0 0 2 60 0 0 64 67 62 11 59 72 0 76 3 66 0 0 -1 59 2 12 0 1 1 0 0 60 0 0 0 0 0 0 0 61 0 2 0 0 129 -1 0 1105 0 66 0 0 67 0 0 0 1 1 0 0 3 79 1 64 0 1 0 0 0 16 0 0 65 0 0 1168 109 75 2 0 0 3 0 1 0 63 0 0 80 73 0 74 55 1105 0 0 12 0 0 0 1 1 2 0 0 0 59 0 59 0 0 2 60 0 68 2 63 66 0 56 1 0 1 0 0 0 56 -1 0 60 0 0 67 0 0 0 68 
1 0 0 73 0 0 0 3 1 0 0 0 0 72 13 0 77 0 0 0 0 2 78 142 65 0 0 75 0 0 0 0 0 0 1 0 3 0 0 77 1 0 0 0 0 0 1157 3 2 0 1 0 0 0 1 0 63 0 79 0 0 89 0 84 89 0 0 1 0 0 70 0 1 2 81 0 1 70 0 0 75 83 1 0 78 1 0 1212 0 0 0 1348 1212 0 1 84 84 0 0 0 0 81 69 71 0 0 17 0 0 78 0 3 0 0 0 0 0 0 0 224 69 0 0 1 0 0 0 0 2 1 0 0 0 0 0 0 0 0 1 1 3 0 1 84 0 0 0 1 21 1 0 79 0 0 -1 0 0 0 85 3 62 17 1 1182 0 18 86 0 0 0 0 152 0 79 0 0 0 0 74 1 75 0 63 1 0 77 0 -1 59 66 1 1 74 17 74 0 0 0 0 78 0 0 0 160 -1 0 0 91 0 0 2 0 0 0 0 2 0 61 0 84 83 0 1 -1 83 0 78 89 0 1 0 0 67 88 1 0 0 0 0 81 1343 90 8 1 0 1 91 1 0 0 0 0 1359 83 0 0 69 2 0 65 23 0 0 0 73 0 0 0 175 16 0 69 0 0 0 0 1 88 0 2 0 0 0 0 0 0 0 68 0 0 0 88 79 0 0 1 0 0 20 80 0 72 159 0 1 0 0 0 10 21 0 19 0 28 0 0 0 0 0 0 0 1 79 0 0 81 0 3 0 0 19 0 0 67 1 74 0 93 2 0 0 0 0 71 1359 91 3 1291 0 0 156 0 0 0 70 0 0 0 0 0 64 69 88 0 0 0 0 1 0 0 17 0 0 17 79 0 2 1 0 0 0 0 0 -1 1 0 0 0 0 0 0 83 2 0 0 0 85 0 0 1212 1 17 1 0 0 0 0 2 0 1195 0 74 1 0 0 85 85 0 88 135 -1 2 0 0 81 0 75 81 21 0 1 0 72 82 0 95 76 1 2 91 74 70 0 1 1 77 15 2 142 1 0 0 67 0 0 0 -1 0 0 0 0 0 0 0 1 8 0 73 1369 0 0 76 69 0 0 2 1 0 0 0 0 91 0 0 1 2 0 0 0 0 71 16 1 70 0 0 0 1 0 0 2 5 0 1 0 0 86 0 0 0 0 0 60 2 60 0 82 62 0 1195 0 0 0 0 0 0 69 0 0 0 0 0 0 0 0 1191 0 80 0 0 83 0 0 0 0 1 0 14 0 0 0 91 0 0 0 0 0 0 4 2 0 0 76 0 1 0 0 0 1 0 0 0 0 71 83 162 0 0 0 81 80 127 0 2 94 0 0 1 77 0 2 0 1 0 -1 0 1 18 0 16 0 74 84 1 0 0 1360 0 4 0 0 74 1 0 0 58 0 0 0 163 84 73 89 1 84 0 1423 18 2 1 1 0 4 0 0 21 68 0 0 0 3 0 0 79 0 1 0 0 80 3 0 1194 82 -1 0 0 0 0 0 0 0 0 0 75 2 0 0 0 4 0 0 0 84 79 73 0 69 0 0 15 2 0 0 0 67 20 86 0 0 0 80 1344 0 -1 0 57 0 0 1 0 65 0 0 106 1359 1 0 0 0 78 0 0 0 0 0 0 83 1212 3 0 0 0 1201 89 0 0 159 -1 0 0 0 77 0 78 0 0 67 0 0 0 2 0 0 0 0 0 0 0 0 0 0 0 75 2 3 96 76 0 0 0 0 0 0 0 0 68 0 0 0 1 2 89 68 3 90 0 0 0 165 0 0 0 0 0 69 59 0 0 0 0 0 85 0 -1 0 0 1 80 0 0 0 2 0 0 70 67 0 0 93 0 0 81 1 0 0 21 0 0 0 0 0 0 -1 68 1 137 0 0 2 0 0 0 0 1 0 0 0 152 0 1359 84 17 0 0 0 0 0 3 0 0 0 0 -1 1 0 0 1 78 0 0 64 80 74 20 74 90 0 76 0 71 1 0 -1 94 2 17 0 2 2 0 0 82 0 0 0 0 1 0 0 84 0 4 0 0 164 -1 1 1359 0 74 0 0 65 0 0 0 3 0 0 0 1 80 1 77 0 0 0 0 0 14 0 0 77 2 0 1435 155 60 1 0 0 0 0 0 0 84 0 0 80 69 0 89 74 1359 0 0 12 0 0 0 0 2 1 2 0 0 94 0 75 0 0 0 71 0 90 0 89 88 0 68 1 0 2 0 0 0 82 -1 0 70 0 1 80 0 0 0 78 
1 0 0 191 4 0 0 1 1 0 0 0 0 164 33 0 157 0 0 0 0 1 156 366 157 0 0 163 0 2 0 0 0 0 0 1 2 0 0 157 1 0 0 0 0 0 2677 2 0 0 2 0 0 0 1 0 174 0 189 0 0 182 0 171 173 1 0 2 0 0 158 0 3 1 180 0 3 188 0 0 166 177 0 0 170 1 0 2824 0 5 0 3003 2824 0 2 209 175 0 1 0 0 174 154 163 0 0 31 0 0 156 0 2 0 0 0 0 0 0 0 547 172 0 0 2 0 5 2 0 3 6 0 0 0 0 2 2 0 0 3 1 4 0 1 174 0 0 2 2 40 1 0 175 2 0 -1 0 0 0 154 3 168 34 0 2753 0 37 178 0 1 0 0 350 0 152 1 0 0 0 193 0 163 0 157 1 0 161 0 -1 170 190 0 4 179 42 194 0 0 0 0 169 3 0 0 334 -1 0 0 158 0 0 3 0 0 0 0 0 0 182 0 167 158 1 0 -1 158 0 153 182 0 2 0 0 169 184 0 0 0 0 4 182 2990 169 31 1 0 1 181 2 0 0 0 4 3029 138 0 0 177 2 0 170 31 1 0 0 191 0 0 0 358 38 0 183 0 0 0 1 2 172 0 1 4 0 0 0 0 0 0 159 0 0 0 162 172 0 0 3 1 0 35 182 0 190 341 0 1 0 0 0 42 28 0 36 0 34 0 1 0 0 2 0 0 0 181 2 0 155 1 5 0 0 31 1 0 185 1 175 0 168 1 0 0 2 0 181 3029 163 5 2891 0 3 315 0 0 0 159 0 0 0 0 0 169 157 185 0 0 0 0 1 0 0 36 0 0 38 158 0 4 2 0 0 0 5 0 -1 7 0 0 0 0 0 0 176 3 1 0 0 164 1 0 2824 5 38 3 0 0 0 1 2 0 2781 0 180 2 2 1 167 179 0 198 347 -1 4 0 0 157 1 171 170 44 0 3 0 187 150 0 191 156 3 7 191 193 159 0 0 2 157 41 3 334 3 0 0 158 0 0 2 -1 0 3 0 2 0 0 0 7 26 0 187 3097 0 0 139 156 0 3 3 0 0 0 0 0 176 0 0 0 0 0 0 0 0 185 38 3 150 0 0 0 0 0 0 2 2 0 2 0 0 179 0 0 0 0 0 174 4 182 0 156 184 0 2795 0 0 0 0 0 0 183 0 0 0 0 2 0 0 0 2781 0 160 0 3 166 0 0 0 0 0 0 49 0 0 0 206 0 0 0 0 0 0 1 1 0 0 166 0 3 0 0 0 2 3 0 0 0 181 181 361 0 0 0 177 156 364 0 2 184 5 0 4 147 0 4 0 3 0 -1 0 2 33 0 39 0 171 212 1 0 0 3030 1 7 0 0 150 2 6 0 173 0 0 0 336 184 166 176 1 175 0 3171 38 2 1 3 0 1 0 0 38 159 0 0 0 3 0 0 165 0 2 0 0 156 2 0 2791 176 -1 0 0 0 1 0 0 0 0 0 174 1 0 0 0 4 0 0 0 144 147 190 0 160 0 0 39 6 0 0 0 157 30 186 0 0 5 167 2997 0 -1 0 176 0 2 1 0 155 0 0 211 3029 0 0 0 0 178 0 0 0 3 0 0 170 2824 5 0 3 0 2785 173 0 0 334 -1 0 0 0 161 2 163 0 0 158 2 0 0 3 0 0 1 0 0 0 0 0 0 1 0 185 0 3 186 161 0 0 0 0 0 0 0 0 159 0 4 0 1 3 183 177 1 190 0 0 0 343 0 3 0 0 0 185 169 0 5 0 0 0 168 0 -1 0 0 3 152 0 0 0 3 0 0 168 184 1 0 175 0 0 156 1 0 0 31 0 0 0 0 0 0 -1 174 3 347 2 0 0 0 0 0 0 0 0 0 1 331 0 3029 167 37 0 0 0 2 0 1 0 0 0 0 -1 0 0 0 2 170 0 0 176 163 162 47 182 185 0 167 0 184 0 0 -1 184 3 30 0 4 6 0 0 177 0 0 0 0 0 0 0 186 0 3 0 0 354 -1 1 3029 0 192 0 0 179 0 0 0 2 3 0 0 1 172 2 157 0 3 2 0 0 45 0 0 183 0 0 3204 311 182 1 0 0 0 0 3 0 184 0 0 173 189 0 166 153 3029 0 0 30 0 0 0 3 3 1 2 0 0 184 0 185 0 0 1 185 0 189 1 169 172 0 161 1 0 3 0 0 0 192 -1 0 173 0 2 163 0 0 0 155 
0 0 0 89 1 0 0 2 1 0 0 0 0 110 26 0 87 0 0 0 0 3 118 202 113 0 0 94 0 2 0 0 0 0 2 2 1 0 0 100 0 0 0 0 0 0 1649 1 0 0 2 0 0 0 1 0 117 0 85 0 0 113 0 91 122 2 0 1 0 0 94 0 1 4 88 0 2 87 0 0 105 92 3 0 86 2 0 1719 0 2 0 1802 1719 0 2 110 93 0 0 0 2 110 97 112 0 0 30 0 0 118 0 3 0 0 0 0 0 0 0 318 98 0 0 2 0 2 1 0 3 2 0 0 0 0 2 2 0 0 1 1 2 0 1 93 0 0 3 0 26 1 0 102 2 0 -1 0 0 0 111 1 113 17 0 1669 0 21 112 0 0 0 0 179 0 108 2 0 0 0 113 1 94 0 101 3 0 111 0 -1 94 117 1 2 120 15 110 0 0 0 0 106 1 0 0 218 -1 0 0 117 0 0 2 0 0 0 0 1 0 97 0 96 88 0 0 -1 88 0 115 104 0 0 0 0 99 105 0 0 0 0 1 90 1804 119 19 1 0 5 115 1 0 0 0 1 1826 119 0 0 121 3 0 100 28 0 0 0 89 0 0 0 207 21 0 99 0 0 0 0 1 117 0 0 1 0 0 0 0 0 0 118 0 0 1 109 94 0 0 3 0 1 20 105 0 88 215 0 1 0 0 0 20 23 0 18 0 31 0 1 0 0 0 0 0 0 104 1 0 111 0 1 0 0 22 0 0 100 5 110 0 114 0 0 0 2 0 108 1826 113 4 1731 0 2 206 0 0 0 103 0 0 0 0 0 114 93 85 0 0 0 0 2 0 0 23 0 0 22 107 0 4 2 0 0 0 3 0 -1 0 0 0 0 0 0 0 91 0 0 0 0 106 2 0 1719 3 23 1 0 0 0 0 3 0 1696 0 122 2 2 0 92 92 0 130 226 -1 1 0 0 106 1 111 88 22 0 0 0 88 109 0 126 113 1 1 155 113 112 0 0 1 110 19 0 181 0 0 0 117 0 0 3 -1 0 2 0 3 0 0 0 1 19 0 89 1871 0 0 105 108 0 3 0 0 0 0 0 0 111 0 0 0 2 0 0 0 0 106 21 0 108 1 0 0 0 0 0 1 3 0 4 0 0 102 0 0 0 0 0 95 2 103 0 111 97 0 1699 0 0 0 0 0 0 107 0 0 0 0 1 0 0 0 1701 0 102 0 3 110 0 0 0 0 1 0 20 0 0 0 125 0 1 0 0 0 0 1 0 0 0 105 0 1 0 0 0 1 2 0 0 0 108 111 183 0 0 0 89 119 203 0 1 106 2 0 2 105 0 4 0 1 0 -1 0 3 18 0 24 0 114 112 2 0 0 1827 0 6 0 0 115 0 2 0 95 0 0 0 202 107 115 95 1 102 0 1908 22 3 1 1 0 1 0 0 19 102 0 0 0 1 0 0 109 0 6 0 0 104 1 0 1700 103 -1 0 0 0 3 0 0 0 0 0 115 0 0 0 0 2 0 0 0 122 105 88 0 103 0 0 23 1 0 0 0 115 14 112 0 0 2 100 1803 0 -1 0 99 0 0 0 0 114 0 0 119 1826 3 0 0 0 89 0 0 0 1 0 0 91 1719 1 0 2 0 1699 115 0 0 215 -1 0 0 0 111 0 113 0 0 96 0 0 0 2 0 0 2 0 0 0 0 0 0 0 0 124 1 7 93 99 0 0 0 0 0 0 0 0 102 0 4 0 1 2 100 100 2 154 0 0 0 200 0 4 0 0 0 108 118 0 3 0 0 0 97 0 -1 0 0 2 109 0 0 0 4 0 0 109 95 0 0 123 0 0 105 1 0 0 30 0 0 0 0 0 0 -1 97 2 187 0 0 1 0 0 0 0 1 0 0 0 226 0 1826 96 22 0 0 0 3 0 1 0 0 0 0 -1 0 0 0 1 101 0 0 91 113 90 37 123 123 0 90 3 99 1 0 -1 106 0 30 0 2 2 0 0 102 0 0 0 0 0 0 0 111 0 2 0 0 204 -1 0 1826 0 90 0 0 121 0 0 0 0 1 0 0 0 95 0 100 0 2 0 0 0 20 0 0 105 2 0 1942 178 103 1 0 0 1 0 1 0 107 0 0 95 104 0 116 109 1826 0 0 13 0 0 0 2 1 2 2 0 0 106 0 124 0 0 2 84 0 92 1 93 94 0 98 1 0 1 0 0 0 85 -1 0 99 0 1 113 0 0 0 104 
0 0 0 126 6 0 0 1 2 0 0 0 0 147 27 0 130 0 0 0 0 0 159 264 123 0 0 125 0 2 0 0 0 0 0 1 3 0 0 130 2 0 0 0 0 0 1904 1 2 0 0 0 0 0 1 0 117 0 128 0 0 142 0 141 120 3 0 0 0 0 140 0 0 1 139 0 2 125 0 1 150 145 5 0 120 1 0 2011 0 0 0 2223 2011 0 1 132 144 0 0 0 0 118 137 123 0 0 22 0 0 159 0 1 0 0 0 0 0 0 0 398 112 0 0 2 0 1 1 0 5 2 0 0 0 0 3 2 0 0 2 1 1 0 1 123 0 0 2 0 33 1 0 107 4 0 -1 0 0 0 131 3 114 24 1 1958 0 25 137 0 0 0 0 271 0 117 2 0 0 0 132 1 125 0 131 2 0 150 0 -1 125 129 3 0 124 27 123 0 0 0 0 151 2 0 0 266 -1 0 0 130 0 0 2 0 0 0 0 1 0 135 0 136 130 0 0 -1 130 0 130 128 0 0 0 0 122 131 2 0 0 0 1 141 2237 120 28 1 4 4 144 0 0 0 0 3 2251 120 0 0 123 2 0 121 34 0 0 0 126 0 0 0 268 13 0 159 0 0 0 0 1 128 2 2 1 0 0 0 0 0 0 125 0 0 0 123 111 0 0 5 2 0 30 128 0 125 265 0 1 0 0 0 28 32 0 21 0 19 0 1 0 0 0 0 0 1 127 1 0 118 1 3 0 0 14 0 0 118 0 143 0 145 4 0 0 2 0 127 2251 144 1 2137 0 1 269 1 0 0 121 0 0 0 0 0 117 139 133 0 0 0 0 4 0 0 29 0 0 25 140 0 1 2 0 0 0 3 0 -1 2 0 0 0 0 0 0 123 1 0 0 0 125 1 0 2011 6 25 1 0 0 0 0 1 0 1979 0 127 3 2 0 137 144 0 159 265 -1 2 0 0 130 0 131 141 30 0 0 0 124 124 0 125 152 0 1 114 132 127 0 0 0 144 36 0 248 1 0 0 124 0 0 2 -1 0 1 0 1 0 0 0 3 30 0 126 2291 0 0 117 119 0 4 2 0 0 0 0 0 141 0 0 0 0 0 0 0 0 142 13 0 129 0 0 0 0 0 0 0 5 0 2 0 0 127 0 0 0 0 0 127 1 138 0 119 136 0 1989 0 0 0 0 0 0 139 0 0 0 0 2 0 0 0 1988 0 122 0 2 147 0 0 0 0 1 0 28 0 0 0 168 0 1 0 0 0 0 1 1 0 0 150 0 0 0 0 0 2 2 0 0 0 127 134 263 0 0 0 137 157 258 1 4 124 1 0 4 128 0 1 0 1 0 -1 0 2 25 0 15 0 131 132 4 0 0 2252 0 0 0 0 156 1 2 0 127 0 0 0 253 113 150 145 1 122 0 2363 20 0 1 1 0 1 0 0 25 137 0 0 0 2 0 0 140 0 3 0 0 128 2 0 1981 119 -1 0 0 0 2 0 0 0 0 0 135 2 0 0 0 2 0 0 0 131 131 125 0 138 0 0 28 1 0 0 0 123 21 136 0 0 1 120 2227 0 -1 0 130 0 0 0 0 120 0 0 172 2251 3 0 2 0 139 0 0 0 1 0 0 141 2011 1 0 1 0 1983 128 0 0 243 -1 0 0 0 150 2 143 0 0 132 3 0 0 0 0 0 4 1 0 0 0 0 0 2 0 129 1 3 113 140 0 0 0 0 0 0 0 0 137 1 2 0 1 2 129 141 2 113 0 0 0 263 0 5 0 0 0 140 114 0 3 0 0 0 137 0 -1 0 0 3 115 0 0 0 3 0 0 136 154 1 0 123 0 0 129 1 0 0 23 0 0 0 0 0 0 -1 153 2 237 0 0 3 0 0 0 0 1 0 0 0 258 0 2251 136 17 0 0 0 1 0 1 0 0 0 0 -1 0 0 0 2 119 0 0 152 142 124 24 128 122 0 108 1 158 0 0 -1 124 2 21 0 2 1 0 0 123 0 0 0 0 1 0 0 132 0 2 0 0 263 -1 2 2251 0 127 0 0 121 0 0 0 10 1 0 0 2 108 1 130 0 0 3 0 0 27 0 0 126 1 0 2386 257 138 1 0 0 2 0 0 0 113 0 0 112 119 0 126 148 2251 0 0 18 0 0 0 1 0 3 1 0 0 124 0 129 0 0 1 123 0 140 3 131 142 0 137 1 0 5 0 0 0 131 -1 0 113 0 2 142 0 0 0 124 
0 0 0 166 3 0 0 3 1 0 0 0 0 207 35 0 170 0 0 0 0 3 173 396 203 0 0 200 0 0 0 0 0 0 3 2 3 0 0 186 2 0 0 0 0 0 2937 3 3 0 3 0 0 0 1 0 195 0 175 0 0 195 0 183 175 2 0 2 0 0 205 0 1 5 174 0 2 163 0 0 176 190 0 0 211 2 0 3103 0 3 0 3214 3103 0 3 196 181 0 0 0 0 175 187 167 0 0 33 0 0 173 0 3 0 0 0 0 0 0 0 585 196 0 0 5 0 5 2 0 6 0 0 0 0 0 5 1 0 0 2 1 4 0 3 215 1 0 3 4 45 1 0 183 1 0 -1 0 0 0 170 1 189 39 0 3019 0 52 193 0 1 0 0 384 0 211 2 0 0 0 179 3 200 0 181 2 0 188 0 -1 173 205 2 2 200 34 203 0 0 0 0 178 2 0 0 368 -1 0 0 199 0 0 3 0 0 0 0 4 0 211 0 177 194 0 2 -1 194 0 189 187 0 7 0 0 221 190 2 0 0 0 2 180 3216 171 45 0 2 4 196 0 0 0 0 5 3251 187 0 0 195 2 0 212 40 0 0 2 166 0 0 0 412 33 0 215 0 0 0 1 2 202 0 1 2 0 0 0 0 0 0 209 0 0 0 192 197 0 0 0 1 2 35 181 0 162 376 0 3 0 0 0 39 40 0 47 0 38 0 2 0 0 1 0 0 1 180 2 0 214 4 1 0 0 41 0 0 195 1 201 0 191 6 0 0 2 0 189 3251 190 5 3106 0 1 371 0 0 0 181 0 0 0 0 0 189 204 196 0 0 0 0 3 0 0 33 0 0 35 169 0 4 2 0 0 0 4 0 -1 0 0 0 0 0 0 0 215 2 0 0 0 210 4 0 3103 4 36 3 0 0 0 0 2 0 3064 0 199 1 2 1 217 180 0 220 390 -1 6 0 0 218 1 182 176 36 0 1 0 165 195 0 190 177 2 8 214 179 204 1 0 1 186 39 2 347 3 0 0 208 0 0 3 -1 0 3 0 2 1 0 0 1 43 0 164 3326 0 1 182 165 0 2 6 0 0 0 0 0 192 0 0 0 2 0 0 0 0 192 33 1 181 4 0 0 1 0 0 2 6 1 2 0 0 187 1 0 0 0 0 175 2 203 0 211 215 0 3063 0 0 0 0 0 0 186 0 0 0 0 1 0 0 0 3072 0 202 0 5 174 0 0 0 0 0 0 37 0 0 0 222 0 0 1 0 0 0 2 3 0 0 177 0 0 0 0 0 3 3 0 0 0 189 201 381 0 0 0 178 174 375 0 4 183 1 0 2 194 0 5 0 3 0 -1 0 2 49 0 34 0 177 198 3 0 0 3252 0 6 0 0 166 2 3 0 171 0 1 0 347 192 209 225 1 176 0 3396 41 5 1 4 0 4 0 0 26 192 0 0 0 1 0 0 170 0 4 0 0 214 1 0 3061 175 -1 0 0 0 5 0 0 0 0 0 176 4 0 0 0 2 0 0 0 188 195 166 0 193 0 0 38 2 0 0 0 207 38 207 0 0 4 172 3198 0 -1 0 205 0 1 1 0 206 0 0 250 3251 3 0 1 0 174 0 0 0 1 0 0 213 3103 2 0 0 0 3067 199 0 0 378 -1 0 1 0 188 4 172 0 0 184 4 0 1 2 0 0 4 0 0 0 0 1 0 8 0 203 1 8 173 174 0 0 0 0 0 0 0 0 192 0 4 0 1 3 186 186 3 213 0 0 0 339 0 2 0 0 0 191 191 0 4 0 0 0 178 0 -1 0 0 1 212 0 0 0 0 0 0 173 182 0 0 178 0 0 217 1 0 0 31 0 0 0 0 0 0 -1 211 0 366 0 0 1 0 0 0 0 2 0 0 0 387 0 3251 177 29 0 0 0 2 0 5 0 0 0 0 -1 0 0 0 4 155 0 0 206 173 201 43 193 181 0 189 3 212 3 0 -1 183 4 32 0 1 2 0 0 159 0 0 0 0 0 0 0 204 0 1 0 0 372 -1 2 3251 0 167 0 0 198 0 0 0 3 5 2 0 3 193 3 186 0 0 1 0 0 37 0 0 182 1 0 3428 380 203 1 1 0 2 1 0 0 192 0 0 198 203 0 195 169 3251 0 0 36 0 0 0 2 3 2 4 0 0 183 0 203 0 0 1 166 0 203 1 186 219 0 189 1 0 3 0 0 0 179 -1 0 197 0 2 173 0 0 0 210 
0 0 0 227 4 0 0 3 1 0 0 0 0 220 49 0 220 0 0 0 0 2 234 526 224 0 0 202 0 3 0 0 0 0 7 4 3 0 0 258 1 0 0 0 0 0 3602 3 3 0 1 0 0 0 1 0 249 0 238 0 0 260 0 258 231 1 0 1 0 0 219 0 2 1 222 0 6 223 0 0 215 263 3 0 202 5 0 3762 0 2 0 3819 3762 0 2 200 249 0 0 0 0 215 254 240 0 0 54 0 0 234 0 3 0 1 0 0 0 0 0 704 222 0 0 6 0 11 3 0 9 4 0 0 0 0 5 1 0 0 1 1 2 0 1 209 0 0 7 3 43 1 0 236 5 0 -1 2 0 0 251 5 246 49 1 3650 0 46 252 0 0 0 0 458 0 239 2 0 0 0 264 1 202 0 246 8 0 247 0 -1 231 247 3 3 221 53 259 0 0 0 0 219 2 0 0 457 -1 0 0 238 0 0 5 0 0 0 0 2 0 256 0 233 191 1 0 -1 191 0 243 230 0 2 0 0 231 230 4 0 0 0 2 227 3806 225 64 4 2 6 260 5 0 0 0 1 3858 202 0 0 218 3 0 221 37 0 0 4 227 0 0 0 468 51 0 214 0 1 0 0 2 235 1 2 0 0 0 0 1 0 0 233 0 0 2 227 232 0 0 5 5 1 49 266 0 222 420 0 6 0 0 0 51 45 0 42 0 52 0 3 0 0 0 0 0 1 264 3 0 241 2 2 0 0 45 2 0 243 2 237 0 223 6 0 0 3 0 229 3858 220 1 3669 0 0 466 0 0 0 187 0 0 0 0 0 250 218 206 0 0 0 0 4 0 0 49 0 0 45 225 0 9 1 0 0 0 6 0 -1 4 0 0 0 0 0 0 207 2 0 0 0 260 2 0 3762 5 45 2 0 0 0 0 1 0 3714 0 220 1 3 2 217 245 0 260 468 -1 3 0 0 233 1 219 258 56 0 4 0 227 226 0 238 235 2 4 255 264 233 0 0 0 243 43 2 432 1 0 0 232 0 0 2 -1 0 2 0 1 1 0 0 2 57 0 221 3959 0 0 221 229 0 6 10 0 0 0 0 0 254 0 0 0 3 0 0 0 0 237 51 4 218 3 0 0 1 0 0 8 5 1 3 0 0 221 0 0 0 0 0 233 4 207 0 239 260 0 3716 0 0 0 0 0 0 231 0 0 0 0 3 0 0 0 3732 0 247 0 2 211 0 0 0 0 6 0 41 0 0 0 262 0 1 0 0 0 0 2 4 0 0 217 0 4 0 0 0 1 3 0 0 0 229 238 463 0 0 0 222 233 475 0 4 212 3 0 9 228 0 9 0 4 0 -1 0 3 50 0 47 0 220 204 5 0 0 3859 0 7 0 0 224 6 2 0 229 0 0 0 445 249 224 222 1 225 0 4070 51 0 1 3 0 4 0 0 48 257 0 0 0 2 0 0 226 0 1 0 0 231 5 0 3726 214 -1 0 0 0 2 0 0 0 0 0 215 3 2 0 0 1 1 0 0 210 235 224 0 258 0 0 66 4 0 0 0 228 40 242 0 0 1 221 3808 0 -1 0 220 0 0 6 0 226 0 0 260 3858 3 0 0 0 226 0 0 0 0 0 1 214 3762 7 0 3 0 3717 231 0 0 426 -1 0 1 0 247 3 222 0 0 246 2 0 0 1 0 0 2 0 0 0 0 1 0 4 0 226 2 13 242 214 0 0 0 0 0 0 0 0 257 0 2 0 1 4 225 224 2 254 0 0 0 487 0 2 0 0 0 239 244 0 5 0 0 0 234 0 -1 0 0 6 240 0 0 0 2 0 0 208 210 3 0 233 0 0 227 1 0 0 40 0 0 0 0 0 0 -1 211 4 466 0 0 0 0 0 0 0 3 0 0 0 469 0 3858 233 56 0 0 0 3 0 6 0 0 0 0 -1 0 0 0 1 248 0 0 221 227 202 59 222 224 0 226 3 219 3 0 -1 212 3 53 0 2 4 0 0 246 0 0 0 0 1 0 0 241 0 2 0 0 453 -1 2 3858 0 228 0 0 256 0 0 0 2 2 0 0 3 229 2 258 0 0 3 0 0 41 0 0 264 4 0 4074 430 207 2 0 0 3 0 4 0 249 0 0 233 251 0 225 227 3858 0 0 44 0 0 0 1 1 4 4 0 0 212 0 226 0 0 3 220 0 211 1 224 220 0 253 1 0 4 0 0 0 239 -1 0 223 0 2 227 0 0 0 224 
0 0 0 175 3 0 0 3 5 0 0 0 0 180 30 0 184 0 0 0 0 3 183 320 174 0 0 171 0 1 0 0 0 0 2 7 2 0 0 177 1 0 0 0 0 0 2638 1 1 0 6 0 0 0 1 0 154 0 189 0 0 170 0 164 168 1 0 1 0 0 162 0 3 2 168 0 4 172 0 0 198 171 1 0 166 5 0 2783 0 6 0 3043 2783 0 3 196 180 0 0 0 0 187 187 165 0 0 38 0 0 183 0 4 0 0 0 0 0 0 0 506 208 0 0 2 0 4 0 0 2 4 0 0 0 0 2 0 0 0 2 1 3 0 3 176 0 0 4 4 35 1 0 178 2 0 -1 0 0 0 163 3 153 36 1 2710 0 37 171 0 1 0 0 352 0 167 1 0 0 0 155 3 171 0 185 3 0 162 0 -1 187 185 4 1 156 27 195 0 0 0 0 201 2 0 0 347 -1 0 0 174 0 0 4 0 0 0 0 2 0 163 0 191 182 0 3 -1 182 0 163 201 0 2 0 0 169 202 2 0 0 0 5 171 3052 166 24 1 3 4 177 4 0 0 0 3 3090 161 0 0 154 2 0 164 40 0 0 0 175 0 0 0 350 37 0 168 0 1 0 0 3 165 1 2 4 0 0 0 0 1 0 181 0 0 1 157 179 0 0 0 0 0 48 155 0 171 366 0 1 0 0 0 34 52 0 35 0 34 0 0 0 0 1 0 0 2 152 1 0 168 1 3 0 0 27 1 0 183 4 184 0 165 1 0 0 1 0 151 3090 163 2 2945 0 4 347 0 0 0 200 0 0 0 0 0 156 161 166 0 0 0 0 3 0 0 42 0 0 46 177 0 3 1 0 0 0 5 0 -1 1 0 0 0 0 0 0 172 2 0 0 0 197 1 0 2783 1 46 2 0 0 0 1 2 0 2748 0 160 3 7 0 184 178 0 205 358 -1 4 0 0 182 1 184 168 41 0 2 0 174 166 0 159 166 3 4 193 155 184 0 0 0 160 41 0 348 2 0 0 180 0 1 3 -1 0 0 0 2 0 0 0 2 25 0 173 3146 0 1 183 166 0 0 8 0 0 0 0 0 171 0 0 0 4 0 0 0 0 162 37 4 169 4 0 0 1 0 0 1 1 0 2 0 0 193 0 0 0 0 0 188 0 165 0 167 165 0 2741 0 0 0 0 0 0 159 0 0 0 0 1 0 0 0 2748 0 192 0 1 155 1 0 0 0 4 0 34 0 0 0 224 0 0 0 0 0 0 1 2 0 0 197 0 3 0 0 0 2 3 0 0 0 151 184 369 0 0 0 166 189 367 0 3 197 3 0 1 191 0 12 0 1 0 -1 0 1 39 0 43 0 184 197 3 0 0 3091 0 5 0 0 176 2 1 0 188 0 0 0 375 186 184 189 1 193 0 3206 34 4 1 1 0 1 0 0 24 191 0 0 0 3 0 0 174 0 1 0 0 177 2 0 2752 184 -1 0 0 0 0 0 0 0 0 0 176 1 1 0 0 2 0 0 0 160 188 170 0 192 0 0 31 3 0 0 0 177 35 188 0 0 3 177 3057 0 -1 0 156 0 1 4 0 176 0 0 225 3090 4 0 0 0 165 0 0 0 0 0 1 178 2783 2 0 2 0 2756 166 0 0 360 -1 0 0 0 162 5 179 0 0 182 2 0 0 0 0 0 0 0 0 0 0 0 0 1 0 161 0 6 187 186 0 0 0 0 0 0 0 0 191 0 4 0 1 1 191 159 5 192 0 0 0 369 0 1 0 0 0 163 152 0 4 0 0 0 192 0 -1 0 0 5 167 0 0 0 3 0 0 165 186 1 0 171 0 0 179 1 0 0 25 0 0 0 0 0 0 -1 162 3 359 0 0 5 0 0 0 0 4 0 0 0 348 0 3090 191 32 0 0 0 1 0 1 0 0 0 0 -1 0 0 0 2 173 0 0 185 178 169 50 157 147 0 167 3 166 3 0 -1 197 1 39 0 3 2 0 0 176 0 0 0 0 1 0 0 186 0 4 0 0 341 -1 2 3090 0 176 0 0 157 0 0 0 0 0 0 0 4 175 3 177 0 1 2 0 0 33 0 0 155 0 0 3266 322 165 1 0 0 3 0 3 0 186 0 0 180 186 0 164 162 3090 0 0 30 0 0 0 2 2 3 3 0 0 197 0 161 0 0 4 168 0 170 1 171 186 0 192 1 0 2 0 0 0 190 -1 0 209 0 1 178 0 0 0 179 
1 0 0 244 1 0 0 2 1 0 0 0 0 233 49 0 214 0 0 0 0 5 225 457 225 0 0 237 0 4 0 0 0 0 3 2 3 0 0 226 4 0 0 0 0 0 3563 2 1 0 7 0 0 0 1 0 220 0 236 0 0 223 0 236 259 2 0 7 0 0 215 0 4 5 242 0 6 240 0 0 219 241 2 0 253 5 0 3747 0 0 0 3821 3747 0 4 236 249 0 0 0 0 241 234 257 0 0 49 0 0 225 0 3 0 1 0 0 0 0 0 712 231 0 0 4 0 7 2 0 2 2 0 0 0 0 0 2 0 0 3 1 7 0 1 260 0 0 10 3 46 1 0 202 2 0 -1 0 0 0 234 6 223 41 0 3671 0 43 219 0 0 0 0 454 0 234 5 0 0 0 251 0 237 0 230 4 0 250 0 -1 238 246 3 4 220 46 220 0 0 0 0 224 0 0 0 434 -1 0 0 242 0 0 5 0 0 0 0 3 0 222 0 231 248 0 0 -1 248 0 220 221 0 3 0 0 217 221 2 0 0 0 2 247 3824 251 46 2 2 5 223 3 0 0 0 3 3870 205 0 0 214 1 0 208 51 0 0 2 244 0 0 0 481 46 0 211 0 0 0 0 2 216 1 2 1 0 0 0 0 0 0 227 0 0 1 209 237 0 0 2 4 0 60 232 0 240 455 0 4 0 0 0 44 48 0 51 0 39 0 2 0 0 0 0 0 1 230 2 0 236 7 3 0 0 53 1 0 224 2 236 0 203 1 0 0 4 0 224 3870 199 4 3692 0 4 431 0 0 0 245 0 0 0 0 0 217 214 195 0 0 0 0 3 0 0 54 0 0 47 225 0 5 4 0 0 0 5 0 -1 2 0 0 0 0 0 0 257 2 0 0 0 200 5 0 3747 2 47 4 0 0 0 1 4 0 3718 0 221 0 2 1 203 242 0 249 467 -1 1 0 0 236 0 227 235 50 0 2 0 242 227 0 221 237 1 8 220 251 222 0 0 0 243 44 2 465 0 0 0 226 0 0 2 -1 0 9 0 4 0 0 0 2 43 0 237 3960 0 1 191 244 0 2 4 0 0 0 0 0 221 0 0 1 4 0 0 0 0 211 46 2 223 4 0 0 1 0 0 3 8 0 2 0 0 217 0 0 0 0 0 240 4 231 0 235 225 0 3692 0 1 0 0 0 0 201 0 0 0 0 4 0 0 0 3707 0 192 0 2 210 0 0 0 0 3 0 47 0 0 0 266 0 0 0 0 0 0 2 3 0 0 223 0 2 0 0 0 1 2 0 0 0 224 252 478 0 0 0 237 221 484 0 5 227 1 0 4 198 0 5 0 8 0 -1 0 2 49 0 47 0 222 237 6 0 0 3871 0 9 0 0 216 4 4 0 236 0 0 0 467 214 242 213 1 220 0 4050 39 2 1 2 0 0 0 0 71 241 0 0 0 7 0 0 227 0 1 0 0 233 5 0 3703 220 -1 0 0 0 2 0 1 0 0 0 219 4 0 0 0 5 0 0 0 205 190 243 0 242 0 0 41 3 0 0 0 223 58 262 0 0 1 208 3817 0 -1 0 233 0 0 3 0 221 0 0 273 3870 3 0 0 0 246 0 0 0 3 0 0 203 3747 3 0 2 0 3715 215 0 0 464 -1 0 0 0 250 2 228 0 0 235 4 0 0 4 0 0 5 0 0 0 0 0 0 0 0 224 5 8 253 216 0 0 0 0 0 0 0 0 241 0 5 0 1 2 216 209 3 219 0 0 0 462 0 1 0 0 0 212 217 0 2 0 0 0 232 0 -1 0 0 1 236 0 0 0 1 0 0 216 239 3 0 261 0 0 231 1 0 0 46 0 0 0 0 0 0 -1 211 3 473 0 0 3 0 0 0 0 4 0 0 0 439 0 3870 231 52 0 0 0 7 0 2 0 0 0 0 -1 0 0 0 5 223 0 0 222 230 240 40 222 207 0 226 2 217 1 0 -1 227 3 48 0 2 4 0 0 227 0 0 0 0 2 0 0 260 0 4 0 0 460 -1 1 3870 0 245 1 0 223 0 0 0 1 3 1 0 1 234 5 226 0 3 3 1 0 46 0 0 232 0 0 4088 441 231 1 0 0 1 0 2 0 214 0 0 238 226 0 206 234 3870 0 0 52 0 0 0 4 6 4 4 0 0 227 0 224 0 0 2 241 0 203 3 238 210 0 240 2 0 2 0 0 0 239 -1 0 232 0 4 230 0 0 0 228 
1 0 0 187 1 0 0 5 4 0 0 0 0 182 35 0 186 0 0 0 0 0 205 393 226 0 0 179 0 0 0 0 0 0 1 1 4 0 0 203 0 0 0 0 0 0 3100 1 4 0 3 0 0 0 1 0 234 0 209 0 0 202 0 221 208 1 0 4 0 0 211 0 2 2 211 0 3 184 0 0 188 223 3 0 212 2 0 3257 0 1 0 3526 3257 0 2 177 214 0 0 0 0 212 215 185 0 0 34 0 0 205 0 4 0 1 0 0 0 0 0 629 201 0 0 4 0 8 2 0 6 3 0 0 0 0 3 4 0 0 3 1 2 0 4 218 0 0 6 0 36 1 0 191 4 0 -1 0 0 0 205 3 226 40 0 3176 0 45 202 0 0 0 0 424 0 198 5 0 0 0 210 1 179 0 209 3 0 181 0 -1 227 217 2 0 190 37 197 0 0 0 0 191 3 0 0 426 -1 0 0 204 0 0 6 0 0 0 0 2 0 196 0 202 212 0 2 -1 212 0 198 192 0 1 0 0 202 196 1 0 0 0 4 216 3510 199 53 3 4 6 207 1 0 0 0 0 3556 200 0 0 187 5 0 197 46 0 0 1 187 0 0 0 425 45 0 240 0 0 0 0 3 213 0 0 5 0 0 0 0 0 0 229 0 0 0 210 213 0 0 6 1 0 49 190 0 182 388 0 2 0 0 0 50 41 0 42 0 42 0 4 0 0 1 0 0 1 188 4 0 203 4 3 0 0 45 0 0 214 1 244 0 202 2 0 0 2 0 213 3556 198 9 3392 0 1 405 2 0 0 216 0 0 0 0 0 225 210 204 0 0 0 0 5 0 0 38 0 0 45 228 0 4 2 0 0 0 8 0 -1 4 0 0 0 0 0 0 217 1 0 0 0 198 3 0 3257 1 46 1 0 0 0 1 4 0 3217 1 190 3 5 0 191 211 0 272 407 -1 1 0 0 219 2 230 218 39 0 4 0 185 194 0 222 214 2 2 202 210 223 0 0 1 172 46 3 433 3 0 0 228 0 0 1 -1 0 2 0 3 0 0 0 0 44 0 185 3647 0 0 202 186 0 4 3 0 0 0 0 0 203 0 0 0 4 0 0 0 0 207 45 4 190 4 0 0 2 0 0 0 5 0 5 0 0 192 0 0 0 0 0 230 3 230 0 201 203 0 3219 0 1 0 0 0 0 204 0 0 0 0 2 0 0 0 3219 0 190 0 2 191 0 0 0 0 4 0 54 0 0 0 266 0 1 0 0 0 0 0 3 0 0 187 0 2 0 0 0 4 3 0 0 0 213 213 431 0 0 0 213 203 441 0 3 222 3 0 7 210 0 7 0 5 0 -1 0 0 44 0 43 0 228 178 0 0 0 3557 0 6 0 0 196 2 2 0 224 0 0 0 411 198 184 203 1 188 0 3699 41 1 1 1 0 4 0 0 45 219 0 0 0 4 0 0 228 0 1 0 0 216 0 0 3207 192 -1 0 0 0 3 0 0 0 0 0 208 2 1 0 0 3 0 0 0 212 212 181 0 220 0 0 26 1 0 0 0 224 38 218 0 0 0 187 3513 0 -1 0 186 0 1 0 0 225 0 0 241 3556 4 0 0 0 209 0 0 0 3 0 0 195 3257 3 0 2 0 3207 212 0 0 429 -1 0 0 0 181 4 227 0 0 212 0 0 0 1 0 0 1 0 0 0 0 0 0 4 0 193 2 7 201 182 0 0 0 0 0 0 0 0 219 0 3 0 1 4 190 199 2 201 0 0 0 409 0 1 0 0 0 205 228 0 6 0 0 0 203 0 -1 0 0 3 202 0 0 0 5 0 0 204 216 2 0 210 0 0 218 1 0 0 57 0 0 0 0 0 0 -1 232 5 441 0 0 2 0 0 0 0 3 0 0 0 418 0 3556 202 51 0 0 0 1 0 4 0 0 0 0 -1 0 0 0 1 200 0 0 228 232 175 39 195 211 0 204 3 239 2 0 -1 222 1 32 0 1 2 0 0 208 0 0 0 0 0 0 0 216 0 5 0 0 398 -1 4 3556 0 188 0 0 238 0 0 0 2 3 0 0 2 210 2 203 0 5 3 0 0 53 0 0 187 2 0 3760 411 230 1 0 0 1 0 1 0 198 0 0 214 219 0 203 204 3556 0 0 43 0 0 0 0 1 1 3 0 0 222 0 193 0 0 5 181 0 209 0 221 198 0 219 1 0 2 0 0 0 213 -1 0 202 0 3 232 0 0 0 208 
1 0 0 247 3 0 0 3 3 0 0 0 0 257 53 0 232 0 0 0 0 5 245 464 226 0 0 211 0 5 0 0 0 0 1 1 1 0 0 227 2 0 0 0 0 0 3600 1 4 0 1 0 0 0 1 0 261 0 237 0 0 230 0 224 256 4 0 3 0 0 264 0 1 2 250 0 3 245 0 0 225 227 0 0 232 3 0 3787 0 4 0 4027 3787 0 2 241 246 0 0 0 0 242 247 228 0 0 59 0 0 245 0 3 0 0 0 0 0 0 0 680 231 0 0 5 0 4 4 0 0 1 0 0 0 0 6 6 0 0 6 1 4 0 1 243 0 0 6 3 55 1 0 192 3 0 -1 0 0 0 230 2 251 45 0 3689 0 58 224 0 1 0 0 506 0 263 4 0 0 0 222 2 211 0 241 4 0 250 0 -1 230 234 6 5 229 56 248 0 0 0 0 229 5 0 0 484 -1 0 0 240 0 0 6 0 0 0 0 4 0 239 0 243 229 0 1 -1 229 0 222 254 0 3 0 0 209 260 2 1 0 0 4 252 4021 250 48 3 0 8 229 2 0 0 0 4 4070 239 0 0 222 0 0 207 60 0 0 1 247 0 0 0 470 49 0 238 0 0 0 0 1 249 2 3 5 1 0 0 0 0 0 233 0 0 1 235 238 0 0 1 5 0 56 222 0 238 496 0 4 0 0 0 57 47 0 52 0 52 0 2 0 0 0 0 0 0 218 7 0 266 1 3 0 0 51 1 0 224 5 242 0 230 0 0 0 3 0 228 4070 227 8 3886 0 3 470 0 0 0 210 0 0 0 0 0 256 263 228 0 0 0 0 2 0 0 47 0 0 64 219 0 6 3 0 0 0 2 0 -1 5 0 0 0 0 0 0 240 5 0 0 0 245 5 0 3787 2 65 4 0 0 0 0 3 0 3736 0 228 5 2 0 219 242 0 285 468 -1 3 0 0 233 1 269 222 60 0 4 0 246 229 0 226 212 2 6 269 222 235 0 0 0 241 50 4 425 1 0 0 232 0 0 1 -1 0 2 0 3 0 0 0 1 40 0 246 4135 0 0 220 226 0 2 5 0 0 0 0 0 222 0 0 1 4 0 0 0 0 227 49 4 232 4 0 0 0 0 0 2 5 0 3 0 0 255 0 0 0 0 0 235 2 243 0 264 242 0 3736 0 0 0 0 0 0 228 0 0 0 0 2 0 0 0 3748 0 234 0 5 243 0 0 0 0 2 0 46 0 0 0 269 0 0 0 0 0 0 8 6 0 0 226 0 4 0 0 0 3 4 0 0 0 228 216 494 0 0 0 247 243 459 0 2 252 1 0 8 223 0 4 0 4 0 -1 0 3 47 0 48 0 258 245 7 0 0 4071 0 4 0 0 239 4 1 0 232 0 0 0 481 204 261 230 1 245 0 4237 56 2 1 1 0 2 0 0 57 259 0 0 0 5 0 0 226 0 3 0 0 232 1 0 3740 227 -1 0 0 0 1 0 0 0 0 0 245 4 1 0 0 1 0 0 0 250 225 246 0 260 0 0 49 3 0 0 0 230 38 220 0 0 6 232 4004 0 -1 0 227 0 0 3 0 225 0 0 279 4070 2 0 0 0 246 0 0 0 3 0 0 218 3787 2 0 3 0 3738 247 0 0 471 -1 0 0 0 250 4 222 0 0 250 7 0 0 3 0 0 2 0 0 0 0 0 0 4 0 234 5 7 247 227 0 0 0 0 0 0 0 0 259 0 8 0 1 4 250 215 2 268 0 0 0 507 0 1 0 0 0 227 255 0 7 0 0 0 244 0 -1 0 0 3 263 0 0 0 0 0 0 238 235 6 0 259 0 0 229 1 0 0 49 0 0 0 0 0 0 -1 236 2 467 0 1 3 0 0 0 0 3 0 0 0 444 0 4070 243 41 0 0 0 4 0 4 0 0 0 0 -1 0 0 0 3 257 0 0 251 225 214 62 234 217 0 225 1 238 3 0 -1 252 3 59 0 1 5 0 0 251 0 0 0 0 0 0 0 218 0 4 0 0 468 -1 6 4070 0 248 0 0 262 0 0 0 4 5 1 0 3 235 3 227 0 5 2 0 0 47 0 0 220 0 0 4315 461 243 1 0 0 2 0 8 0 204 0 0 239 225 0 244 208 4070 0 0 48 1 0 0 0 3 3 7 0 0 252 0 234 0 0 3 242 0 234 0 219 227 0 262 1 0 3 0 0 0 242 -1 0 232 0 2 225 0 0 0 225 
1 0 0 84 2 0 0 0 0 0 0 0 0 82 19 0 71 0 0 0 0 3 94 150 66 0 0 89 0 0 0 0 0 0 1 1 1 0 0 94 1 0 0 0 0 0 1336 0 0 0 0 0 0 0 1 0 86 0 101 0 0 81 0 91 75 1 0 1 0 0 88 0 1 0 78 0 1 84 0 0 78 95 2 0 87 2 0 1408 0 1 0 1428 1408 0 1 66 92 0 0 0 0 83 59 76 0 0 22 0 0 94 0 1 0 0 0 0 0 0 0 253 79 0 0 3 0 2 0 0 5 1 0 0 0 0 2 3 0 0 0 1 2 0 1 92 0 0 3 0 22 1 0 85 2 0 -1 0 0 0 87 0 83 17 0 1376 0 16 78 0 0 0 0 190 0 97 0 0 0 0 83 0 89 0 56 1 0 85 0 -1 88 94 4 1 90 17 90 0 0 0 0 80 3 0 0 167 -1 0 0 85 0 0 2 0 0 0 0 3 0 65 0 78 83 0 1 -1 83 0 82 85 0 3 0 0 100 84 1 0 0 0 0 82 1424 68 18 1 1 4 81 1 0 0 1 0 1447 86 0 0 93 0 0 94 15 0 0 0 84 0 0 0 170 22 0 90 0 0 0 1 0 103 0 2 0 0 0 0 0 0 0 71 0 0 1 99 76 0 0 2 3 0 16 83 0 83 161 0 0 0 0 0 21 24 0 16 0 25 0 0 0 0 0 0 0 0 83 0 0 97 0 2 0 0 23 0 0 86 2 94 0 80 0 0 0 2 0 80 1447 77 4 1378 0 1 138 1 0 0 91 0 0 0 0 0 85 87 87 0 0 0 0 0 0 0 16 0 0 11 94 0 4 0 0 0 0 3 0 -1 0 0 0 0 0 0 0 88 2 0 0 0 89 0 0 1408 0 11 2 0 0 0 0 0 0 1388 0 93 0 0 1 104 91 0 111 182 -1 0 0 0 88 0 92 91 18 0 1 0 83 83 0 83 79 0 0 81 83 69 0 0 0 82 16 1 178 0 0 0 70 0 0 1 -1 0 3 0 2 0 0 0 0 20 0 85 1471 0 0 67 71 0 1 3 0 0 0 0 0 81 0 0 0 3 0 0 0 0 86 22 0 85 1 0 0 0 0 0 1 4 0 0 0 0 82 0 0 0 0 0 90 2 86 0 95 67 0 1386 0 0 0 0 0 0 82 0 0 0 0 2 0 0 0 1395 0 89 0 2 76 0 0 0 0 0 0 21 0 0 0 116 0 0 0 0 0 0 2 0 0 0 79 0 1 0 0 0 0 0 0 0 0 80 83 195 0 0 0 79 95 182 0 2 82 2 0 0 75 0 3 0 2 0 -1 0 1 15 0 16 0 90 68 5 0 0 1448 0 3 0 0 91 1 1 0 90 0 0 0 159 90 84 108 1 83 0 1507 16 1 1 1 0 1 0 0 24 62 0 0 0 0 0 0 96 0 1 0 0 87 1 0 1389 83 -1 0 0 0 2 0 0 0 0 0 75 0 1 0 0 1 0 0 0 87 78 82 0 63 0 0 17 0 0 0 0 70 19 85 0 0 0 76 1427 0 -1 0 82 0 0 1 0 68 0 0 116 1447 2 0 0 0 81 0 0 0 1 0 0 104 1408 1 0 0 0 1387 103 0 0 192 -1 0 0 0 85 1 96 0 0 61 1 0 0 1 0 0 0 0 0 0 0 0 0 1 0 93 0 4 103 77 0 0 0 0 0 0 0 0 62 0 2 0 1 2 80 81 0 80 0 0 0 166 0 1 0 0 0 84 86 0 2 0 0 0 79 0 -1 0 0 2 95 0 0 0 1 0 0 76 104 1 0 75 0 0 87 1 0 0 23 0 0 0 0 0 0 -1 88 1 167 0 0 1 0 0 0 0 2 0 0 0 148 0 1447 78 22 0 0 0 2 0 2 0 0 0 0 -1 0 0 0 2 83 0 0 86 97 89 19 90 80 0 76 1 91 0 0 -1 82 1 21 0 2 0 0 0 86 0 0 0 0 0 0 0 83 0 2 0 0 165 -1 0 1447 0 85 0 0 86 0 0 0 0 2 0 0 0 76 0 94 0 1 0 0 0 20 0 0 80 0 0 1522 172 86 1 0 0 0 0 2 0 90 0 0 77 89 0 96 79 1447 0 0 20 0 0 0 0 1 1 1 0 0 82 0 93 0 0 1 82 0 88 0 93 106 0 64 1 0 2 0 0 0 102 -1 0 80 1 1 97 0 0 0 84 
0 0 0 228 7 0 0 2 3 0 0 0 0 225 59 0 191 0 0 0 0 1 221 490 217 0 0 244 0 3 0 0 0 0 3 3 0 0 0 234 3 0 0 0 0 0 3636 4 3 1 1 0 0 0 1 0 235 0 228 0 0 220 0 249 232 2 0 4 1 0 228 0 2 0 222 0 3 224 0 0 242 250 3 0 229 2 0 3834 0 3 0 3934 3834 0 3 228 212 0 0 0 2 245 232 230 0 0 56 0 0 221 0 4 0 0 0 0 0 0 0 700 249 0 0 5 0 5 5 0 2 4 0 0 0 0 3 3 0 0 7 1 4 0 1 242 0 0 4 0 47 1 0 243 2 0 -1 2 0 0 225 0 226 39 0 3737 0 58 220 0 2 0 0 457 0 228 1 0 0 0 257 1 244 0 228 3 1 246 0 -1 243 223 5 3 233 40 241 0 0 0 0 246 5 0 0 415 -1 0 0 238 0 0 2 0 0 0 0 3 0 238 0 204 235 0 0 -1 235 0 237 246 0 2 0 0 237 249 5 1 0 0 4 226 3932 231 47 6 4 8 223 3 0 0 0 1 3984 222 0 0 223 2 0 223 59 0 0 0 228 0 0 0 460 51 0 238 0 0 0 0 1 240 0 3 5 0 0 0 0 0 0 228 0 0 0 227 239 0 0 2 2 0 55 244 0 227 460 0 2 0 0 0 56 43 0 49 0 35 0 1 0 0 1 0 0 2 239 0 0 231 4 1 0 0 58 0 0 223 3 236 0 229 6 0 0 1 0 222 3984 227 5 3805 0 4 447 1 0 0 220 0 0 0 0 0 228 227 224 0 0 0 0 1 0 0 46 0 0 48 233 0 6 4 0 0 0 2 1 -1 2 0 0 0 0 0 0 236 1 0 0 0 225 5 0 3834 1 49 2 0 0 0 0 4 0 3785 0 237 3 2 1 225 205 0 242 466 -1 7 0 0 242 0 204 247 57 0 8 0 223 225 0 224 249 2 7 242 257 231 0 0 0 238 47 3 478 2 0 0 227 0 0 0 -1 0 3 0 1 1 0 0 5 45 0 223 4049 0 0 225 218 0 3 5 0 0 0 0 0 216 0 0 1 4 0 0 0 0 237 51 3 229 5 0 0 1 0 0 3 6 0 7 0 0 235 0 0 0 0 0 250 3 233 0 231 246 0 3791 0 0 0 0 0 0 238 0 0 0 0 1 0 0 0 3794 0 219 0 4 226 0 0 0 0 5 0 55 0 0 0 273 0 0 0 0 0 0 3 2 0 0 243 0 5 0 0 0 1 3 0 0 0 222 230 530 0 1 0 221 218 468 0 0 245 3 0 4 231 0 5 0 0 0 -1 0 4 51 0 43 0 202 234 7 0 0 3985 0 4 0 0 209 4 1 0 245 0 0 0 443 253 228 233 1 242 0 4172 49 3 1 3 0 5 0 0 53 237 0 0 0 7 0 0 240 0 2 0 0 241 3 0 3784 239 -1 0 0 0 3 0 0 0 0 0 245 2 0 0 0 1 1 0 0 225 231 224 0 238 0 0 51 1 0 0 0 224 43 235 0 0 2 240 3937 0 -1 0 229 0 1 1 0 222 0 0 290 3984 5 0 0 0 222 0 0 0 4 0 0 225 3834 4 0 6 0 3780 240 0 0 465 -1 0 0 0 246 0 236 0 0 230 3 0 0 2 0 0 3 0 0 0 0 0 0 3 0 239 4 8 266 232 0 0 0 0 0 0 0 0 237 0 2 0 1 3 238 233 4 241 0 0 0 446 0 3 0 0 0 237 223 0 7 0 0 0 205 0 -1 0 0 8 229 0 0 0 2 0 0 249 213 3 0 239 0 0 241 2 0 0 52 0 0 0 0 0 0 -1 236 3 480 0 0 0 0 0 0 0 2 0 0 1 441 0 3984 204 52 0 0 0 2 0 3 0 0 0 0 -1 0 0 0 5 235 0 0 260 240 243 47 235 216 0 235 6 240 1 0 -1 245 3 55 0 2 3 0 0 236 0 0 0 0 2 0 0 232 0 5 0 0 466 -1 2 3984 0 229 0 0 240 0 0 0 4 2 0 0 4 238 1 234 1 2 5 0 0 53 0 0 244 4 0 4236 448 233 1 0 0 3 0 2 0 253 0 0 240 223 0 230 245 3984 0 0 54 0 0 0 3 3 6 2 0 0 245 0 239 0 0 1 217 0 232 2 239 231 0 244 1 0 6 0 0 0 229 -1 0 250 0 7 240 0 0 0 231 
0 0 0 157 4 0 0 2 2 0 0 0 0 144 31 0 149 0 0 0 0 3 179 339 144 0 0 159 0 1 0 0 0 0 3 2 0 1 0 138 0 0 0 0 0 0 2359 0 0 0 5 0 0 0 1 0 145 0 179 0 0 158 0 135 158 1 0 1 0 0 166 0 2 3 169 0 1 155 0 0 142 140 4 0 156 1 0 2492 0 1 0 2675 2492 0 2 163 160 0 1 0 0 147 136 174 0 0 27 0 0 179 0 3 0 1 0 0 0 0 0 421 160 0 0 4 0 2 1 0 6 2 0 0 0 0 2 1 0 0 2 1 1 0 1 162 0 0 4 3 36 1 0 140 5 0 -1 0 0 0 142 0 140 28 0 2424 0 33 158 0 0 0 0 349 0 167 2 0 0 0 157 4 159 0 139 3 0 169 0 -1 155 165 2 3 140 25 155 0 0 0 0 145 0 0 0 301 -1 0 0 167 0 0 1 0 0 0 0 3 0 173 0 152 152 0 1 -1 152 0 157 134 0 1 0 0 171 133 0 0 0 0 2 173 2666 158 31 2 4 5 163 3 0 0 0 0 2712 130 0 0 143 3 0 166 27 0 0 0 157 1 0 0 326 45 0 172 0 0 0 0 1 197 0 2 3 0 0 0 2 0 0 149 0 0 1 192 172 0 0 3 0 1 30 165 0 153 298 0 4 0 0 0 21 39 0 28 0 33 0 2 0 0 0 0 0 1 161 1 0 167 1 2 0 0 34 0 0 153 1 184 0 176 1 0 0 1 0 161 2712 174 7 2592 0 2 308 1 0 0 164 0 0 0 0 0 138 165 152 0 0 0 0 1 0 0 21 0 0 33 165 0 4 2 0 0 0 5 0 -1 2 0 0 0 0 0 0 162 0 0 0 0 175 0 0 2492 3 33 1 0 0 0 0 2 0 2463 0 145 3 3 0 158 157 0 181 323 -1 0 0 0 151 0 154 130 25 0 1 0 155 161 0 132 162 4 4 165 157 150 0 0 1 166 30 2 305 3 0 0 148 0 0 1 -1 0 3 0 0 0 0 0 1 24 0 154 2766 0 0 149 169 0 2 5 0 0 0 0 0 161 0 0 0 0 0 0 0 0 154 45 0 153 0 0 0 0 0 0 2 3 0 2 0 0 128 0 0 0 0 0 158 2 133 0 166 174 0 2457 0 0 0 0 0 0 157 0 0 0 0 1 0 0 0 2457 0 166 0 3 185 0 0 0 0 3 0 30 0 0 0 199 0 0 0 0 0 0 3 1 0 0 143 0 0 0 0 0 2 2 0 0 0 161 127 305 0 0 0 168 181 319 0 5 159 1 0 0 154 0 5 0 3 0 -1 0 4 32 0 33 0 154 166 2 0 0 2713 0 4 0 0 169 1 3 0 151 0 1 0 298 149 150 165 1 125 0 2830 41 1 1 1 0 1 0 0 32 143 0 0 0 3 0 0 166 0 1 0 0 149 2 0 2465 144 -1 0 0 0 3 0 0 0 0 0 172 3 1 0 0 2 1 0 0 135 152 156 0 144 0 0 38 1 0 0 0 145 30 130 0 0 3 141 2682 0 -1 0 154 0 0 3 0 143 0 0 196 2712 1 0 1 0 170 0 0 0 1 0 0 160 2492 2 0 2 0 2450 195 0 0 361 -1 0 0 0 169 1 166 0 0 134 0 0 0 1 0 0 2 0 0 0 0 0 0 3 0 146 2 9 149 140 0 0 1 0 0 0 1 0 143 1 1 0 1 2 128 151 2 164 0 0 0 320 0 1 0 0 0 158 141 0 5 0 0 0 153 0 -1 0 0 2 165 0 0 0 2 0 0 172 154 1 0 160 0 0 149 1 0 0 33 0 0 0 0 0 0 -1 168 3 331 0 0 0 0 0 0 0 1 0 0 2 296 0 2712 152 27 0 0 0 3 0 2 0 0 0 0 -1 0 0 0 0 164 0 0 153 167 158 33 148 124 1 167 1 172 5 0 -1 159 1 26 0 2 2 0 0 165 0 0 0 0 1 0 0 127 0 2 0 0 335 -1 2 2712 1 158 0 0 146 0 0 0 1 0 0 0 2 171 3 138 0 2 1 0 0 30 0 0 162 0 0 2881 307 133 1 0 0 3 0 6 0 149 0 0 173 156 0 189 156 2712 0 0 33 0 0 0 1 0 2 2 0 0 159 0 146 0 0 3 155 0 156 2 157 162 0 145 1 0 1 0 0 0 183 -1 0 161 0 2 167 0 0 0 149 
1 0 0 163 3 0 0 1 0 0 0 0 0 175 45 0 180 0 0 0 0 1 165 388 181 0 0 201 0 4 0 0 0 0 1 1 1 0 0 190 1 0 0 0 0 0 2681 1 2 0 3 0 0 0 1 0 174 0 161 0 0 160 0 161 169 5 0 2 0 0 182 0 2 0 165 0 2 159 0 0 167 165 6 0 182 1 0 2823 0 4 0 2824 2823 0 2 172 167 0 0 0 0 163 177 178 0 0 25 0 0 165 0 1 0 0 0 0 0 0 0 546 176 0 0 5 0 3 0 1 6 0 0 0 0 0 2 2 0 0 2 1 2 0 1 181 0 0 5 2 38 1 0 182 3 0 -1 0 0 0 162 3 172 38 0 2752 0 40 160 0 2 0 0 344 0 143 3 0 0 0 164 3 201 0 179 3 0 151 0 -1 166 192 2 1 177 38 147 0 0 0 0 169 2 0 0 339 -1 0 0 156 0 0 3 0 0 0 0 8 0 193 0 192 162 0 0 -1 162 1 159 163 0 4 0 0 156 165 2 0 0 0 5 168 2826 158 29 2 0 2 163 1 0 0 0 1 2868 168 0 0 174 2 0 152 30 0 0 0 163 1 0 0 348 42 0 166 0 0 0 0 0 200 0 3 4 0 0 0 0 0 0 189 0 0 0 196 165 0 0 5 1 0 30 193 0 161 348 0 2 0 0 0 42 38 0 36 0 29 0 2 0 0 0 0 0 2 192 0 0 145 1 0 0 0 39 1 0 176 2 150 0 178 2 0 0 1 0 186 2868 176 5 2736 0 3 351 0 0 0 177 0 0 0 0 0 168 181 157 0 0 0 0 6 0 0 37 0 0 30 165 0 6 2 0 0 0 2 0 -1 3 0 0 0 0 0 0 184 1 0 0 0 193 4 0 2823 2 30 1 0 0 0 0 3 0 2793 0 181 1 3 0 188 166 0 206 351 -1 2 0 0 198 1 187 156 43 0 2 0 163 150 0 158 171 1 3 175 164 191 0 0 0 150 26 1 318 2 0 0 188 0 0 1 -1 0 3 0 1 1 0 0 5 27 0 163 2927 0 0 162 171 0 2 3 0 0 0 0 0 162 0 0 0 2 0 0 0 0 159 42 2 154 2 0 0 2 0 0 3 1 0 2 0 0 161 0 0 0 0 0 171 1 177 0 144 195 0 2794 0 0 0 0 0 0 158 0 0 0 0 0 0 0 0 2792 0 191 0 4 161 0 0 0 0 0 0 40 0 0 0 203 0 0 0 0 0 0 3 0 0 0 166 0 1 0 0 0 0 2 0 0 0 186 176 359 0 0 0 166 165 363 0 2 184 3 0 3 164 0 5 0 2 0 -1 0 3 44 0 33 0 182 174 1 0 0 2869 0 5 0 0 160 2 0 0 169 0 0 0 343 194 179 195 1 150 0 3017 29 0 1 0 0 3 0 0 37 185 0 0 0 3 0 0 167 0 1 0 0 194 1 0 2789 188 -1 0 0 0 1 0 0 0 0 0 173 1 0 0 0 4 0 0 0 172 163 160 0 186 0 0 36 1 0 0 0 187 23 182 0 0 3 182 2831 0 -1 0 168 0 0 2 0 187 0 0 225 2868 2 0 0 0 160 0 0 0 3 0 0 185 2823 1 0 1 0 2797 199 0 0 381 -1 0 0 0 151 3 168 0 0 177 2 0 0 2 0 0 3 0 0 0 0 0 0 3 0 181 3 8 180 163 0 0 0 0 0 0 0 0 185 0 3 0 1 3 163 154 5 174 0 0 0 357 0 3 0 0 0 161 168 0 2 0 0 0 193 0 -1 0 0 3 143 0 0 0 1 0 0 174 159 2 0 170 0 0 193 1 0 0 30 0 0 0 0 0 0 -1 160 2 333 0 1 2 0 0 0 0 2 0 0 1 340 0 2868 192 34 0 0 0 0 0 2 0 0 0 0 -1 0 0 0 4 162 0 0 181 170 200 32 183 145 0 161 2 167 1 0 -1 184 1 25 0 2 5 0 0 167 0 0 0 0 1 0 0 178 0 3 0 0 341 -1 1 2868 0 164 0 0 176 0 0 0 2 5 0 0 2 164 4 190 0 3 3 0 0 39 0 0 189 0 0 3044 326 177 2 0 0 0 0 1 0 194 0 0 166 183 0 200 167 2868 0 0 41 0 0 0 2 1 2 1 0 0 184 0 181 0 0 2 161 0 162 2 155 191 0 183 1 0 4 0 0 0 162 -1 0 177 0 2 170 0 0 0 195 
0 0 0 194 5 0 0 2 4 0 0 0 0 205 48 0 208 0 0 0 0 3 191 469 213 0 0 211 0 1 0 0 0 0 1 5 2 0 0 202 1 0 0 0 0 0 3366 4 6 0 5 0 0 0 1 0 201 0 237 0 0 238 0 247 200 4 0 4 0 0 209 0 3 3 194 0 3 192 0 0 215 257 2 0 216 1 0 3554 0 2 0 3686 3554 0 1 214 213 0 1 0 1 211 222 226 0 0 59 0 0 191 0 1 0 0 0 0 0 0 0 637 245 0 0 3 0 11 1 0 4 3 0 0 0 0 2 4 0 0 3 1 6 0 2 224 0 0 4 1 43 1 0 229 5 0 -1 0 0 0 178 6 197 53 0 3463 0 41 241 0 0 0 0 447 0 224 2 0 0 0 227 1 211 0 213 1 0 212 0 -1 218 237 1 4 223 50 241 0 0 0 0 217 1 0 0 450 -1 0 0 213 0 0 2 0 0 0 0 1 0 236 0 218 211 0 1 -1 211 0 216 221 0 1 0 0 210 222 7 0 0 0 1 199 3696 196 53 3 1 5 243 4 0 0 0 1 3736 177 0 0 212 3 0 203 46 0 0 0 194 0 0 0 465 40 0 220 0 0 0 0 6 210 0 4 5 0 0 0 0 0 0 217 0 0 2 202 213 0 0 2 3 0 40 230 0 189 406 0 0 0 0 0 44 42 0 45 0 37 0 3 0 0 0 0 0 1 228 3 0 229 2 4 0 0 41 1 0 234 4 218 0 188 2 0 0 1 0 221 3736 184 4 3567 0 4 401 1 0 0 227 0 0 0 0 0 194 208 207 0 0 0 0 1 0 0 50 0 0 41 214 0 7 1 0 0 0 6 0 -1 2 0 0 0 0 0 0 221 0 0 0 0 214 4 0 3554 2 42 1 0 0 0 2 1 0 3519 0 220 3 2 2 204 207 0 262 463 -1 1 0 0 234 2 226 247 48 0 2 0 194 204 0 216 224 3 5 205 227 220 0 0 1 207 50 2 430 1 0 0 216 0 0 4 -1 0 3 0 3 1 0 0 0 47 0 191 3822 0 0 202 211 0 3 6 0 0 0 0 0 235 0 0 0 2 0 0 0 0 214 40 1 218 0 0 0 0 0 0 3 3 0 3 0 0 219 0 0 0 0 0 222 1 219 0 228 239 0 3504 0 0 0 0 1 0 213 0 0 0 0 7 0 0 0 3519 0 209 0 1 204 0 0 0 0 3 0 54 0 0 1 272 0 0 0 0 0 0 0 4 0 0 214 0 3 0 0 0 2 5 0 0 0 221 192 399 0 1 0 196 187 455 0 1 209 1 0 7 213 0 7 0 1 0 -1 0 6 46 0 41 0 223 216 3 0 0 3737 0 9 0 0 185 2 4 0 219 0 0 0 429 239 210 215 1 213 0 3922 50 1 1 0 0 3 0 0 45 226 0 0 0 3 0 0 218 0 3 0 0 230 0 0 3504 199 -1 0 0 0 3 0 0 0 0 0 205 4 0 0 0 2 0 1 0 185 211 193 0 227 0 0 41 4 0 0 0 213 42 193 0 0 1 192 3691 0 -1 0 210 0 0 1 0 212 0 0 260 3736 0 0 0 0 194 0 0 0 6 0 0 204 3554 0 0 4 0 3506 209 0 0 439 -1 0 0 0 212 2 217 0 0 215 0 0 0 1 0 0 1 0 0 0 0 0 0 2 0 224 5 7 201 206 0 0 1 0 0 0 0 0 226 0 2 0 1 2 215 209 4 204 0 0 0 461 0 1 0 0 0 216 194 0 5 0 0 0 219 0 -1 0 0 3 226 0 0 0 1 0 0 201 211 3 0 204 0 0 233 1 0 0 43 0 0 0 0 0 0 -1 218 2 434 0 0 4 0 0 1 0 1 0 0 0 443 0 3736 218 47 0 0 0 1 1 3 0 0 0 0 -1 0 0 0 2 233 0 0 199 218 212 39 220 208 0 209 2 219 2 0 -1 209 1 58 0 2 5 0 0 234 0 0 0 0 0 0 0 191 0 1 0 0 441 -1 1 3736 0 195 0 0 202 0 0 0 2 2 2 0 5 210 4 202 0 1 6 0 0 55 0 0 228 1 0 3943 414 219 1 0 0 1 0 3 0 239 0 0 214 236 1 205 215 3736 0 0 59 0 0 0 0 5 2 2 0 0 209 0 224 0 0 0 188 0 215 3 225 209 0 227 1 0 2 0 0 0 238 -1 0 246 0 3 218 0 0 0 230 
0 0 0 167 0 0 0 5 1 0 0 0 0 170 33 0 145 0 0 0 0 1 142 299 166 0 0 161 0 2 0 0 0 0 3 3 0 0 0 157 3 0 0 0 0 0 2397 4 1 0 0 0 0 0 1 0 139 0 164 0 0 163 0 168 137 2 0 2 0 0 169 0 1 2 161 0 2 166 0 0 165 171 1 0 165 1 0 2530 0 3 0 2742 2530 0 4 173 161 0 0 0 1 157 125 138 0 0 39 0 0 142 0 2 0 0 0 0 0 0 0 487 146 0 0 3 0 5 3 0 5 4 0 0 0 0 2 1 0 0 2 1 3 0 2 171 0 0 2 3 30 1 0 127 1 0 -1 1 0 0 147 0 132 41 0 2455 0 31 161 0 0 0 0 336 0 168 2 0 0 0 146 4 161 0 126 4 0 157 0 -1 164 134 3 3 162 23 175 0 0 0 0 167 4 0 0 311 -1 0 0 159 0 0 5 0 0 0 0 1 0 129 0 156 145 0 1 -1 145 0 178 179 0 4 0 0 153 178 3 0 0 0 2 165 2744 137 30 2 0 4 166 0 0 0 0 0 2769 177 0 0 160 1 0 143 37 0 0 0 167 0 0 0 335 25 0 171 0 0 0 1 4 167 1 2 0 0 0 0 0 0 0 169 0 0 0 160 168 0 0 4 3 0 45 168 0 158 313 0 3 0 0 0 44 32 0 39 0 33 0 1 0 0 0 0 0 0 167 1 0 168 3 2 0 0 41 0 1 157 4 162 0 166 3 0 0 1 0 170 2769 163 3 2622 0 4 290 0 0 0 136 0 0 0 0 0 136 168 153 0 0 0 0 3 0 0 45 0 0 22 165 0 4 1 0 0 0 6 0 -1 1 0 0 0 0 0 0 168 1 0 0 0 159 1 0 2530 3 24 5 0 0 0 1 2 0 2500 1 165 1 4 0 157 163 0 185 285 -1 1 0 0 156 0 154 164 31 0 2 0 164 146 0 193 176 3 3 175 146 172 0 0 0 150 29 0 318 3 0 0 168 0 0 4 -1 0 1 0 2 0 0 0 4 29 0 168 2806 0 1 150 132 0 2 3 0 0 0 0 0 158 0 0 0 3 0 0 0 0 166 25 1 147 0 0 0 1 0 0 3 6 0 1 0 0 173 0 0 0 0 1 165 4 162 0 168 131 0 2497 0 0 0 0 0 0 163 0 0 0 0 1 0 0 0 2504 0 153 0 1 150 0 0 0 0 1 0 34 0 0 0 190 0 0 0 0 0 0 4 1 0 0 165 0 0 0 0 0 1 1 0 0 0 170 154 330 0 0 0 159 143 294 0 4 150 1 0 5 154 0 3 0 2 0 -1 0 1 36 0 27 0 153 174 2 0 0 2770 0 1 0 0 138 1 0 0 163 0 0 0 311 142 172 162 1 165 0 2911 33 4 1 1 0 1 0 0 40 134 0 0 0 2 0 0 168 0 1 0 0 153 2 0 2488 160 -1 0 0 0 2 0 0 0 0 0 159 2 1 0 0 2 1 0 0 176 151 166 0 135 0 0 22 2 0 0 0 167 30 161 0 0 2 159 2731 0 -1 0 164 0 0 0 0 159 0 0 196 2769 2 0 0 0 162 0 0 0 1 0 0 156 2530 2 0 2 0 2502 167 0 0 305 -1 0 0 0 157 1 167 0 0 124 1 0 0 0 0 0 3 0 0 0 0 0 0 4 0 166 3 4 168 163 0 0 0 0 0 0 0 0 134 0 2 0 1 1 177 163 4 174 0 0 0 305 0 3 0 0 0 163 138 0 7 0 0 0 157 0 -1 0 0 0 167 0 0 0 1 0 0 157 164 2 0 139 0 0 156 1 0 0 20 0 0 0 0 0 0 -1 166 1 331 0 0 5 0 0 0 0 3 0 0 1 321 0 2769 156 28 0 0 0 2 0 3 0 0 0 0 -1 0 0 0 1 143 0 0 159 167 161 30 156 176 0 161 1 171 3 0 -1 150 4 38 0 1 3 0 0 149 0 0 0 0 0 0 0 156 0 1 0 0 299 -1 2 2769 0 168 0 0 139 0 0 0 1 2 0 0 0 169 3 157 0 1 4 0 0 33 0 0 168 1 0 2929 325 162 1 0 0 0 0 1 0 142 0 0 169 157 0 165 170 2769 0 0 38 0 0 0 2 2 2 2 0 0 150 0 166 0 0 2 164 0 158 1 167 160 0 133 2 0 4 0 0 0 167 -1 0 147 0 3 167 0 0 0 148 
0 0 0 99 1 0 0 2 0 0 0 0 0 69 21 0 82 0 0 0 0 0 77 160 87 0 0 87 0 0 0 0 0 0 2 2 3 0 0 91 1 0 0 0 0 0 1165 2 0 0 1 0 0 0 1 0 76 0 70 0 0 83 0 80 73 1 0 0 0 0 80 0 0 3 85 0 1 97 0 0 76 84 2 0 79 3 0 1226 0 1 0 1349 1226 0 0 83 75 0 1 0 0 85 84 73 0 0 17 0 0 77 0 0 0 0 0 0 0 0 0 245 80 0 0 3 0 0 0 0 2 2 0 0 0 0 2 1 0 0 2 1 1 0 1 78 0 0 1 1 15 1 0 74 3 0 -1 1 0 0 84 1 72 19 0 1188 0 17 86 0 0 0 0 151 0 64 2 0 0 0 72 1 87 0 84 0 0 85 0 -1 81 81 3 1 58 9 78 0 0 0 0 78 2 0 0 154 -1 0 0 93 0 0 5 0 0 0 0 1 0 82 0 91 74 0 0 -1 74 1 84 79 0 0 0 0 75 82 1 0 0 0 1 89 1336 73 20 2 2 6 87 1 0 0 0 2 1361 73 0 0 59 3 0 72 11 0 0 1 99 0 0 0 170 24 0 76 0 0 0 0 3 88 0 1 0 0 0 0 0 0 0 92 0 0 0 86 75 0 0 1 0 0 15 78 0 96 155 0 0 0 0 0 21 17 0 10 0 18 0 0 0 0 0 0 0 1 78 3 0 64 1 1 0 0 22 0 0 99 0 64 0 87 1 0 0 0 0 90 1361 85 1 1292 0 1 168 1 0 0 87 0 0 0 0 0 72 79 81 0 0 0 0 0 0 0 10 0 0 17 86 0 1 0 0 0 0 5 0 -1 1 0 0 0 0 0 0 82 1 0 0 0 72 1 0 1226 1 18 1 0 0 0 0 2 0 1214 0 58 3 2 1 78 76 0 91 163 -1 0 0 0 79 0 72 82 20 0 1 0 99 91 0 83 93 0 0 76 72 89 0 0 0 83 16 3 153 0 0 0 91 0 0 1 -1 0 0 0 1 0 0 0 3 16 0 95 1407 0 0 84 71 0 0 3 0 0 0 0 0 88 0 0 0 0 0 0 0 0 73 24 1 79 1 0 0 0 0 0 0 2 0 1 0 0 80 0 0 0 0 0 81 1 82 0 62 82 0 1211 0 0 0 0 0 0 71 0 0 0 0 4 0 0 0 1212 0 69 0 1 66 0 0 0 0 0 0 20 0 0 0 106 0 1 0 0 0 0 0 0 0 0 76 0 0 0 0 0 0 0 0 0 0 90 85 175 0 0 0 86 77 157 0 1 90 0 0 1 89 0 2 0 2 0 -1 0 0 17 0 19 0 72 85 0 0 0 1362 0 6 0 0 73 2 0 0 81 0 0 1 173 78 71 79 2 78 0 1414 21 0 1 0 0 0 0 0 11 89 0 0 0 0 0 0 86 0 2 0 0 78 0 0 1213 74 -1 0 0 1 1 0 0 0 0 0 85 2 0 0 0 3 0 0 0 75 84 99 0 90 0 0 13 2 0 0 0 91 16 87 0 0 1 75 1342 0 -1 0 71 0 0 0 0 88 0 0 96 1361 1 0 0 0 88 0 0 0 1 0 0 76 1226 1 0 1 0 1210 87 0 0 174 -1 0 0 0 85 1 89 0 0 85 2 0 0 3 0 0 0 0 0 0 0 0 0 2 0 60 0 3 78 76 0 0 0 0 0 0 0 0 89 0 1 0 1 1 80 73 1 75 0 0 0 156 0 0 0 0 0 74 75 0 2 0 0 0 92 0 -1 0 0 1 63 0 0 0 1 0 0 86 72 1 0 74 0 0 79 1 0 0 23 0 0 0 0 0 0 -1 75 1 153 0 0 3 0 0 0 0 1 0 0 0 170 0 1361 91 14 0 0 0 0 0 0 0 0 0 0 -1 1 0 0 0 62 0 0 96 88 87 12 61 79 0 71 1 77 0 0 -1 90 0 17 0 5 0 0 0 62 0 0 0 0 0 0 0 87 0 2 0 0 157 -1 1 1361 0 100 1 0 77 0 0 0 1 0 0 0 0 76 4 91 0 0 0 0 0 20 0 0 76 0 0 1445 152 82 1 0 0 1 0 2 0 78 0 0 76 99 0 84 91 1361 0 0 18 0 0 0 1 0 1 0 0 0 90 0 60 0 0 1 95 0 83 1 75 78 0 89 1 0 2 0 0 0 71 -1 0 81 0 1 88 0 0 0 77 
0 0 0 83 0 0 0 0 0 0 0 0 0 84 18 0 92 0 0 0 0 2 95 183 84 0 0 103 0 2 0 0 0 0 0 1 0 0 0 96 2 0 0 0 0 0 1351 0 0 0 1 0 0 0 1 0 87 0 94 0 0 89 0 101 95 4 0 2 0 0 95 0 3 2 81 0 2 82 0 0 85 105 1 0 91 0 0 1400 0 2 0 1516 1400 0 1 100 85 0 0 0 0 94 93 74 0 0 14 0 0 95 0 2 0 0 0 0 0 0 0 240 105 0 0 3 0 1 0 0 0 1 0 0 0 0 0 0 0 0 1 1 2 0 2 92 0 0 3 0 17 1 0 105 1 0 -1 0 0 0 95 3 86 18 0 1363 0 15 89 0 0 0 0 189 0 68 1 0 0 0 80 0 103 0 88 0 0 92 0 -1 100 88 2 1 85 21 97 0 0 0 0 88 1 0 0 171 -1 0 0 103 0 0 3 0 0 0 0 0 0 97 0 99 72 0 1 -1 72 0 88 96 0 0 0 0 88 98 4 0 0 0 3 82 1503 89 16 1 3 3 91 3 0 0 0 0 1531 85 0 0 80 1 0 84 11 0 0 0 83 0 0 0 186 28 0 73 0 0 0 0 0 70 0 2 0 0 0 0 1 0 0 86 0 0 0 67 81 0 0 1 0 1 11 85 0 80 178 0 1 0 0 0 16 15 0 22 0 16 0 1 0 0 0 0 0 0 85 1 0 68 1 0 0 0 18 1 0 91 0 94 0 81 0 0 0 1 0 91 1531 80 2 1462 0 0 172 1 0 0 98 0 0 0 0 0 87 94 76 0 0 0 0 1 0 0 16 0 0 22 95 0 1 1 0 0 0 2 0 -1 2 0 0 0 0 0 0 94 1 0 0 0 76 0 0 1400 1 22 1 0 0 0 0 1 0 1384 0 86 2 0 0 72 85 0 103 162 -1 0 0 0 97 0 91 98 23 0 1 0 83 95 0 90 82 1 0 103 80 84 0 0 0 89 22 0 173 1 0 0 85 0 0 0 -1 0 3 0 0 1 0 0 2 17 0 84 1569 0 0 92 73 0 1 2 0 0 0 0 0 88 0 0 1 1 0 0 0 0 70 28 1 71 3 0 0 0 0 0 0 3 0 0 0 0 93 0 0 0 0 0 104 0 73 0 69 98 0 1383 0 0 0 0 0 0 69 0 0 0 0 3 0 0 0 1381 0 73 0 3 87 0 0 0 0 1 0 18 0 0 0 106 0 0 0 0 0 0 2 0 0 0 85 0 0 0 0 0 0 0 0 0 0 91 81 160 0 1 0 78 95 192 0 1 99 3 0 3 95 0 3 0 5 0 -1 0 1 24 0 17 0 91 101 3 0 0 1532 0 5 0 0 92 2 1 0 103 0 0 0 192 109 85 81 1 98 0 1587 20 0 1 1 0 2 0 0 15 96 0 0 0 1 0 0 96 0 1 0 0 94 1 0 1382 84 -1 0 0 0 0 0 0 0 0 0 76 1 1 0 0 0 0 0 0 90 93 82 0 97 0 0 20 1 0 0 0 84 15 82 0 0 0 84 1512 0 -1 0 95 0 0 1 0 84 0 0 93 1531 3 0 1 0 80 0 0 0 3 0 1 77 1400 1 0 0 0 1385 70 0 0 166 -1 0 0 0 92 1 97 0 0 92 0 0 0 1 0 0 1 0 0 0 0 1 0 2 0 86 0 3 73 82 0 0 0 0 0 0 0 0 96 0 4 0 1 1 94 71 0 102 0 0 0 189 0 1 0 0 0 71 84 0 0 0 0 0 100 0 -1 0 0 2 67 0 0 0 0 0 0 75 85 0 0 95 0 0 95 1 0 0 17 0 0 0 0 0 0 -1 71 1 186 0 0 3 0 0 0 0 1 0 0 0 169 0 1531 99 16 0 0 0 1 0 1 0 0 0 0 -1 0 0 0 3 86 0 0 87 97 105 19 85 88 0 76 0 73 2 0 -1 99 0 13 0 2 2 0 0 87 0 0 0 0 0 0 0 81 0 1 0 0 159 -1 2 1531 0 84 0 0 90 0 0 0 0 0 2 0 1 80 3 96 0 1 1 0 0 18 0 0 87 0 0 1606 166 73 1 0 0 0 0 0 0 109 0 0 82 90 0 71 79 1531 0 0 21 0 0 0 0 1 3 0 0 0 99 0 86 0 0 1 82 0 81 2 75 77 0 94 2 0 0 0 0 0 94 -1 0 106 0 0 97 0 0 0 94 
1 0 0 157 2 0 0 2 1 0 0 0 0 139 33 0 164 0 0 0 0 1 162 333 140 0 0 185 0 2 0 0 0 0 2 3 0 0 0 159 2 0 0 0 0 0 2478 3 1 0 1 0 0 0 1 0 161 0 152 0 0 183 0 156 139 4 0 1 0 0 158 0 1 2 155 0 4 153 0 0 160 160 0 0 124 1 0 2609 0 3 0 2723 2609 0 1 168 153 0 0 0 0 156 160 178 0 0 37 0 0 162 0 4 0 0 0 0 0 0 0 469 146 0 0 1 0 3 1 0 2 3 0 0 0 0 0 1 0 0 0 1 2 0 3 131 0 0 8 4 34 1 0 151 5 0 -1 2 0 0 182 2 160 43 0 2541 0 41 182 0 1 0 0 315 0 172 1 0 0 0 159 3 185 0 165 3 0 164 0 -1 170 168 3 5 161 38 150 0 0 0 0 164 1 0 0 351 -1 0 0 178 0 0 2 0 0 0 0 4 0 175 0 175 165 0 0 -1 165 0 147 144 0 0 0 0 148 147 1 0 0 0 3 163 2721 127 32 0 1 5 182 0 0 0 0 2 2754 155 0 0 155 2 0 141 27 0 0 0 157 0 0 0 311 33 0 153 0 0 0 0 2 160 2 1 1 0 0 0 1 0 0 144 0 0 0 150 169 0 0 2 2 0 31 154 0 154 298 0 2 0 0 0 33 27 0 32 0 39 0 3 0 0 0 0 0 1 152 1 0 174 2 1 0 0 30 3 0 159 0 154 0 151 0 0 0 1 0 157 2754 147 4 2626 0 4 313 2 0 0 157 0 0 0 0 0 158 157 143 0 0 0 0 4 0 0 33 0 0 33 156 0 2 1 0 0 0 6 0 -1 4 0 0 0 0 0 0 128 0 0 0 0 164 2 0 2609 5 33 2 0 0 0 0 2 0 2587 0 165 1 1 0 161 149 0 200 319 -1 2 0 0 141 0 181 156 40 0 3 0 155 173 0 155 165 2 3 158 159 142 0 0 0 162 36 2 299 3 0 0 143 0 0 1 -1 0 1 0 3 1 0 0 0 32 0 153 2806 0 0 147 176 0 1 4 0 0 0 0 0 175 0 0 1 1 0 0 0 0 162 33 1 151 4 0 0 0 0 0 0 1 0 5 0 0 147 0 0 0 0 0 173 1 154 0 174 179 0 2584 0 0 0 0 0 0 161 0 0 0 0 2 0 0 0 2584 0 160 0 1 168 0 0 0 0 1 0 34 0 0 0 197 0 0 0 0 0 0 2 3 0 0 162 0 2 0 0 0 1 4 0 0 0 157 166 322 0 0 0 161 157 339 0 3 167 0 0 4 153 0 5 0 4 0 -1 0 3 26 0 37 0 178 169 0 0 0 2755 0 5 0 0 153 0 0 0 170 0 0 0 325 161 140 170 1 150 0 2875 32 2 1 1 0 3 0 0 30 171 0 0 0 5 0 0 156 0 2 0 0 138 2 0 2582 159 -1 0 0 0 0 0 0 0 0 0 171 4 1 0 0 1 0 0 0 164 151 154 0 172 0 0 33 3 0 0 0 141 27 170 0 0 3 155 2727 0 -1 0 144 0 0 0 0 140 0 0 203 2754 1 0 0 0 161 0 0 0 5 0 0 159 2609 0 0 1 0 2582 160 0 0 317 -1 0 0 0 164 0 161 0 0 163 0 0 0 4 0 0 0 0 0 0 0 0 0 2 0 167 0 2 159 157 0 0 0 1 0 0 0 0 171 0 3 0 1 5 142 155 2 157 0 0 0 325 0 1 0 0 0 164 162 0 3 0 0 0 176 0 -1 0 0 2 171 0 0 0 5 0 0 162 169 3 0 139 0 0 141 1 0 0 39 0 0 0 0 0 0 -1 148 1 343 0 0 4 0 0 0 0 2 0 0 0 321 0 2754 175 40 0 0 0 2 0 2 0 0 0 0 -1 1 0 0 2 146 0 0 159 160 181 28 162 147 0 166 2 152 1 0 -1 167 2 37 0 4 3 0 0 150 0 0 0 0 0 0 0 169 0 2 0 0 330 -1 0 2754 0 158 0 0 164 0 0 0 2 0 0 0 0 168 3 159 0 2 2 0 0 31 0 0 153 0 0 2927 292 154 1 0 0 6 0 3 0 161 0 0 170 165 0 156 161 2754 0 0 35 0 0 0 0 1 3 3 0 0 167 0 167 0 0 2 151 0 148 1 141 164 0 171 1 0 3 0 0 0 157 -1 0 147 0 2 160 0 0 0 136 
1 0 0 97 1 0 0 1 0 0 0 0 0 120 26 0 117 0 0 0 0 0 120 222 107 0 0 114 0 1 0 0 0 0 2 4 0 0 0 117 3 0 0 0 0 0 1842 2 1 0 1 0 0 0 1 0 108 0 127 0 0 126 0 109 121 2 0 2 0 0 111 0 1 2 128 0 2 95 0 0 125 113 0 0 128 2 0 1939 0 3 0 2086 1939 0 1 102 134 0 0 0 1 123 116 118 0 0 32 0 0 120 0 2 0 1 0 0 0 0 0 354 123 0 0 3 0 0 1 0 4 2 0 0 0 0 0 3 0 0 0 1 1 0 3 134 0 0 4 1 28 1 0 101 4 0 -1 0 0 0 132 0 103 25 0 1890 0 18 120 0 1 0 0 238 0 123 5 0 0 0 125 0 114 0 119 1 0 117 0 -1 97 118 2 0 115 33 125 0 0 0 0 126 3 0 0 242 -1 0 0 115 0 0 3 0 0 0 0 1 0 104 0 124 121 0 1 -1 121 0 135 112 0 1 0 0 116 114 0 0 0 0 1 133 2084 120 29 1 0 3 124 0 0 0 0 0 2107 134 0 0 118 0 0 118 23 0 0 0 97 0 0 0 258 23 0 126 0 0 0 0 5 152 0 0 4 0 0 0 0 0 0 112 0 0 0 148 121 0 0 1 3 0 26 117 0 92 233 0 0 0 0 0 30 30 0 24 0 29 0 0 0 0 0 0 0 0 117 3 0 124 1 1 0 0 22 1 0 132 2 125 0 130 2 0 0 2 0 104 2107 129 3 1996 0 0 234 0 0 0 135 0 0 0 0 0 105 110 118 0 0 0 0 1 0 0 25 0 0 19 118 0 2 2 0 0 0 2 0 -1 1 0 0 0 0 0 0 133 1 0 0 1 126 1 0 1939 1 19 2 0 0 0 0 2 0 1910 0 119 0 2 0 118 137 0 135 251 -1 2 0 0 133 0 127 110 29 0 2 0 92 107 0 145 119 0 3 130 125 112 0 0 0 114 21 2 204 4 0 0 111 0 0 2 -1 0 1 0 1 0 0 0 1 29 0 96 2179 0 1 131 111 0 1 2 0 0 0 0 0 120 0 0 0 2 0 0 0 0 120 23 1 129 2 0 0 0 0 0 1 5 0 4 0 0 111 0 0 0 0 0 101 1 129 0 123 105 0 1921 0 0 0 0 0 0 117 0 0 0 0 3 0 0 0 1920 0 122 0 1 125 0 0 0 0 2 0 39 0 0 0 133 0 0 0 0 0 0 1 2 0 0 122 0 1 0 0 0 1 1 0 0 0 104 109 219 0 1 0 128 118 218 0 2 114 1 0 1 132 0 3 0 1 0 -1 0 2 23 0 29 0 125 107 0 0 0 2108 0 4 0 0 112 0 1 0 100 0 0 0 247 105 121 121 1 104 0 2199 33 0 1 0 0 1 0 0 37 120 0 0 0 1 0 0 114 0 3 0 0 132 1 0 1909 121 -1 0 0 0 0 0 0 0 0 0 109 2 0 0 0 0 1 0 0 134 136 95 0 121 0 0 29 1 0 0 0 111 21 112 0 0 3 128 2080 0 -1 0 126 0 0 1 0 109 0 0 149 2107 1 0 0 0 131 0 0 0 1 0 0 115 1939 4 0 2 0 1907 153 0 0 282 -1 0 0 0 117 1 117 0 0 118 1 0 0 0 0 0 1 0 0 0 0 0 0 2 0 119 1 7 111 123 0 0 0 0 0 0 0 0 120 0 2 0 1 5 114 118 4 129 0 0 0 240 0 2 0 0 0 121 107 0 2 0 0 0 125 0 -1 0 1 0 122 0 0 0 0 0 0 108 117 1 0 122 0 0 130 1 0 0 16 0 0 0 0 0 0 -1 122 3 220 0 0 2 0 0 0 0 1 0 0 0 222 0 2107 124 29 0 0 0 2 0 2 0 0 0 0 -1 0 0 0 2 108 0 0 105 118 117 22 115 138 0 118 0 125 0 0 -1 114 1 32 0 2 0 0 0 112 0 0 0 0 1 0 0 111 0 1 0 0 241 -1 2 2107 0 98 0 0 110 0 0 0 0 3 0 0 3 122 1 117 0 0 3 0 0 38 0 0 118 0 0 2218 224 129 1 0 0 0 0 1 0 105 0 0 122 134 0 150 119 2107 0 0 24 0 0 0 3 0 3 2 0 1 114 0 119 0 0 1 94 0 124 1 119 119 0 120 1 0 3 0 0 0 127 -1 0 124 0 0 118 0 0 0 130 
1 0 0 109 1 0 0 2 2 0 0 0 0 141 26 0 123 0 0 0 0 0 148 261 124 0 0 133 0 1 0 0 0 0 3 0 0 0 0 124 0 0 0 0 0 0 2019 2 1 0 2 0 0 0 1 0 130 0 140 0 1 138 0 122 126 1 0 2 0 0 137 0 2 0 134 0 1 108 0 0 123 128 1 0 124 3 0 2123 0 2 0 2216 2123 0 0 124 128 0 0 0 1 145 115 126 0 0 34 0 0 148 0 0 0 0 0 0 0 0 0 381 140 0 0 2 0 1 4 0 3 2 0 0 0 0 3 0 0 0 3 1 2 0 3 132 0 0 0 2 30 1 0 140 5 0 -1 0 0 0 118 0 128 22 0 2069 0 29 135 0 1 1 0 279 0 132 1 0 0 0 148 3 133 0 111 1 0 140 0 -1 132 137 2 5 142 17 128 0 0 0 0 128 1 0 0 254 -1 0 0 139 0 0 3 0 0 0 0 1 0 125 0 130 138 0 0 -1 138 0 142 123 0 2 0 0 96 123 1 0 0 0 4 137 2216 118 37 2 0 4 139 3 0 0 0 3 2248 135 0 0 141 2 0 91 35 0 0 1 109 0 0 0 269 30 0 161 0 0 0 0 1 140 1 3 1 0 0 0 0 0 0 128 0 0 0 132 125 0 0 2 1 2 29 133 0 107 252 0 5 0 0 0 30 21 0 34 0 23 0 3 0 0 1 0 0 0 132 1 0 132 1 2 0 0 27 0 0 132 4 147 0 133 2 0 0 5 0 100 2248 129 4 2148 0 0 242 0 0 0 110 0 0 0 0 0 131 136 116 0 0 0 0 4 0 0 24 0 0 30 115 0 2 1 0 0 0 5 0 -1 1 0 0 0 0 0 0 129 4 0 0 0 120 4 0 2123 2 31 0 0 0 0 1 0 0 2096 0 146 0 3 1 119 128 0 142 277 -1 1 0 0 137 0 126 126 22 0 2 0 108 130 0 134 129 1 1 118 148 132 0 0 1 137 33 2 237 3 0 0 127 0 0 3 -1 0 5 0 0 1 0 0 3 32 0 105 2302 0 0 134 124 0 2 3 0 0 0 0 0 134 0 0 1 0 0 0 0 0 127 30 1 136 2 0 0 0 0 0 0 3 0 2 0 0 119 0 0 0 0 0 134 2 129 0 131 128 0 2098 0 0 0 0 0 0 128 0 0 0 0 1 0 0 0 2097 0 115 0 5 132 0 0 0 0 2 0 28 0 0 0 135 0 0 0 0 0 0 0 1 0 0 127 0 0 0 0 0 2 0 0 0 0 100 115 247 0 0 0 137 144 274 0 3 114 5 0 7 140 0 1 0 4 0 -1 0 3 26 0 27 0 122 127 1 0 0 2249 0 7 0 0 145 1 3 0 133 0 0 0 269 154 142 127 2 113 0 2349 35 1 1 2 0 1 0 0 30 121 0 0 0 0 0 0 112 0 0 0 0 136 3 0 2095 123 -1 0 0 0 1 0 0 0 0 0 135 2 0 0 0 3 1 0 0 136 140 106 0 122 0 0 25 1 0 0 0 123 25 120 0 0 1 123 2219 0 -1 0 122 0 1 0 0 126 0 0 159 2248 2 0 0 0 134 0 0 0 1 0 0 123 2123 1 0 1 0 2092 140 0 0 249 -1 0 0 0 140 1 116 0 0 120 2 0 0 1 0 0 3 0 0 0 0 1 0 1 0 147 1 5 137 123 0 0 0 0 0 0 0 0 121 0 1 0 1 2 119 126 4 117 0 0 0 263 0 1 0 0 0 129 124 0 3 0 0 0 131 0 -1 0 0 1 131 0 0 0 0 0 0 134 132 0 0 129 0 0 137 1 0 0 24 0 0 0 0 0 0 -1 163 0 259 0 0 2 0 0 0 0 2 0 0 0 258 0 2248 130 15 0 0 0 3 0 1 0 0 0 0 -1 0 0 0 1 130 0 0 103 116 134 22 140 127 0 121 0 164 3 0 -1 114 2 33 0 3 2 0 0 131 0 0 0 0 0 0 0 120 0 8 0 0 252 -1 2 2248 0 110 0 0 131 0 0 0 0 0 0 0 0 125 4 124 0 1 2 0 0 27 0 0 132 3 0 2384 242 129 1 0 0 2 0 3 0 154 0 0 126 131 0 133 125 2248 0 0 37 0 0 0 0 1 2 3 0 0 114 0 147 0 0 0 108 0 124 0 115 123 0 122 1 0 2 0 0 0 142 -1 0 141 0 1 116 0 0 0 129 
0 0 0 205 3 0 0 4 4 0 0 0 0 222 53 0 227 0 0 0 0 4 243 471 204 0 0 205 0 5 0 0 0 0 4 0 1 0 0 211 0 0 0 0 0 0 3491 0 6 0 5 0 0 0 1 0 211 0 215 0 0 219 0 235 222 7 0 2 0 0 216 0 0 2 226 0 1 201 0 0 221 239 4 0 207 5 0 3682 0 4 0 3706 3682 0 2 215 208 0 0 0 0 232 218 242 0 0 39 0 0 243 0 6 0 0 0 0 0 0 0 708 251 0 0 2 0 6 3 0 4 2 0 0 0 0 4 3 0 0 2 1 2 0 2 214 0 0 7 2 34 1 0 224 2 0 -1 1 0 0 221 5 206 45 1 3583 0 51 217 0 0 0 0 436 0 209 6 0 0 0 241 5 205 0 212 1 0 217 0 -1 243 223 1 4 224 43 210 0 0 0 0 224 1 0 0 447 -1 0 0 213 0 0 3 0 0 0 0 0 0 223 0 237 217 0 0 -1 217 0 238 212 0 4 0 0 236 218 2 0 0 0 4 230 3716 213 37 3 4 9 221 1 0 0 0 3 3756 229 0 0 226 5 0 226 47 0 0 1 205 0 0 0 432 40 0 249 0 0 0 1 4 205 1 3 5 0 0 0 0 0 0 209 0 0 0 190 218 0 0 3 3 0 36 247 0 202 428 0 1 0 0 0 52 46 0 41 0 55 0 3 0 0 0 0 0 0 243 1 0 209 0 1 0 0 38 0 0 238 3 237 0 248 1 0 0 2 0 217 3756 244 3 3560 0 3 451 0 0 0 215 0 0 0 0 0 206 215 234 0 0 0 0 3 0 0 40 0 0 49 236 0 1 5 0 0 0 3 0 -1 4 0 0 0 0 0 0 210 4 0 0 0 230 2 0 3682 2 52 3 0 0 0 1 3 0 3638 0 228 1 5 1 213 209 0 286 432 -1 2 0 0 249 0 240 232 45 0 3 0 202 204 0 200 214 5 7 228 241 205 0 0 1 212 44 2 461 2 0 0 208 0 0 2 -1 0 4 0 4 0 0 0 2 34 0 199 3832 0 0 187 232 0 6 5 0 0 0 0 0 215 0 0 0 3 0 0 0 0 210 40 5 203 4 0 0 0 0 0 3 7 0 4 0 0 207 0 0 0 0 0 250 3 233 0 210 224 0 3624 0 0 0 0 0 0 204 0 0 0 0 5 0 0 0 3633 0 223 0 2 213 0 0 0 0 3 0 44 0 0 0 283 0 0 0 0 0 0 2 5 0 0 223 0 4 0 0 0 1 3 0 0 0 217 221 467 0 0 0 215 241 466 0 9 223 4 0 7 195 0 6 0 4 0 -1 0 3 55 0 48 0 235 219 1 0 0 3757 0 5 0 0 241 5 6 0 244 0 0 0 464 230 224 222 1 211 0 3957 51 8 1 2 0 4 0 0 41 223 0 0 0 4 0 0 240 0 2 0 0 245 6 0 3634 219 -1 0 0 0 4 0 0 0 0 0 212 1 0 0 0 4 1 0 0 235 196 198 0 224 0 0 52 4 0 0 0 207 40 232 0 0 2 218 3712 0 -1 0 233 0 0 4 0 202 0 0 259 3756 3 0 1 0 221 0 0 0 1 0 0 214 3682 4 0 2 0 3639 206 0 0 427 -1 0 0 0 217 0 239 0 0 216 2 0 0 2 0 0 1 0 0 0 0 1 0 2 0 231 4 11 217 214 0 0 1 0 0 0 0 0 223 0 5 0 1 2 210 207 5 227 0 0 0 462 0 3 0 0 0 208 200 0 3 0 0 0 238 0 -1 0 0 2 208 0 0 0 1 0 0 209 200 3 0 222 0 0 245 1 0 0 44 0 0 0 0 0 0 -1 236 6 461 0 0 5 0 0 0 0 2 0 0 0 408 0 3756 237 45 0 0 0 1 0 0 0 0 0 0 -1 0 0 0 0 221 0 0 248 241 205 42 217 186 0 210 2 244 5 0 -1 223 2 37 0 1 1 0 0 226 0 0 0 0 0 0 0 229 0 5 0 0 482 -1 2 3756 0 206 0 0 220 0 0 0 1 1 0 0 3 219 3 211 0 2 3 0 0 44 0 0 248 1 0 3968 426 233 1 0 0 1 0 2 0 230 0 0 219 241 0 202 210 3756 0 0 38 0 0 0 2 1 1 5 0 0 223 0 231 0 0 2 200 0 238 2 228 219 0 225 1 0 5 1 0 0 220 -1 0 252 0 2 241 0 0 0 241 
0 0 0 74 0 0 0 0 1 0 0 0 0 72 16 0 70 0 0 0 0 2 77 157 106 0 0 86 0 1 0 0 0 0 0 0 0 0 0 71 1 0 0 0 0 0 1133 1 1 0 2 0 0 0 1 0 72 0 70 0 0 79 0 91 70 1 0 3 0 0 90 0 2 0 69 0 2 73 0 0 76 94 1 0 68 1 0 1192 0 1 0 1262 1192 0 2 75 75 0 0 0 0 65 83 68 0 0 18 0 0 77 0 1 0 0 0 0 0 0 0 212 75 0 0 3 0 2 0 0 0 1 0 0 0 0 0 4 0 0 0 1 1 0 3 72 0 0 3 1 21 1 0 75 0 0 -1 0 0 0 68 0 71 20 0 1169 0 18 77 0 1 1 0 160 0 78 0 0 0 0 63 1 86 0 79 2 0 68 0 -1 69 66 1 0 76 14 78 0 0 0 0 77 2 0 0 145 -1 0 0 72 0 0 1 0 0 0 0 1 0 81 0 77 83 0 0 -1 83 0 72 74 0 3 0 0 80 75 2 0 0 0 2 69 1260 68 11 1 2 2 79 0 0 0 0 1 1281 80 0 0 76 0 0 81 11 0 0 0 74 0 0 0 149 20 0 72 0 0 0 0 0 60 0 0 0 0 0 0 0 0 0 109 0 0 0 59 78 0 0 0 1 0 15 75 0 74 147 0 0 0 0 0 14 21 0 15 0 16 0 0 0 0 0 0 0 0 74 1 0 78 1 0 0 0 18 0 0 84 0 75 0 86 0 0 0 4 0 76 1281 82 3 1211 0 0 168 0 0 0 75 0 0 0 0 0 74 89 69 0 0 0 0 2 0 0 14 0 0 16 80 0 0 1 0 0 0 0 0 -1 0 0 0 0 0 0 0 69 4 0 0 0 83 3 0 1192 1 16 1 0 0 0 0 2 0 1175 0 76 2 0 0 79 72 0 85 137 -1 0 0 0 86 0 71 90 13 0 0 0 74 66 0 85 80 0 0 75 63 109 0 0 0 67 12 0 132 1 0 0 108 0 0 2 -1 0 0 0 1 0 0 0 0 9 0 71 1310 0 0 60 67 0 0 1 0 0 0 0 0 80 0 0 1 0 0 0 0 0 80 20 1 71 1 0 0 1 0 0 0 2 0 1 0 0 72 0 0 0 0 0 72 2 79 0 79 82 0 1176 0 0 0 0 0 0 76 0 0 0 0 0 0 0 0 1177 0 81 0 0 68 0 0 0 0 1 0 27 0 0 0 94 0 0 0 0 0 0 2 5 0 0 76 0 0 0 0 0 0 1 0 1 0 76 57 137 0 0 0 66 76 136 0 0 77 0 0 2 64 0 3 0 0 0 -1 0 0 13 0 17 0 71 75 2 0 0 1282 0 2 0 0 75 0 1 0 71 0 0 0 141 81 74 81 1 69 0 1335 18 2 1 1 0 1 0 0 16 84 0 0 0 0 0 0 74 0 1 0 0 85 1 0 1179 68 -1 0 0 0 0 0 0 0 0 0 59 0 0 0 0 2 1 0 0 88 65 73 0 85 0 0 10 0 0 0 0 104 23 58 0 0 1 65 1258 0 -1 0 59 0 0 0 0 106 0 0 92 1281 1 0 0 0 66 0 0 0 0 0 0 79 1192 1 0 2 0 1178 61 0 0 134 -1 0 0 0 68 0 79 0 0 80 0 0 0 0 0 0 1 0 0 0 0 1 0 1 0 77 3 2 75 72 0 0 0 0 0 0 0 0 84 0 1 0 1 2 73 76 1 74 0 0 0 150 0 0 0 0 0 80 70 0 2 0 1 0 78 0 -1 0 0 2 76 0 0 0 1 0 0 58 89 1 0 70 0 0 86 1 0 0 13 0 0 0 0 0 0 -1 69 0 148 0 0 0 0 0 0 0 1 0 0 0 181 0 1281 77 14 0 0 0 1 0 4 0 0 0 0 -1 0 0 0 0 68 0 0 59 80 86 10 78 80 0 77 0 74 0 0 -1 77 0 18 0 0 0 0 0 72 0 0 0 0 0 0 0 57 0 2 0 0 142 -1 2 1281 0 75 0 0 74 0 0 0 0 0 0 0 1 78 2 71 0 2 1 0 0 27 0 0 77 0 0 1342 145 79 1 0 0 2 0 1 0 81 0 0 79 81 0 61 81 1281 0 0 15 0 0 0 0 0 3 1 0 0 77 0 77 0 0 1 72 0 71 1 63 80 0 85 1 0 1 0 0 0 70 -1 0 76 0 1 80 0 0 0 84 
1 0 0 146 2 0 0 2 1 0 0 0 0 147 41 0 133 0 0 0 0 2 147 308 131 0 0 122 0 1 0 0 0 0 1 2 1 0 0 145 0 0 0 0 0 0 2130 2 0 0 1 0 0 0 1 0 160 0 132 0 0 124 0 126 145 1 0 2 0 0 118 0 1 5 118 0 2 144 0 1 139 133 5 0 149 1 0 2238 0 1 0 2317 2238 0 3 128 148 0 0 0 0 149 116 132 0 0 30 0 0 147 0 3 0 0 0 0 0 0 0 429 142 0 0 6 0 3 2 0 1 0 0 0 0 0 3 5 0 0 3 1 1 0 0 152 0 0 5 3 31 1 0 145 1 0 -1 0 0 0 150 1 157 21 0 2185 0 32 118 0 1 0 0 251 0 136 2 0 0 0 131 1 122 0 116 0 0 158 0 -1 130 128 2 3 145 31 146 0 0 0 0 142 3 0 0 247 -1 0 0 160 0 0 4 0 0 0 0 1 0 149 0 138 154 0 0 -1 154 0 135 125 0 1 0 0 134 125 5 0 0 0 1 123 2309 141 28 1 2 3 123 0 0 0 0 0 2339 122 0 0 136 3 0 130 32 0 0 0 146 0 0 0 273 30 0 137 0 0 0 0 1 150 0 1 2 0 0 0 0 0 0 133 0 0 1 141 162 0 0 2 6 1 39 157 0 144 279 0 2 0 0 0 27 19 0 36 0 22 0 0 0 0 0 0 0 0 155 5 1 137 2 2 0 0 32 0 0 135 2 129 0 141 1 0 0 0 0 160 2339 139 2 2242 0 3 253 0 0 0 156 0 0 0 0 0 153 117 128 0 0 0 0 2 0 0 29 0 0 25 147 0 2 3 0 0 0 2 0 -1 0 0 0 0 0 0 0 149 0 0 0 0 134 1 0 2238 2 26 1 0 0 0 0 1 0 2208 0 142 3 3 1 136 144 0 165 279 -1 2 0 0 148 0 136 124 32 0 2 0 145 156 0 131 128 2 6 153 131 130 0 0 0 154 33 0 261 1 0 0 132 0 0 1 -1 0 4 0 2 1 0 0 3 27 0 142 2377 0 1 121 128 0 2 5 0 0 0 0 0 120 0 0 0 1 0 0 0 0 134 30 3 147 2 0 0 0 0 0 2 1 0 4 0 0 121 0 0 0 0 0 133 1 133 0 134 151 0 2212 0 0 0 0 0 0 128 0 0 0 0 4 0 0 0 2212 0 131 0 2 131 0 0 0 0 3 0 25 0 0 0 185 0 1 0 0 0 0 2 0 0 0 138 0 0 0 0 0 1 3 0 0 0 160 134 285 0 0 0 121 146 259 0 0 138 2 0 4 126 0 3 0 4 0 -1 0 4 24 0 20 0 133 129 2 0 0 2340 0 6 0 0 139 1 0 0 133 0 0 0 284 152 151 141 1 121 0 2462 33 2 1 2 0 1 0 0 30 120 0 0 0 1 0 0 147 0 2 0 0 146 6 0 2208 142 -1 0 1 0 2 0 0 0 0 0 136 1 1 0 0 0 1 0 0 122 122 142 0 121 0 0 25 2 1 0 0 130 35 143 0 0 0 137 2318 0 -1 0 144 0 0 0 0 123 0 0 165 2339 4 0 0 0 119 0 0 0 1 0 0 137 2238 3 0 2 0 2212 149 0 0 303 -1 0 0 0 158 2 150 0 0 113 0 0 0 1 0 0 4 0 0 0 0 0 0 2 0 144 3 5 154 138 0 0 0 0 0 0 0 0 120 0 1 0 1 3 122 130 0 152 0 0 0 291 0 3 0 0 0 134 152 0 3 0 0 0 139 0 -1 0 0 1 135 0 0 0 1 0 0 134 142 2 0 145 0 0 145 1 0 0 36 0 0 0 0 0 0 -1 129 2 296 0 0 1 0 0 0 0 1 0 0 0 248 0 2339 138 26 0 0 0 5 0 1 0 0 0 0 -1 0 0 0 2 151 0 1 129 152 125 29 138 126 0 158 2 136 0 0 -1 138 1 30 0 0 3 0 0 149 0 0 0 0 1 0 0 139 0 1 0 0 264 -1 1 2339 0 147 0 0 161 0 0 0 2 1 0 0 0 161 1 145 0 2 0 0 0 26 0 0 153 1 0 2476 246 133 1 0 0 0 0 2 0 152 0 0 163 138 0 144 127 2339 0 0 18 0 0 0 1 0 1 1 0 0 138 0 144 0 0 2 141 0 129 1 135 140 0 118 1 0 6 0 0 0 133 -1 0 143 0 3 152 0 0 0 141 
0 0 0 97 1 0 0 1 1 0 0 0 0 91 33 0 83 0 0 0 0 3 97 166 80 0 0 84 0 1 0 0 0 0 1 0 0 0 0 100 1 0 0 0 0 0 1322 1 3 0 1 0 0 0 1 0 74 0 97 0 0 87 0 90 93 1 0 1 0 0 118 0 1 1 91 0 0 93 0 0 76 94 0 0 72 1 0 1385 0 0 0 1545 1385 0 2 85 98 0 0 0 0 104 78 72 0 0 24 0 0 97 0 1 0 0 0 0 0 0 0 274 80 0 0 5 0 1 2 0 1 1 0 0 0 0 1 1 0 0 1 1 2 0 2 74 0 0 2 2 19 1 0 102 0 0 -1 1 0 0 109 1 72 17 1 1360 0 20 90 0 0 0 0 215 0 91 1 0 0 0 78 1 84 0 77 1 0 91 0 -1 96 85 0 1 96 21 99 0 0 0 0 77 2 0 0 183 -1 0 0 92 0 0 2 0 0 0 0 3 0 81 0 88 77 1 0 -1 77 0 86 82 0 2 0 0 79 84 2 0 0 0 1 94 1550 88 18 2 0 3 92 0 0 0 0 1 1562 79 0 0 99 1 0 76 25 0 0 0 97 0 0 0 166 12 0 108 0 0 0 0 2 82 0 0 2 0 0 0 0 0 0 82 0 0 0 77 89 0 0 1 0 0 19 84 0 93 166 0 1 0 0 0 17 20 0 18 0 21 0 0 0 0 0 0 0 0 82 1 0 93 1 2 0 0 14 0 0 95 1 81 0 83 1 0 0 2 0 79 1562 81 1 1501 0 1 159 0 0 0 93 0 0 0 0 0 68 117 96 0 0 0 0 2 0 0 18 0 0 16 81 0 4 0 0 0 0 3 0 -1 1 0 0 0 0 0 0 73 0 0 0 0 76 1 0 1385 1 16 3 0 0 0 1 1 0 1368 0 99 1 6 1 78 98 0 106 176 -1 1 0 0 87 1 97 95 13 0 0 0 96 85 0 88 79 3 3 100 78 84 0 0 0 88 20 4 179 1 0 0 81 0 0 0 -1 0 1 0 0 0 0 0 0 15 0 93 1607 0 0 89 69 0 0 1 0 0 0 0 0 89 0 0 0 0 0 0 0 0 106 12 0 92 3 0 0 0 0 0 1 3 0 0 0 0 81 0 0 0 0 0 96 2 87 0 94 82 0 1365 0 0 0 0 0 0 104 0 0 0 0 2 0 0 0 1372 0 75 0 0 85 0 0 0 0 2 0 18 0 0 0 92 0 0 0 0 0 0 2 1 0 0 75 0 1 0 0 0 1 0 0 0 0 79 102 188 0 0 0 94 98 179 0 0 76 3 0 2 88 0 4 0 1 0 -1 0 1 27 0 11 0 97 87 1 0 0 1563 0 0 0 0 95 0 1 0 95 0 0 0 191 107 95 82 1 84 0 1634 19 1 1 0 0 2 0 0 23 79 0 0 0 0 0 0 80 0 2 0 0 86 2 0 1367 93 -1 0 0 0 3 0 0 0 0 0 89 3 0 0 0 2 0 0 0 83 91 96 0 80 0 0 11 2 0 0 0 79 15 106 0 0 0 97 1530 0 -1 0 85 0 0 0 0 80 0 0 100 1562 0 0 0 0 93 0 0 0 0 0 0 77 1385 0 0 1 0 1371 82 0 0 173 -1 0 0 0 91 2 81 0 0 78 1 0 0 2 0 0 1 0 0 0 0 0 0 5 0 100 2 4 88 71 0 0 0 0 0 0 0 0 79 0 1 0 1 3 82 105 2 99 0 0 0 171 0 1 0 0 0 106 72 0 1 0 0 0 89 0 -1 0 0 1 93 0 0 0 2 0 0 91 78 1 0 94 0 0 86 1 0 0 13 0 0 0 0 0 0 -1 104 2 185 0 0 0 0 0 0 0 0 0 0 0 168 0 1562 88 24 0 0 0 1 0 0 1 0 0 0 -1 0 0 0 3 80 0 0 98 81 82 17 96 86 0 84 4 108 0 0 -1 76 2 24 0 0 0 0 0 81 0 0 0 0 0 0 0 106 0 3 0 0 171 -1 0 1562 0 98 0 0 75 0 0 0 3 2 0 0 2 89 1 100 0 0 1 0 0 18 0 0 83 0 0 1652 200 87 1 0 0 2 0 3 0 107 0 0 90 96 0 79 75 1562 0 0 23 0 0 0 2 1 1 2 0 0 76 0 100 0 0 3 95 0 99 1 90 81 0 78 1 0 3 0 0 0 97 -1 0 81 0 0 81 0 0 0 83 
0 0 0 152 0 0 0 1 2 1 0 0 0 136 34 0 132 0 0 0 0 1 140 293 149 0 0 138 0 0 0 0 0 0 0 0 1 0 0 148 3 0 0 0 0 0 2135 1 0 0 1 0 0 0 1 0 135 0 143 0 0 145 0 141 132 0 0 2 0 0 129 0 2 3 136 0 1 151 0 0 161 142 5 0 147 1 0 2252 0 2 0 2429 2252 0 3 136 139 0 0 0 2 160 146 118 0 0 23 0 0 140 0 1 0 2 0 0 0 0 0 463 143 0 0 3 0 5 1 0 6 3 1 0 0 0 1 3 0 0 1 1 2 0 0 153 0 0 2 3 38 1 0 148 1 0 -1 0 0 0 153 2 128 28 0 2191 0 35 143 0 1 0 0 275 0 147 2 0 0 0 145 1 138 0 141 5 0 159 0 -1 150 148 2 1 129 22 143 0 0 0 0 165 2 0 0 279 -1 0 0 115 0 0 2 0 0 0 0 2 0 140 0 139 151 0 0 -1 151 0 142 150 0 0 0 0 137 147 0 0 0 0 2 137 2441 133 25 3 3 7 147 2 0 0 0 3 2470 135 0 0 126 0 0 129 33 0 0 2 152 0 0 0 300 29 0 131 0 1 0 0 4 137 0 2 1 0 0 0 1 0 0 151 0 0 0 135 153 0 0 0 5 1 36 150 0 148 275 0 0 0 0 0 30 34 0 23 0 25 0 2 0 0 0 0 0 0 148 2 0 150 2 1 0 0 19 1 0 137 4 154 0 152 0 0 0 0 0 160 2470 149 3 2339 0 3 290 0 0 0 137 0 0 0 0 0 133 128 147 0 0 0 0 1 0 0 37 0 0 34 168 0 3 2 0 0 0 2 0 -1 0 0 0 0 0 0 0 152 2 0 0 0 133 3 0 2252 1 34 1 0 0 0 0 2 0 2219 0 127 1 3 0 146 141 0 164 293 -1 1 0 0 142 1 146 134 28 0 3 0 150 107 0 131 139 2 4 154 145 151 0 0 3 157 27 0 273 3 0 0 150 0 0 2 -1 0 1 0 2 1 0 0 1 24 0 151 2505 0 1 120 120 0 2 2 0 0 0 0 0 144 0 0 0 2 0 0 0 0 136 29 2 137 1 0 0 0 0 0 4 3 0 3 0 0 146 0 0 0 0 0 153 1 159 0 151 143 0 2224 0 0 0 0 0 0 134 0 0 0 0 2 0 0 0 2228 0 122 0 3 133 0 0 0 0 0 0 31 0 0 1 193 0 0 0 0 0 0 3 4 0 0 164 0 2 0 0 0 1 1 0 0 0 160 156 267 0 1 0 133 140 297 0 1 147 3 0 1 127 0 4 0 1 0 -1 0 3 30 0 38 0 145 137 1 0 0 2471 0 2 0 0 136 2 1 0 150 0 0 0 297 156 140 154 1 148 0 2590 31 0 1 2 0 0 0 0 31 148 0 0 0 0 0 0 170 0 0 0 0 142 3 0 2223 142 -1 0 0 0 2 0 0 0 0 0 142 1 0 0 0 1 0 0 0 132 129 150 0 149 0 0 32 1 0 0 0 150 35 162 0 0 1 141 2446 0 -1 0 125 0 0 0 0 148 0 0 186 2470 1 0 0 0 135 0 0 0 5 0 0 145 2252 1 0 1 0 2222 136 0 0 280 -1 0 0 0 159 4 169 0 0 146 0 0 0 4 0 0 0 0 0 0 0 0 0 1 0 130 1 11 141 156 0 0 0 0 0 0 0 0 148 0 2 0 1 4 138 128 2 153 0 0 0 271 0 1 0 0 0 135 131 0 0 0 1 0 140 0 -1 0 0 4 149 0 0 0 1 0 0 140 144 1 0 136 0 0 139 1 0 0 29 0 0 0 0 0 0 -1 128 1 305 0 0 0 0 0 0 0 0 0 0 0 287 0 2470 139 24 0 0 0 3 0 5 0 0 0 0 -1 0 0 0 0 130 0 0 127 170 139 34 123 124 0 148 1 131 1 0 -1 147 3 23 0 1 2 0 0 129 0 0 0 0 0 0 0 159 0 2 0 0 271 -1 1 2470 0 153 0 0 138 0 0 0 3 0 0 0 0 153 2 148 0 2 2 1 0 32 0 0 148 2 0 2612 247 159 2 0 0 2 0 2 0 156 0 0 154 138 0 134 131 2470 0 0 28 0 0 0 2 1 2 1 0 0 147 0 130 0 0 3 149 0 149 1 132 149 1 147 1 0 2 0 0 0 146 -1 0 144 0 5 170 0 0 0 141 
1 0 0 208 3 0 0 5 0 0 0 0 0 191 34 0 181 0 0 0 0 3 194 376 175 0 0 198 0 2 0 0 0 0 1 0 4 0 0 198 3 0 0 0 0 0 2915 3 2 0 3 0 0 0 1 0 213 0 203 0 0 203 0 185 218 2 0 5 0 0 181 0 1 1 212 0 4 208 0 0 191 194 5 0 177 0 0 3083 0 2 0 3290 3083 0 3 206 213 0 0 0 0 204 185 195 0 0 50 0 0 194 0 0 0 0 0 0 0 0 0 576 179 0 0 7 0 5 2 0 6 4 0 0 0 0 3 3 0 0 3 1 4 0 4 186 0 0 5 2 33 1 0 181 5 0 -1 0 0 0 184 2 211 33 0 3023 0 42 201 0 0 0 0 388 0 173 1 1 0 0 188 5 198 0 192 2 0 182 0 -1 191 184 4 2 175 40 196 0 0 0 0 193 2 0 0 370 -1 0 0 168 0 0 4 0 0 0 0 3 0 177 0 187 186 0 0 -1 186 0 196 171 0 5 0 0 193 171 2 0 0 0 1 216 3284 218 34 3 2 8 204 0 0 0 0 4 3326 165 0 0 176 1 0 193 44 0 0 0 208 0 0 0 387 42 0 187 0 0 0 1 3 163 0 3 3 0 0 0 0 0 0 180 0 0 1 156 211 0 0 3 1 0 53 195 0 202 370 0 0 0 0 0 43 38 0 35 0 46 0 4 0 0 2 0 0 1 192 0 0 175 2 1 0 0 39 0 0 198 0 205 0 190 1 0 0 5 0 221 3326 185 2 3175 0 4 372 0 0 0 210 0 0 0 0 0 206 180 180 0 0 0 0 5 0 0 29 0 0 35 216 0 5 5 0 0 0 3 0 -1 1 0 0 0 0 0 0 182 4 0 0 0 188 2 0 3083 2 36 1 0 0 0 1 5 0 3048 0 180 2 2 0 165 209 0 205 380 -1 1 0 0 182 0 179 186 31 0 4 0 206 165 0 201 192 3 5 171 188 183 0 0 0 177 40 3 376 1 0 0 179 0 0 3 -1 0 3 0 0 1 0 0 2 34 0 206 3372 0 0 176 190 0 1 4 0 0 0 0 0 197 0 0 0 2 0 0 0 0 200 42 2 188 2 0 0 0 0 0 1 5 0 5 0 0 169 0 0 0 0 0 193 6 206 0 173 181 0 3053 0 0 0 1 0 0 198 0 0 0 0 3 0 0 0 3047 0 183 0 2 196 0 0 0 0 3 0 34 0 0 0 259 0 1 0 0 0 0 2 4 0 0 191 0 0 0 0 0 3 1 0 0 0 221 179 388 0 0 0 213 189 368 0 3 191 2 0 6 176 0 5 0 2 0 -1 0 2 42 0 51 0 177 211 2 0 0 3327 0 6 0 0 185 5 2 0 191 0 0 0 386 199 194 175 1 166 0 3475 39 6 1 4 0 3 0 0 39 194 0 0 0 2 0 0 212 0 1 0 0 178 3 0 3035 187 -1 0 0 0 2 0 0 0 0 0 196 0 0 0 0 4 1 0 0 167 175 204 0 195 0 0 42 5 0 0 0 176 42 180 0 0 6 187 3283 0 -1 0 198 0 2 0 0 178 0 0 219 3326 4 0 0 0 208 0 0 0 1 0 0 162 3083 2 0 5 0 3054 161 0 0 374 -1 0 0 0 182 4 216 0 0 191 2 0 0 4 0 0 3 0 0 0 0 1 0 3 0 182 2 13 202 185 0 0 0 0 0 0 0 0 194 0 0 0 1 3 166 193 2 170 0 0 0 377 0 0 0 0 0 195 207 0 7 0 0 0 188 0 -1 0 0 1 174 0 0 0 1 0 0 193 196 0 0 221 0 0 180 1 0 0 36 0 0 0 0 0 0 -1 175 2 401 0 0 3 0 0 0 0 2 0 0 0 370 0 3326 187 32 0 0 0 4 0 1 0 0 0 0 -1 0 0 0 3 182 0 0 185 218 199 38 184 192 0 200 5 186 0 0 -1 191 2 49 0 0 1 0 0 184 0 0 0 0 1 0 0 180 0 2 0 0 387 -1 1 3326 0 209 0 0 215 0 0 0 3 4 0 0 1 209 3 198 0 1 3 0 0 37 0 0 195 3 0 3522 367 206 1 0 0 3 0 1 0 199 0 0 212 197 0 160 184 3326 0 0 32 0 0 0 5 3 2 2 0 0 191 0 182 0 0 3 205 0 188 2 194 170 0 192 1 0 1 0 0 0 207 -1 0 180 0 0 218 0 0 0 171 
1 0 0 120 2 0 0 3 1 0 0 0 0 115 28 0 103 0 0 0 0 1 113 264 131 0 0 129 0 3 0 0 0 0 2 1 2 0 0 135 3 0 0 0 0 0 1954 1 0 0 0 0 0 0 1 0 119 0 128 0 0 121 0 124 115 1 0 1 0 0 151 0 2 2 111 0 1 117 0 0 142 130 1 0 140 3 0 2056 0 0 0 2199 2056 0 1 126 122 0 0 0 0 112 126 112 0 0 28 0 0 113 0 2 0 0 0 0 0 0 0 367 142 0 0 1 0 1 0 0 1 1 0 0 0 0 0 0 0 0 2 1 3 1 2 145 0 1 5 0 34 1 0 120 2 0 -1 0 0 0 138 2 119 30 0 2013 0 29 118 0 1 0 0 281 0 134 2 0 0 0 116 1 129 0 129 5 0 145 0 -1 145 144 2 0 110 33 147 0 0 0 0 145 1 0 0 250 -1 0 0 131 0 0 2 0 0 0 0 0 0 141 0 110 113 0 0 -1 113 0 116 116 0 3 0 0 110 118 1 0 0 0 3 114 2194 115 21 1 4 6 121 1 0 0 0 1 2224 136 0 0 111 2 0 107 28 0 0 0 120 0 0 0 265 30 0 141 0 0 0 0 3 159 0 1 3 0 0 0 0 0 0 137 0 0 0 155 116 0 0 1 2 0 26 121 0 117 241 0 0 0 0 0 21 26 0 21 0 33 0 1 0 0 1 0 0 1 120 1 0 135 1 1 0 0 22 0 0 127 1 121 0 106 0 0 0 4 0 123 2224 104 7 2133 0 1 228 0 0 0 105 0 0 0 0 0 114 150 128 0 0 0 0 2 0 0 33 0 0 22 138 0 3 0 0 0 0 1 0 -1 4 0 0 0 0 0 0 143 2 0 0 0 119 3 0 2056 0 22 3 0 0 0 1 4 0 2031 0 116 2 2 0 134 125 0 157 258 -1 1 0 0 143 0 139 121 32 0 5 0 119 123 0 142 124 0 3 138 116 138 0 0 0 141 30 0 281 1 0 0 136 0 0 2 -1 0 1 0 0 0 0 0 4 19 0 117 2273 0 1 115 108 0 1 4 1 0 0 0 0 115 0 0 0 2 0 0 0 0 138 30 3 112 4 0 0 0 0 0 1 4 0 1 0 0 115 0 0 0 0 0 149 6 125 0 136 143 0 2027 0 0 0 0 0 0 135 0 0 0 0 1 0 0 1 2036 0 117 0 1 135 0 0 0 0 3 0 32 0 0 0 167 0 0 0 0 0 0 1 1 0 0 142 0 0 0 0 0 1 4 0 0 0 123 124 254 0 0 0 111 112 288 0 2 134 2 0 3 119 0 4 0 1 0 -1 0 0 21 0 24 0 139 129 1 0 0 2225 0 5 0 0 108 2 0 0 147 0 0 0 219 127 120 140 1 112 0 2311 25 2 1 2 0 4 0 0 26 130 0 0 0 0 0 0 133 0 1 0 0 143 2 0 2018 134 -1 0 0 0 2 0 0 0 0 0 109 4 2 0 0 3 0 0 0 144 121 117 0 131 0 0 29 0 0 0 0 134 23 125 0 0 4 132 2178 0 -1 0 125 0 1 1 0 132 0 0 162 2224 0 0 0 0 113 0 0 0 3 0 0 136 2056 1 0 3 0 2029 159 0 0 264 -1 0 0 0 145 0 139 0 0 128 2 0 0 0 0 0 1 0 1 0 0 1 0 0 0 117 2 1 122 137 0 0 0 0 0 0 0 0 130 0 2 0 1 2 111 134 2 137 0 0 0 243 0 2 0 0 0 137 115 0 2 0 0 0 111 0 -1 0 0 2 131 0 0 0 2 0 0 106 133 0 0 119 0 0 141 1 0 0 29 0 0 0 0 0 0 -1 140 3 262 0 0 0 0 0 0 0 1 0 0 0 241 0 2224 110 27 0 0 0 1 0 0 0 0 0 0 -1 0 0 0 3 127 0 0 128 139 129 27 119 130 0 112 2 140 2 0 -1 134 3 28 0 1 1 0 0 132 0 0 0 0 0 0 0 121 0 3 0 0 245 -1 1 2224 0 121 0 0 118 0 0 0 1 3 0 0 1 117 3 135 0 4 1 0 0 29 0 0 121 0 0 2336 284 125 1 0 0 2 0 2 0 127 0 0 117 129 0 155 125 2224 0 0 24 0 0 0 4 2 3 2 0 0 134 0 117 0 0 4 118 0 130 1 142 136 0 130 1 0 1 0 0 0 130 -1 0 143 0 2 139 0 0 0 138 
1 0 0 201 3 0 0 2 1 0 0 0 0 219 38 0 205 0 0 0 0 2 207 430 192 0 0 215 0 4 0 0 0 0 1 3 1 0 0 191 0 0 0 0 0 0 3058 6 2 1 2 0 0 0 1 0 189 0 180 0 0 200 0 169 176 2 0 3 0 0 191 0 6 1 185 0 1 199 0 0 187 175 3 0 200 3 0 3202 0 1 0 3261 3202 0 3 179 203 0 0 0 1 182 182 205 0 0 40 0 0 207 0 1 0 0 0 0 0 0 0 574 201 0 0 5 0 1 2 0 2 4 0 0 0 0 5 1 0 0 0 1 5 0 0 208 0 0 5 2 49 1 0 179 2 0 -1 0 0 0 176 3 182 45 1 3127 0 46 191 0 0 0 0 374 0 201 3 0 0 0 201 5 215 0 179 1 0 185 0 -1 190 180 1 3 187 28 187 0 0 0 0 190 2 0 0 396 -1 0 0 180 0 0 4 0 0 0 0 0 0 214 0 216 182 0 0 -1 182 0 197 167 0 2 0 0 202 165 1 0 0 0 2 196 3263 172 40 1 2 2 199 5 0 0 0 2 3302 186 0 0 189 4 0 196 42 0 0 1 201 0 0 0 405 38 0 183 0 0 0 0 1 197 1 4 4 0 0 0 1 0 0 198 0 0 0 190 194 0 0 0 8 1 42 215 0 198 411 0 1 0 0 0 40 42 0 45 0 34 0 0 0 0 0 0 0 0 212 0 0 206 0 2 0 0 37 1 0 172 4 205 0 176 1 0 0 2 0 179 3302 174 8 3130 0 2 350 2 0 0 178 0 0 0 0 0 178 190 179 0 0 0 0 0 0 0 38 0 0 36 194 0 6 2 0 0 0 6 0 -1 3 0 0 0 0 0 0 205 1 0 0 0 188 4 0 3202 2 37 2 0 0 0 0 6 0 3148 0 187 1 0 1 190 197 0 243 368 -1 2 0 0 192 1 217 171 47 0 6 0 197 177 0 193 187 1 5 192 201 202 0 0 1 182 44 6 365 1 0 0 197 0 0 3 -1 0 5 0 3 1 0 0 2 39 0 203 3368 0 1 204 204 0 3 4 0 0 0 0 0 194 0 0 0 3 0 0 0 0 185 38 2 187 7 0 0 0 0 0 5 3 0 1 0 0 162 0 0 0 0 0 191 4 190 0 203 215 0 3153 0 0 0 0 0 0 181 0 0 0 0 2 0 0 0 3169 0 183 0 2 172 0 0 0 0 2 0 46 0 0 0 231 0 0 0 0 0 0 4 0 0 0 188 0 3 0 0 0 2 3 0 0 0 179 174 407 0 0 0 193 205 365 0 3 205 1 0 2 207 0 10 0 1 0 -1 0 2 36 0 43 0 213 183 3 0 0 3303 0 4 0 0 194 1 2 0 187 1 0 0 393 191 224 198 1 151 0 3473 40 9 1 3 0 2 0 0 42 188 0 0 0 2 0 0 195 0 2 0 0 191 0 0 3169 204 -1 0 0 0 2 0 0 0 0 0 207 2 1 0 0 4 1 0 0 186 207 201 0 189 0 0 50 3 0 0 0 194 34 178 0 0 5 200 3257 0 -1 0 184 0 0 2 0 191 0 0 234 3302 1 0 1 0 194 0 0 0 4 0 0 190 3202 3 0 3 0 3155 195 0 0 380 -1 0 0 0 185 2 199 0 0 182 2 0 0 5 0 0 3 0 0 0 0 0 0 4 0 191 2 4 218 182 0 0 0 0 0 0 0 0 188 0 2 0 1 1 161 180 1 191 0 0 0 424 0 3 0 0 0 182 183 0 5 0 0 0 217 0 -1 0 0 4 204 0 0 0 4 0 0 200 205 2 0 180 0 0 190 1 0 0 42 0 0 0 0 0 0 -1 176 5 383 0 0 1 0 0 0 0 1 0 0 2 385 0 3302 216 42 0 0 0 1 0 3 0 0 0 0 -1 0 0 0 2 202 0 0 187 198 215 42 189 183 0 190 0 183 4 0 -1 205 3 40 0 0 6 0 0 202 0 0 0 0 0 0 0 178 0 3 0 0 396 -1 2 3302 0 202 0 0 190 0 0 0 1 3 1 0 2 195 2 191 0 3 3 0 0 46 0 0 213 2 0 3507 364 190 1 0 0 4 0 4 0 191 0 0 195 173 0 191 183 3302 0 0 34 0 0 0 4 4 0 0 0 0 205 0 191 0 0 3 200 0 183 4 191 193 0 188 2 0 0 0 0 0 183 -1 0 202 0 4 198 0 0 0 184 
0 0 0 170 1 0 0 2 1 0 0 0 0 152 23 0 153 0 0 0 0 1 151 289 147 0 0 143 0 2 0 0 0 0 0 2 4 0 0 170 1 0 0 0 0 0 2294 3 0 0 3 0 0 0 1 0 151 0 168 0 0 162 0 161 143 4 0 3 0 0 152 0 1 2 175 0 3 166 0 0 163 163 3 0 148 2 0 2415 0 1 0 2586 2415 0 1 155 155 0 0 0 0 142 143 144 0 0 34 0 0 151 0 2 0 0 0 0 0 0 0 480 156 0 0 3 0 1 1 0 2 2 0 0 0 0 0 2 0 0 2 1 5 0 3 151 1 0 5 1 34 1 0 139 1 0 -1 0 0 0 150 2 150 28 0 2340 0 36 157 0 0 0 0 320 0 142 1 0 0 0 170 2 143 0 137 3 0 143 0 -1 160 162 0 0 156 30 150 0 0 0 0 168 0 0 0 263 -1 0 0 174 0 0 4 0 0 0 0 0 0 150 0 161 155 0 0 -1 155 0 149 164 0 4 0 0 164 164 3 0 0 0 3 177 2578 140 36 4 0 5 160 0 0 0 0 5 2620 131 0 0 151 3 0 156 31 0 0 1 170 0 0 0 313 42 0 155 0 0 0 1 1 121 1 2 1 0 0 0 0 0 0 150 0 0 0 117 151 0 0 4 1 0 25 138 0 167 281 0 1 0 0 0 42 34 0 25 0 32 0 1 0 1 0 0 0 0 138 2 0 144 3 1 0 0 28 0 0 131 1 149 0 148 0 0 0 2 0 156 2620 143 3 2514 0 2 280 0 0 0 133 0 0 0 0 0 151 151 147 0 0 0 0 4 0 0 29 0 0 26 149 0 3 5 0 0 0 3 0 -1 2 0 0 0 0 0 0 152 2 0 0 0 145 1 0 2415 3 26 3 0 0 0 0 1 0 2392 0 159 1 1 0 156 152 0 139 325 -1 4 0 0 119 0 115 155 30 0 2 0 167 164 0 141 163 4 1 164 170 149 0 0 0 138 38 3 318 1 0 0 149 0 0 1 -1 0 3 0 0 0 0 0 5 32 0 165 2654 0 1 152 138 0 0 3 0 0 0 0 0 159 0 0 0 4 0 0 0 0 148 42 2 158 2 0 0 1 0 0 1 2 0 4 0 0 161 0 0 0 0 0 164 1 181 0 145 151 0 2382 0 0 0 0 0 0 150 0 0 0 0 1 0 0 0 2395 0 135 0 1 150 0 0 0 0 4 0 32 0 0 0 180 0 0 0 0 0 0 3 2 0 0 165 0 0 0 0 0 3 5 0 0 0 156 162 294 0 0 0 170 150 311 0 0 141 1 0 7 156 0 5 0 0 0 -1 0 5 37 0 38 0 111 159 1 0 0 2621 0 4 0 0 148 1 0 0 164 0 0 0 303 145 153 161 1 160 0 2715 31 2 1 2 0 2 0 0 32 143 0 0 0 3 0 0 145 0 1 0 0 116 2 0 2387 168 -1 0 0 0 5 0 0 0 0 0 138 1 0 0 0 3 0 0 0 132 157 165 0 144 0 0 34 3 0 0 0 148 40 167 0 0 4 166 2589 0 -1 0 116 0 0 1 0 143 0 0 197 2620 0 0 1 0 175 0 0 0 1 0 0 156 2415 0 0 4 0 2384 120 0 0 254 -1 0 0 0 143 2 149 0 0 136 1 0 0 0 0 0 0 0 0 0 0 1 0 1 0 161 2 8 154 161 0 0 0 0 0 0 0 0 143 0 4 0 1 2 156 145 0 163 0 0 0 297 0 0 0 0 0 151 152 0 2 0 0 0 162 0 -1 0 0 1 139 0 0 0 1 0 0 140 126 2 0 144 0 1 119 1 0 0 24 0 0 0 0 0 0 -1 152 1 315 0 0 3 0 0 0 0 3 0 0 0 293 0 2620 161 27 0 0 0 0 0 3 0 0 0 0 -1 0 0 0 1 130 0 0 139 150 142 29 157 130 0 147 4 155 3 0 -1 141 4 34 0 3 0 0 0 129 0 0 0 0 0 0 0 167 0 3 0 0 295 -1 3 2620 0 171 0 0 152 0 0 0 6 2 3 0 0 151 2 170 0 3 3 0 0 34 0 0 138 0 0 2759 299 181 1 0 0 2 0 1 0 145 0 0 152 133 0 113 160 2620 0 0 28 0 0 0 1 4 3 2 0 0 141 0 161 0 0 2 164 0 151 1 164 157 0 145 1 0 1 0 0 0 168 -1 0 157 0 3 150 0 0 0 118 
0 0 0 244 2 0 0 3 6 0 0 0 0 218 52 0 237 0 0 0 0 1 237 488 238 0 0 254 0 4 0 0 0 0 6 0 2 0 0 245 1 0 0 0 0 0 3836 3 2 0 3 0 0 0 1 0 267 0 266 0 0 247 0 217 242 2 0 7 0 0 257 0 3 3 259 0 3 242 0 0 255 224 2 0 265 3 0 4042 0 0 0 4186 4042 0 5 237 229 0 0 0 0 243 245 249 0 0 48 0 0 237 0 2 0 0 0 0 0 0 0 770 254 0 0 6 0 7 8 0 5 4 0 0 0 0 2 5 0 0 3 1 6 0 6 269 0 0 1 6 49 1 0 248 3 0 -1 2 0 0 258 4 263 50 2 3941 0 70 240 0 0 0 0 528 0 231 2 0 0 0 255 8 254 0 247 5 0 250 0 -1 249 229 3 3 255 69 236 0 0 0 0 256 3 0 0 471 -1 0 0 218 0 0 6 0 0 0 0 2 0 239 0 255 262 0 1 -1 262 0 238 229 0 2 0 0 276 228 2 0 0 0 2 262 4191 233 34 2 2 7 250 4 0 0 0 3 4239 193 0 0 248 8 0 263 47 0 0 0 244 0 0 0 523 48 0 245 0 0 0 2 3 258 1 3 3 0 0 0 0 0 0 249 0 0 1 249 243 0 0 2 4 1 50 245 0 238 450 0 2 0 0 0 48 52 1 57 0 45 0 8 0 0 1 0 0 2 244 1 0 232 5 6 0 0 39 0 0 248 1 276 0 243 7 0 0 0 0 260 4239 239 5 4040 0 0 482 0 0 0 245 0 0 0 0 0 259 256 260 0 0 0 0 1 0 0 50 0 0 49 238 0 10 3 0 0 0 10 0 -1 2 0 0 0 0 0 0 272 1 0 0 0 233 3 0 4042 5 50 2 0 0 0 3 4 0 3980 0 255 7 0 0 249 225 0 279 443 -1 1 0 0 265 1 241 215 53 0 3 0 242 210 0 252 227 2 4 244 255 250 0 0 1 244 63 1 504 0 0 0 248 0 0 2 -1 0 5 0 7 1 0 0 3 28 0 242 4320 0 0 236 242 0 5 2 1 0 0 0 0 246 0 0 0 2 0 0 0 0 232 48 4 208 2 0 0 2 0 0 2 4 0 2 0 0 222 1 0 0 0 0 251 1 255 0 232 243 0 3985 0 0 0 0 0 0 223 0 0 0 0 1 0 0 0 3992 0 229 0 3 249 0 0 0 0 3 0 39 0 0 0 279 0 1 0 0 0 0 2 4 0 0 254 0 9 0 0 0 2 2 0 0 0 260 267 512 0 0 0 255 235 478 0 2 249 2 0 4 247 0 8 0 2 0 -1 0 3 62 0 58 0 246 242 2 0 0 4240 0 3 0 0 227 2 6 1 245 0 0 0 490 259 221 259 1 214 0 4433 54 4 1 2 0 4 0 0 48 253 0 1 0 4 0 0 242 0 5 0 0 262 4 0 3982 251 -1 0 0 0 3 0 0 0 0 0 269 6 1 0 0 3 0 0 0 195 248 243 0 254 0 0 53 2 0 0 0 245 43 276 0 0 6 243 4169 0 -1 0 283 0 1 0 0 244 0 0 307 4239 3 0 0 0 257 0 0 0 2 0 0 246 4042 3 0 6 0 3983 253 0 0 498 -1 0 0 0 250 4 246 0 0 243 4 0 0 3 0 0 3 0 0 0 0 0 0 7 0 260 3 13 241 247 0 0 0 0 0 0 0 0 253 0 2 0 1 5 231 229 2 243 0 0 0 514 0 2 0 0 0 232 263 0 5 0 0 0 256 0 -1 0 0 3 229 0 0 0 4 0 0 263 239 4 1 245 0 0 261 1 0 0 53 0 0 0 0 0 0 -1 239 4 491 0 0 3 0 0 0 0 3 0 0 0 473 0 4239 255 51 0 0 0 6 0 2 0 0 0 0 -1 0 0 0 4 251 0 1 261 246 252 39 257 237 0 232 3 247 4 0 -1 249 5 48 0 4 0 0 0 255 0 0 0 0 0 0 0 270 0 6 1 0 520 -1 3 4239 0 245 0 0 269 0 0 0 4 3 0 0 4 242 4 245 0 2 6 0 0 38 0 0 243 0 0 4506 515 255 1 0 0 4 0 3 0 259 0 0 244 253 0 246 222 4239 0 0 58 0 0 0 4 5 2 1 0 0 249 0 260 0 0 6 239 0 266 2 280 255 0 256 1 0 2 0 0 0 271 -1 0 255 0 4 246 0 0 0 257 
0 0 0 131 3 0 0 2 4 0 0 0 0 134 34 0 125 0 0 0 0 2 153 283 151 0 0 146 0 2 0 0 0 0 1 4 3 0 0 150 0 0 0 0 0 0 2138 1 2 1 1 0 0 0 1 0 139 0 135 0 0 138 0 136 132 2 0 6 0 0 152 0 1 3 124 0 0 131 0 0 150 137 2 0 139 0 0 2229 0 2 0 2246 2229 0 1 134 162 0 0 0 0 152 149 135 0 0 24 0 0 153 0 0 0 0 0 0 0 0 0 409 131 0 0 1 0 1 3 0 2 2 0 0 0 0 0 2 0 0 1 1 2 0 4 139 0 0 2 2 24 1 0 123 2 0 -1 1 0 0 133 3 138 26 4 2179 0 29 136 0 0 0 0 290 0 144 2 0 0 0 140 2 146 0 150 1 0 162 0 -1 143 136 4 2 135 29 108 0 0 0 0 152 2 0 0 294 -1 0 0 137 0 0 4 0 0 0 0 0 0 146 0 131 140 0 0 -1 140 0 108 129 0 3 0 0 139 130 3 0 0 0 3 128 2246 124 31 3 1 6 142 0 0 0 0 1 2273 132 0 0 128 1 0 133 27 0 0 2 131 0 0 0 285 27 0 116 0 0 0 1 1 140 0 2 1 0 0 0 0 0 0 154 0 0 0 133 141 0 0 5 2 1 29 135 0 128 261 1 2 0 0 0 34 35 0 25 0 32 0 1 0 0 0 0 0 0 134 3 0 147 4 1 0 0 27 0 0 146 1 149 0 150 1 0 0 3 0 142 2273 144 0 2151 0 1 300 1 0 0 138 0 0 0 0 0 135 151 119 0 0 0 0 1 0 0 25 0 0 28 138 0 1 3 0 0 0 6 0 -1 2 0 0 0 0 0 0 142 1 0 0 0 128 0 0 2229 1 29 2 0 0 0 1 3 0 2203 0 135 0 2 0 127 159 0 183 257 -1 0 0 0 131 0 163 134 29 0 0 0 128 131 0 145 130 1 5 138 140 155 0 0 0 157 27 1 251 2 0 0 153 0 0 4 -1 0 4 0 1 1 0 0 1 29 0 131 2330 0 0 144 135 0 0 3 0 0 0 0 0 144 0 0 0 1 0 0 0 0 121 27 2 115 1 0 0 0 0 0 1 3 0 1 0 0 128 0 0 0 0 0 145 1 144 0 146 148 0 2201 0 0 0 0 0 0 120 0 0 0 0 4 0 0 0 2206 0 126 0 1 124 0 0 0 0 2 0 25 0 0 0 155 0 0 0 0 0 0 0 2 0 0 149 0 1 0 0 0 1 0 0 0 0 142 129 285 0 1 0 123 154 278 0 2 139 4 0 3 151 0 4 0 4 0 -1 0 4 29 0 28 0 160 134 2 0 0 2274 0 6 0 0 150 3 0 0 142 0 0 0 283 127 136 135 1 123 0 2381 26 2 1 3 0 1 0 0 25 157 0 0 0 2 0 0 144 0 3 0 0 131 2 0 2203 142 -1 0 0 0 2 0 0 0 0 0 164 1 0 0 0 1 0 0 0 137 148 131 0 158 0 0 33 2 0 0 0 150 29 133 0 0 1 139 2246 0 -1 0 135 0 0 1 0 147 0 0 165 2273 4 0 0 0 125 0 0 0 2 0 0 132 2229 4 0 1 0 2197 136 0 0 281 -1 0 0 0 162 0 138 0 0 147 1 0 0 3 0 0 2 0 0 0 0 0 0 2 0 137 0 10 147 144 0 0 0 0 0 0 0 0 157 0 1 0 1 3 127 120 1 137 0 0 0 256 0 1 0 0 0 121 133 0 4 0 0 0 132 0 -1 0 0 3 144 0 0 0 2 0 0 166 143 1 0 132 0 0 131 1 0 0 31 0 0 0 0 0 0 -1 111 1 287 0 0 4 0 0 0 0 1 0 0 2 287 0 2273 131 33 0 0 0 4 0 3 0 0 0 0 -1 0 0 0 1 120 0 0 136 141 145 17 132 141 0 134 0 117 2 0 -1 139 1 22 0 0 2 0 0 123 0 0 0 0 1 0 0 130 0 1 0 0 264 -1 1 2273 0 132 0 0 139 0 0 0 2 3 0 0 0 140 2 150 0 0 5 0 0 26 0 0 133 0 0 2438 257 144 1 0 0 4 0 1 0 127 0 0 142 146 0 133 125 2273 0 0 32 0 0 0 0 1 6 1 0 0 139 0 137 0 0 1 126 0 125 4 117 130 0 158 1 0 2 0 0 0 138 -1 0 132 0 1 141 0 0 0 129 
0 0 0 139 3 0 0 1 0 0 0 0 0 120 30 0 144 0 0 0 0 4 143 284 143 0 0 138 0 1 0 0 0 0 1 2 1 0 0 127 1 0 0 0 0 0 2139 1 1 0 2 0 0 0 1 0 149 0 136 0 0 141 0 137 136 2 0 4 0 0 162 0 2 0 141 0 0 138 0 0 136 146 0 0 137 0 0 2260 0 2 0 2431 2260 0 2 141 132 0 0 0 0 135 147 138 0 0 29 0 0 143 0 0 0 0 0 0 0 0 0 447 168 0 0 3 0 3 0 1 4 6 0 0 0 0 3 1 0 0 2 1 2 0 1 143 1 0 4 0 27 1 0 137 1 0 -1 0 0 0 167 2 147 20 0 2203 0 34 137 0 1 0 0 298 0 131 2 0 0 0 146 0 138 0 141 2 0 143 0 -1 141 137 3 2 122 34 140 0 0 0 0 138 1 0 0 296 -1 0 0 162 0 0 3 0 0 0 0 3 0 145 0 156 150 0 0 -1 150 0 148 148 0 1 0 0 127 147 0 0 0 0 0 148 2442 132 30 1 2 4 143 3 0 0 0 1 2467 140 0 0 118 0 0 123 33 0 0 0 139 0 0 0 286 25 0 154 0 0 0 0 3 141 2 2 1 0 0 0 0 0 0 146 0 0 0 135 149 0 0 1 6 1 23 138 0 135 262 0 2 0 0 0 32 31 0 34 0 24 0 4 0 0 0 0 0 0 137 1 0 131 3 4 0 0 25 1 0 133 0 147 0 164 4 0 0 3 0 148 2467 160 3 2348 0 3 307 0 0 0 135 0 0 0 0 0 144 161 144 0 0 0 0 3 0 0 25 0 0 37 159 0 0 1 0 0 0 8 0 -1 3 0 0 0 0 0 0 142 3 0 0 0 124 6 0 2260 3 37 0 0 0 0 0 4 0 2228 0 121 1 2 2 137 133 0 189 316 -1 1 0 0 153 0 162 141 38 0 1 0 138 155 0 155 140 2 3 141 146 144 0 0 2 137 34 2 280 0 0 0 145 0 0 3 -1 0 1 0 3 1 0 0 3 25 0 138 2503 0 3 131 133 0 1 8 0 0 0 0 0 143 0 0 1 2 0 0 0 0 132 25 3 169 3 0 0 1 0 0 1 3 0 0 0 0 145 0 0 0 0 0 143 1 153 0 130 146 0 2226 0 0 0 0 0 0 125 0 0 0 0 4 0 0 0 2235 0 121 0 3 166 0 0 0 0 1 0 27 0 0 0 182 1 2 0 0 0 0 2 3 0 0 137 0 1 0 0 0 2 0 0 0 0 148 158 299 0 0 0 146 145 282 0 2 152 1 0 5 133 0 4 0 1 0 -1 0 4 31 0 41 0 160 143 3 0 0 2468 0 6 0 0 140 1 1 0 142 1 0 0 284 143 124 141 1 146 0 2577 29 2 1 2 0 2 0 0 24 151 0 0 0 0 0 0 160 0 2 0 0 151 0 0 2227 142 -1 0 0 0 2 0 0 0 0 0 143 1 0 0 0 3 0 0 0 142 133 138 0 152 0 0 36 2 0 0 0 143 27 163 0 0 0 134 2434 0 -1 0 136 0 0 2 0 139 0 0 174 2467 2 0 1 0 145 0 0 0 0 0 0 134 2260 5 0 3 0 2233 141 0 0 278 -1 0 0 0 143 1 162 0 0 149 2 0 0 2 0 0 0 0 0 0 0 0 0 2 0 121 0 2 157 132 0 0 0 1 0 0 0 0 151 0 3 0 1 1 147 127 2 140 0 0 0 291 0 4 0 0 0 131 143 0 4 0 0 0 157 0 -1 0 0 2 128 0 0 0 1 0 0 142 141 2 0 140 0 0 153 1 0 0 31 0 0 0 0 0 0 -1 151 3 293 0 0 1 0 0 0 0 2 0 0 1 276 0 2467 156 32 0 0 0 0 0 2 0 0 0 0 -1 0 0 0 3 131 0 0 139 162 140 29 119 150 0 144 1 154 1 0 -1 152 4 27 0 1 4 0 0 134 0 0 0 0 0 0 0 160 0 3 0 0 289 -1 1 2467 0 140 0 0 149 0 0 0 1 4 0 0 3 149 0 127 0 0 1 1 0 25 0 0 138 2 0 2608 295 153 1 0 0 2 0 4 0 143 0 0 150 133 0 138 141 2467 0 0 22 0 0 0 2 1 2 3 0 0 152 0 121 0 0 1 136 0 151 1 144 140 0 150 1 0 0 0 0 0 136 -1 0 169 0 3 162 0 0 0 149 
0 0 0 199 2 0 0 4 2 0 0 0 0 191 35 0 186 0 0 0 0 3 219 386 219 0 0 195 0 2 0 0 0 0 4 1 2 0 0 196 3 0 0 0 0 0 2948 2 1 0 2 0 0 0 1 0 210 0 196 1 0 205 0 212 196 3 0 1 0 0 231 0 1 1 189 0 3 196 0 0 198 223 4 0 200 0 0 3111 0 0 0 3279 3111 0 11 194 198 0 0 0 1 192 191 202 0 0 29 0 0 219 0 1 0 1 0 0 0 0 0 572 206 0 0 1 0 6 5 0 5 3 0 0 0 0 1 5 0 0 2 1 3 0 3 207 0 0 2 4 50 1 0 183 3 0 -1 0 0 0 186 1 209 41 1 3056 0 51 206 0 0 0 0 430 0 185 4 0 0 0 200 2 195 0 195 3 0 180 0 -1 210 160 0 4 191 43 192 0 0 0 0 200 2 0 0 402 -1 0 0 186 0 0 6 0 0 0 0 3 0 204 0 194 195 0 0 -1 195 0 176 184 0 3 0 0 196 187 4 0 0 0 6 192 3297 190 32 6 5 7 207 1 0 0 0 1 3322 200 0 0 188 0 0 184 42 0 0 1 199 0 0 0 413 25 0 191 0 0 0 1 2 216 0 0 2 0 0 0 1 0 0 222 0 0 1 209 189 0 0 3 1 1 50 178 0 190 364 0 1 0 0 0 34 43 0 46 0 44 0 1 0 0 0 0 0 1 176 3 0 188 1 3 0 0 37 0 0 190 3 216 0 194 4 0 0 4 0 201 3322 189 8 3160 0 3 368 1 0 0 165 0 0 0 0 0 205 230 188 0 0 0 0 2 0 0 43 0 0 36 181 0 7 1 0 0 0 5 0 -1 1 0 0 0 0 0 0 205 2 0 0 0 189 2 0 3111 1 36 2 0 0 0 1 0 0 3073 0 191 2 2 0 179 197 0 243 378 -1 5 0 0 216 0 209 213 33 0 2 0 198 182 0 216 182 0 3 183 200 219 0 0 1 172 48 4 393 2 0 0 221 0 0 1 -1 0 2 0 1 1 0 0 1 29 0 195 3388 0 2 197 204 0 3 5 0 0 0 0 0 201 0 0 0 0 0 0 0 0 200 25 1 209 2 0 0 0 0 0 3 5 0 0 0 0 181 0 0 0 0 0 211 4 204 0 186 208 0 3069 0 0 0 0 0 0 198 0 0 0 0 3 0 0 0 3070 0 183 0 3 173 0 0 0 0 3 0 45 0 0 0 220 1 1 0 0 0 0 0 1 0 0 199 0 1 0 0 0 2 2 0 0 0 201 192 374 0 1 0 187 217 357 0 3 181 1 0 4 201 0 5 0 4 0 -1 0 1 42 0 47 0 204 196 2 0 0 3323 0 4 0 0 212 1 3 0 209 0 0 0 382 191 197 186 1 182 0 3474 30 1 1 2 0 3 0 0 27 203 0 0 0 2 0 0 181 0 4 0 0 214 1 0 3051 201 -1 0 0 0 7 0 0 0 0 0 182 3 0 0 0 6 0 0 0 205 205 195 0 204 0 0 39 6 0 0 0 221 44 198 0 0 1 193 3263 0 -1 0 198 0 0 1 0 218 0 0 232 3322 4 0 1 0 187 0 0 0 6 0 0 179 3111 4 0 6 0 3070 215 0 0 379 -1 0 0 0 180 2 182 0 0 195 3 0 0 0 0 0 2 0 0 0 0 0 0 2 0 196 3 7 180 195 0 0 0 0 0 0 0 0 203 0 1 0 1 2 184 194 1 182 0 0 0 375 0 2 0 0 0 200 206 0 9 0 0 0 195 0 -1 0 0 4 184 0 0 0 1 0 0 181 221 2 0 197 0 0 213 1 0 0 26 0 0 0 0 0 0 -1 187 3 399 0 0 6 0 0 0 0 3 0 0 1 414 0 3322 194 41 0 0 0 2 0 4 0 0 0 0 -1 0 0 0 2 179 0 0 193 186 198 39 190 209 0 185 4 192 2 0 -1 181 3 29 0 2 0 0 0 182 0 0 0 0 1 0 0 193 0 6 0 0 401 -1 4 3322 0 200 0 0 214 0 0 0 1 5 1 0 2 188 4 196 0 4 1 0 0 41 0 0 179 0 0 3508 412 204 1 0 0 2 0 2 0 191 0 0 190 194 0 205 174 3322 0 0 43 0 0 0 2 2 6 0 0 0 181 0 196 0 0 2 195 0 193 1 194 180 0 203 1 0 1 0 0 0 199 -1 0 207 0 1 186 0 0 0 206 
1 0 0 130 1 0 0 0 2 0 0 0 0 110 21 0 102 0 0 0 0 0 130 227 118 0 0 125 0 3 0 0 0 0 0 2 3 0 0 100 1 0 0 0 0 0 1731 0 2 0 2 0 0 0 1 0 103 0 109 0 0 115 0 107 112 4 0 1 0 0 106 0 3 2 115 0 0 127 0 0 115 114 1 0 98 0 0 1825 0 2 0 1908 1825 0 1 111 120 0 0 0 0 104 116 109 0 0 28 0 0 130 0 1 0 0 0 0 0 0 0 330 106 0 0 3 0 3 1 0 2 0 0 0 0 0 1 2 0 0 5 1 3 0 0 105 0 0 5 1 33 1 0 119 2 0 -1 0 0 0 112 1 99 21 3 1783 0 36 115 0 2 0 0 216 0 118 2 0 0 0 107 2 125 0 109 1 0 117 0 -1 99 118 0 0 101 23 121 0 0 0 0 117 0 0 0 211 -1 0 0 117 0 0 2 0 0 0 0 1 0 97 0 113 107 0 1 -1 107 0 114 101 0 2 0 0 104 105 0 0 0 0 1 116 1907 111 23 3 4 7 115 0 0 0 0 2 1930 126 0 0 97 1 0 98 27 0 0 0 130 0 0 0 220 23 0 113 0 0 0 0 1 117 0 1 2 1 0 0 0 0 0 121 0 0 1 113 112 0 0 0 2 0 28 129 0 129 213 0 1 0 0 0 27 26 1 20 0 27 0 1 0 0 0 0 0 0 126 4 0 118 0 1 0 0 24 0 0 109 1 119 0 106 2 0 0 1 0 112 1930 102 5 1840 0 3 217 0 0 0 115 0 0 0 0 0 98 105 122 0 0 0 0 1 0 0 18 0 0 20 93 0 3 0 0 0 0 1 0 -1 1 0 0 0 0 0 0 104 0 0 0 0 117 4 0 1825 1 20 0 0 0 0 1 2 0 1799 0 102 1 2 0 104 112 0 127 218 -1 1 0 0 110 0 105 110 26 0 2 0 128 112 0 127 104 0 5 106 107 120 0 0 0 113 30 0 218 1 0 0 120 0 0 2 -1 0 0 0 0 1 0 0 1 21 0 127 1958 0 0 109 104 0 0 1 0 0 0 0 0 113 0 0 1 2 0 0 0 0 111 23 0 97 1 0 0 1 0 0 1 2 0 2 0 0 102 0 0 0 0 0 100 1 117 0 118 98 0 1796 0 0 0 0 0 0 111 0 0 0 0 0 0 0 0 1799 0 114 0 2 118 0 0 0 0 0 0 27 0 0 0 110 0 1 0 0 0 0 2 3 0 0 116 0 1 0 0 0 1 0 0 0 0 112 84 218 0 0 0 113 129 218 0 0 112 2 0 2 112 0 2 0 0 0 -1 0 0 27 0 21 0 105 113 1 0 0 1931 0 3 0 0 125 3 3 0 99 0 0 0 214 126 113 109 1 102 0 2036 12 2 1 0 0 1 0 0 20 117 0 0 0 3 0 0 94 0 1 0 0 106 2 0 1801 122 -1 0 0 0 0 0 0 0 0 0 91 2 0 0 0 1 0 0 0 123 113 127 0 118 0 0 30 0 0 0 0 119 20 87 0 0 2 118 1900 0 -1 0 111 0 0 1 0 118 0 0 127 1930 3 0 1 0 113 0 0 0 2 0 0 104 1825 0 0 2 0 1808 118 0 0 233 -1 0 0 0 117 2 96 0 0 112 2 0 0 0 0 0 1 0 0 0 0 0 0 3 0 102 2 5 109 107 0 0 0 0 0 0 0 0 117 0 2 0 1 2 105 111 4 105 0 0 0 233 0 0 0 0 0 109 100 0 6 0 0 0 114 0 -1 0 0 2 116 0 0 0 0 0 0 87 129 3 0 113 0 0 109 2 0 0 19 0 0 0 0 0 0 -1 111 2 213 0 0 3 0 0 1 0 0 0 0 0 226 0 1930 113 26 0 0 0 0 0 4 0 0 0 0 -1 0 0 0 0 116 0 0 110 96 126 13 106 122 0 105 0 110 0 0 -1 112 5 27 0 2 2 0 0 116 0 0 0 0 1 0 0 85 0 2 0 0 234 -1 1 1930 0 131 0 0 104 0 0 0 0 1 0 0 1 111 1 100 0 2 1 0 0 28 0 0 129 0 0 2022 227 117 1 0 0 1 0 2 0 126 0 0 113 111 0 119 101 1930 0 0 23 0 0 0 0 2 0 2 0 0 112 0 102 0 0 1 124 0 125 3 126 106 0 118 1 0 2 0 0 0 110 -1 0 107 1 1 96 0 0 0 108 
0 0 0 109 1 0 0 2 2 0 0 0 0 107 19 0 104 0 0 0 0 1 120 230 87 0 0 115 0 1 0 0 0 0 2 1 1 0 0 113 2 0 0 0 0 0 1643 1 1 0 0 0 0 0 1 0 97 0 94 0 0 121 0 110 98 2 0 0 0 0 108 0 0 1 99 0 2 108 0 0 99 116 3 0 85 0 0 1718 0 1 0 1780 1718 0 1 112 105 0 0 0 1 130 87 107 0 0 19 0 0 120 0 1 0 0 0 0 0 0 0 336 91 0 0 2 0 5 1 0 1 1 0 0 0 0 0 1 0 0 2 1 1 0 2 86 0 0 0 0 18 1 0 114 4 0 -1 0 0 0 113 1 96 18 0 1686 0 25 121 0 0 0 0 204 0 90 1 0 0 0 103 1 115 0 86 0 0 114 0 -1 106 93 0 1 116 19 99 0 0 0 0 102 0 0 0 242 -1 0 0 96 0 0 1 0 0 0 0 0 0 113 0 118 100 0 0 -1 100 0 114 93 0 3 0 0 115 93 1 0 0 0 0 100 1771 96 18 0 3 4 124 2 0 0 0 3 1792 103 0 0 117 4 0 113 22 0 0 0 109 0 0 0 211 21 0 114 0 1 0 0 2 111 0 0 0 0 0 0 1 0 0 91 0 0 0 110 100 0 0 4 0 0 21 115 0 107 214 0 0 0 0 0 15 17 0 28 0 20 0 3 0 0 0 0 0 0 115 2 0 90 2 0 0 0 16 1 0 105 1 102 0 102 2 0 0 1 0 112 1792 100 3 1713 0 1 179 0 0 0 101 0 0 0 0 0 97 107 95 0 0 0 0 0 0 0 19 0 0 28 111 0 1 1 0 0 0 2 0 -1 2 0 0 0 0 0 0 86 0 0 0 0 112 1 0 1718 3 29 6 0 0 0 1 2 0 1695 0 118 2 2 1 99 104 0 143 210 -1 1 0 0 103 0 125 107 21 0 0 0 108 92 0 103 98 0 3 97 103 93 0 0 0 112 27 3 210 3 0 0 90 0 0 1 -1 0 3 0 1 0 0 0 1 18 0 107 1837 0 0 95 108 0 1 1 0 0 0 0 0 118 0 0 0 1 0 0 0 0 103 21 1 113 4 0 0 0 0 0 2 4 0 2 0 0 87 0 0 0 0 0 107 0 102 0 91 115 0 1687 0 0 0 0 0 0 102 0 0 0 0 1 0 0 0 1697 0 106 0 1 115 0 0 0 0 1 0 24 0 0 0 126 0 1 0 0 0 0 0 1 0 0 100 0 0 0 0 0 3 1 0 0 0 112 122 212 0 1 0 97 120 193 0 1 114 1 0 2 95 0 6 0 2 0 -1 0 0 18 0 20 0 123 114 1 0 0 1793 0 1 0 0 114 2 4 0 104 0 0 0 245 120 109 105 1 86 0 1886 23 1 1 2 0 1 0 0 26 90 0 0 0 1 0 0 115 0 1 0 0 102 2 0 1694 116 -1 0 0 0 3 0 0 0 0 0 122 0 0 0 0 2 2 0 0 109 90 109 0 91 0 0 26 0 0 0 0 89 20 124 0 0 0 112 1761 0 -1 0 107 0 0 2 0 90 0 0 114 1792 4 0 1 0 99 0 0 0 1 0 0 99 1718 1 0 2 0 1695 112 0 0 213 -1 0 0 0 114 1 110 0 0 87 1 0 0 4 0 0 1 0 0 0 0 0 0 3 0 118 1 2 111 95 0 0 0 0 0 0 0 0 90 0 0 0 1 3 93 102 4 96 0 0 0 231 0 0 0 0 0 103 94 0 3 0 0 0 119 0 -1 0 0 0 89 0 0 0 3 0 0 119 95 2 0 99 0 0 101 1 0 0 26 0 0 0 0 0 0 -1 111 4 207 0 0 0 0 0 0 0 2 0 0 0 209 0 1792 118 31 0 0 0 2 0 1 0 0 0 0 -1 0 0 0 1 110 0 0 99 113 114 15 119 99 0 97 3 116 2 0 -1 114 0 18 0 1 0 0 0 108 0 0 0 0 0 0 0 122 0 1 0 0 209 -1 2 1792 0 110 0 0 103 0 0 0 0 2 0 0 0 101 3 113 0 1 2 0 0 23 0 0 116 1 0 1915 211 102 1 0 0 0 0 2 0 120 0 0 101 104 0 107 94 1792 0 0 12 0 0 0 2 0 1 1 0 0 114 0 118 0 0 0 105 0 99 2 113 103 0 90 1 0 2 0 0 0 96 -1 0 92 0 2 113 0 0 0 99 
1 0 0 246 5 0 0 2 2 0 0 0 0 232 41 0 227 0 0 0 0 5 246 502 239 0 0 232 0 4 0 0 0 0 6 1 9 0 0 234 5 0 0 0 0 0 3726 5 1 0 4 0 0 0 1 0 214 0 225 0 0 228 0 239 231 5 0 1 0 0 237 0 3 2 248 0 6 242 0 1 259 243 2 0 211 5 0 3919 0 4 0 4110 3919 0 2 253 269 0 0 0 1 230 239 211 1 0 58 0 0 246 0 6 0 0 0 0 0 0 0 734 277 0 0 2 0 2 6 0 8 2 0 0 0 0 4 2 0 0 9 1 5 0 2 217 0 0 6 2 51 1 0 246 6 0 -1 0 0 0 261 2 213 48 0 3805 0 44 226 0 0 0 0 466 0 233 2 0 0 0 225 6 232 0 235 2 0 245 0 -1 231 279 4 5 246 49 206 0 0 0 0 264 4 0 0 458 -1 0 0 252 0 0 3 0 0 0 0 2 0 243 0 246 253 0 0 -1 253 0 251 260 0 5 0 0 257 260 4 0 0 0 6 254 4093 225 47 7 2 11 234 4 0 0 0 3 4155 217 0 0 240 3 0 244 58 0 0 0 246 0 0 0 451 60 0 271 0 0 0 2 4 236 0 1 3 0 0 0 0 0 0 246 0 0 0 224 240 0 0 0 3 3 52 259 0 243 449 0 0 0 0 0 52 40 0 49 0 57 0 5 0 0 2 0 0 0 257 2 0 237 1 4 0 0 60 0 0 241 2 231 0 227 0 0 0 2 0 254 4155 219 4 3978 0 2 462 0 0 0 240 0 0 0 0 0 212 236 226 0 0 0 0 4 0 0 51 0 0 39 232 0 10 3 0 0 0 11 0 -1 4 0 0 0 0 0 0 216 5 0 0 0 247 2 0 3919 1 39 3 0 0 0 0 3 0 3867 0 249 4 1 1 230 262 0 280 503 -1 2 0 0 254 1 240 236 51 0 6 0 239 246 0 239 273 3 6 247 225 238 0 0 0 241 42 6 454 1 0 0 245 0 0 2 -1 0 5 0 2 0 0 0 3 43 0 242 4260 0 1 235 208 0 1 5 0 0 0 0 0 227 0 0 2 3 0 0 0 0 244 60 1 220 2 0 0 1 0 0 3 5 0 3 0 0 255 0 0 0 0 0 235 6 243 0 235 243 0 3863 0 0 0 0 0 0 241 0 0 0 0 1 0 0 1 3882 0 233 0 2 241 0 0 0 0 1 0 61 0 0 0 276 0 0 0 0 0 0 3 1 0 0 261 0 2 0 0 0 4 1 0 0 0 254 234 493 0 0 0 243 245 514 0 3 232 3 0 7 244 0 9 0 7 0 -1 0 1 49 0 64 0 234 256 4 0 0 4156 0 5 0 0 234 3 2 0 234 0 1 0 467 263 235 238 1 255 0 4350 56 3 1 2 0 1 0 0 64 246 0 0 0 5 0 0 231 1 5 0 0 252 1 0 3859 220 -1 0 0 0 3 0 0 0 0 0 239 3 0 0 0 1 0 0 0 225 243 240 0 247 0 0 55 3 0 0 0 243 59 245 0 0 5 225 4096 0 -1 0 261 0 2 2 0 242 0 0 280 4155 3 0 0 0 246 0 0 0 3 0 0 227 3919 2 0 3 0 3862 236 0 0 473 -1 0 0 0 245 2 235 0 0 238 4 0 0 4 0 0 1 0 0 0 0 0 0 6 0 251 4 6 267 253 0 0 0 0 0 0 1 0 246 0 0 0 1 2 250 238 2 246 0 0 0 481 0 4 0 0 0 240 209 0 4 0 0 0 247 0 -1 0 0 2 234 0 0 0 2 0 0 237 247 7 0 235 0 0 251 1 0 0 46 0 0 0 0 0 0 -1 263 4 471 0 0 4 0 0 0 0 3 0 0 1 460 0 4155 246 55 0 0 0 2 0 3 0 0 0 0 -1 0 0 0 8 231 0 0 225 235 233 55 241 226 0 230 4 271 6 0 -1 232 2 59 0 3 1 0 0 227 0 0 0 0 0 0 0 239 0 3 0 0 450 -1 4 4155 0 247 0 0 222 0 0 0 4 3 1 0 1 234 7 234 1 2 2 0 0 58 0 0 256 1 0 4396 462 243 1 0 0 4 0 1 0 263 0 0 241 244 0 230 270 4155 0 0 51 0 0 0 1 4 3 1 0 0 232 0 251 0 0 6 238 0 233 6 242 235 0 248 1 0 1 0 0 0 229 -1 0 278 0 2 235 0 0 0 243 
0 0 0 67 3 0 0 0 0 0 0 0 0 60 12 0 61 0 0 0 0 0 65 138 65 0 0 66 0 1 0 0 0 0 0 2 1 0 0 65 0 0 0 0 0 0 1023 0 0 0 1 0 0 0 1 0 61 0 67 0 0 73 0 58 62 1 0 0 0 0 63 0 1 1 47 0 1 66 0 0 76 59 0 0 61 0 0 1074 0 0 0 1112 1074 0 1 69 88 0 0 0 0 68 56 67 0 0 18 0 0 65 0 1 0 0 0 0 0 0 0 213 50 0 0 1 0 5 2 0 1 0 0 0 0 0 2 2 0 0 2 1 1 0 0 65 0 0 3 1 20 1 0 65 0 0 -1 1 0 0 63 0 60 19 0 1050 0 25 67 0 0 0 0 131 0 85 0 0 0 0 60 1 66 0 56 1 0 63 0 -1 60 63 3 4 63 15 74 0 0 0 0 79 0 0 0 136 -1 0 0 67 0 0 2 0 0 0 0 0 0 58 0 65 75 0 2 -1 75 0 59 65 0 1 0 0 68 66 3 0 0 0 1 51 1109 59 21 1 0 1 70 0 0 0 0 3 1120 53 0 0 60 1 0 67 10 0 0 1 67 0 0 0 133 11 0 84 0 0 0 0 1 73 0 0 3 0 0 0 0 0 0 67 0 0 0 65 60 0 0 0 5 0 24 79 0 64 118 0 3 0 0 0 7 9 0 14 0 6 0 2 0 0 0 0 0 0 79 0 0 85 1 1 0 0 19 0 0 64 0 77 0 70 0 0 0 1 0 75 1120 68 3 1083 0 0 123 0 0 0 62 0 0 0 0 0 60 62 58 0 0 0 0 0 0 0 19 0 0 13 62 0 1 1 0 0 0 3 0 -1 2 0 0 0 0 0 0 62 0 0 0 0 61 0 0 1074 2 13 0 0 0 0 0 2 0 1060 0 64 0 0 0 62 87 0 80 125 -1 0 0 0 64 0 70 58 10 0 0 0 67 63 0 61 68 1 1 53 60 70 0 0 0 59 14 1 114 1 0 0 66 0 0 0 -1 0 0 0 1 1 0 0 1 19 0 67 1145 0 0 54 63 0 2 1 0 0 0 0 0 72 0 0 0 0 0 0 0 0 70 11 1 60 0 0 0 0 0 0 1 2 0 0 0 0 63 0 0 0 0 0 60 0 75 0 84 59 0 1066 0 0 0 0 0 0 72 0 0 0 0 0 0 0 0 1060 0 58 0 1 63 0 0 0 0 2 0 10 0 0 0 77 0 1 0 0 0 0 1 3 0 0 77 0 0 0 0 0 2 3 0 0 0 75 60 132 0 0 0 50 67 121 0 1 60 0 0 3 57 0 3 0 0 0 -1 0 1 14 0 25 0 65 71 0 0 0 1121 0 2 0 0 63 0 1 0 60 0 0 0 127 69 62 65 2 65 0 1186 9 0 1 0 0 1 0 0 13 58 0 0 0 2 0 0 61 0 3 0 0 64 0 0 1058 76 -1 0 0 0 1 0 0 0 0 0 72 1 0 0 0 1 1 0 0 50 59 65 0 59 0 0 13 1 0 0 0 64 19 61 0 0 2 74 1102 0 -1 0 55 0 0 0 0 66 0 0 77 1120 0 0 0 0 50 0 0 0 1 0 0 62 1074 0 0 0 0 1065 73 0 0 133 -1 0 0 0 63 1 61 0 0 55 1 0 0 1 0 0 2 0 0 0 0 2 0 1 0 64 0 3 77 72 0 0 0 0 0 0 0 0 58 0 3 0 1 3 64 68 3 52 0 0 0 139 0 1 0 0 0 70 58 0 0 0 0 0 66 0 -1 0 0 1 85 0 0 0 0 0 0 74 76 0 0 62 0 0 64 1 0 0 11 0 0 0 0 0 0 -1 81 0 118 0 0 0 0 0 0 0 0 0 0 0 130 0 1120 65 20 0 0 0 0 0 0 0 0 0 0 -1 0 0 0 0 71 0 0 53 61 67 13 63 59 0 57 1 83 0 0 -1 60 1 18 0 0 2 0 0 73 0 0 0 0 0 0 0 59 0 2 0 0 126 -1 1 1120 0 68 0 0 63 0 0 0 0 2 0 0 1 59 0 65 0 1 1 0 0 10 0 0 79 0 0 1193 116 75 1 0 0 1 0 0 0 69 0 0 61 66 0 71 66 1120 0 0 14 0 0 0 0 0 3 1 0 0 60 0 64 0 0 0 66 0 60 0 57 64 0 58 1 0 1 0 0 0 68 -1 0 51 0 1 61 0 0 0 62 
2 0 0 142 2 0 0 3 3 0 0 0 0 110 13 0 111 0 0 0 0 1 132 231 116 0 0 96 0 0 0 0 0 0 2 2 3 0 0 127 0 0 0 0 0 0 1807 0 2 0 1 0 0 0 1 0 114 0 115 0 0 122 0 95 107 2 0 2 0 0 107 0 0 2 117 0 1 140 0 0 118 99 1 0 118 1 0 1886 0 2 0 1986 1886 0 1 110 120 0 0 0 0 112 99 109 0 0 19 0 0 132 0 4 0 0 0 0 0 0 0 345 116 0 0 3 0 1 2 0 4 2 0 0 0 0 0 0 0 0 1 1 4 0 0 120 0 0 4 1 26 1 0 100 1 0 -1 1 0 0 113 6 111 21 1 1833 0 23 118 0 0 0 0 222 0 100 3 0 0 0 124 1 96 0 102 2 0 124 0 -1 104 116 1 0 115 34 110 0 0 0 0 119 2 0 0 238 -1 0 0 124 0 0 7 0 0 0 0 1 0 98 0 116 108 0 0 -1 108 0 130 120 0 1 0 0 113 120 0 0 0 0 3 117 1981 101 26 0 2 2 125 0 0 0 0 2 2007 115 0 0 108 2 0 108 15 0 0 0 142 0 0 0 245 25 0 100 0 0 0 0 1 119 0 2 3 0 0 0 0 0 0 119 0 0 0 116 103 0 0 4 4 0 25 133 0 138 240 0 1 0 0 0 35 24 0 22 0 24 0 0 0 0 2 0 0 1 131 1 0 101 1 0 0 0 28 1 0 123 0 109 0 115 1 0 0 2 0 120 2007 112 5 1906 0 1 209 0 0 0 108 0 0 0 0 0 107 106 110 0 0 0 0 0 0 0 19 0 0 30 119 0 2 1 0 0 0 3 0 -1 2 0 0 0 0 0 0 119 1 0 0 0 131 1 0 1886 2 30 2 0 0 0 0 1 0 1863 0 113 1 2 0 98 119 0 138 239 -1 2 0 0 119 0 123 94 30 0 3 0 140 117 0 118 110 0 5 138 124 118 0 0 1 119 20 0 208 2 0 0 118 0 0 2 -1 0 2 0 0 0 0 0 1 22 0 143 2060 0 1 124 102 0 3 0 0 0 0 0 0 120 0 0 0 0 0 0 0 0 131 25 2 123 0 0 0 1 0 0 1 4 0 1 0 0 118 0 0 0 0 0 105 1 112 0 102 98 0 1868 0 0 0 0 0 0 129 0 0 0 0 1 0 0 0 1860 0 124 0 0 117 0 0 0 0 2 0 29 0 0 0 142 0 1 0 0 0 0 2 2 0 0 115 0 1 0 0 0 1 0 0 0 0 120 101 231 0 0 0 114 133 216 0 1 132 3 0 2 128 0 5 0 5 0 -1 0 0 32 0 28 0 121 113 0 0 0 2008 0 2 0 0 128 0 2 0 104 0 0 0 226 104 114 103 1 117 0 2113 25 1 1 2 0 2 0 0 20 100 0 0 0 1 0 0 118 0 2 0 0 117 2 0 1850 115 -1 0 0 0 2 0 0 0 0 0 118 4 1 0 0 0 0 0 0 114 123 139 0 101 0 0 30 1 0 0 0 116 23 104 0 0 2 110 1983 0 -1 0 124 0 2 2 0 115 0 0 119 2007 2 0 0 0 116 1 0 0 1 0 0 101 1886 2 0 0 0 1862 120 0 0 227 -1 0 0 0 124 4 120 0 0 94 2 0 0 0 0 0 6 0 0 0 0 0 0 1 0 115 1 6 123 111 0 0 0 0 0 0 0 0 100 0 2 0 1 1 117 124 4 137 0 0 0 239 0 4 0 0 0 131 112 0 1 0 0 0 117 0 -1 0 0 0 98 0 0 0 0 0 0 114 114 1 0 108 0 0 115 1 0 0 22 0 0 0 0 0 0 -1 98 1 208 0 0 1 0 0 0 0 2 0 0 0 228 0 2007 116 28 0 0 0 2 0 0 0 0 0 0 -1 0 0 0 2 118 0 0 109 121 99 25 113 111 0 98 0 102 0 0 -1 132 0 18 0 2 3 0 0 122 0 0 0 0 0 0 0 103 0 2 0 0 225 -1 1 2007 0 143 0 0 111 0 0 0 1 0 0 0 0 101 2 127 1 1 3 0 0 28 0 0 134 2 0 2126 214 112 1 0 0 1 0 3 0 104 0 0 104 124 0 114 107 2007 0 0 16 0 0 0 3 3 1 1 0 0 132 0 115 0 0 2 139 0 113 1 112 101 0 98 1 0 1 0 0 0 115 -1 0 117 0 0 121 0 0 0 111 
0 0 0 157 1 0 0 0 6 0 0 0 0 166 29 0 186 0 0 0 0 2 191 347 162 0 0 139 0 4 0 0 0 0 1 4 5 0 0 171 1 0 0 0 0 0 2552 0 2 0 1 0 0 0 1 0 168 0 164 0 0 169 0 150 137 5 0 2 0 0 177 0 2 5 174 0 0 154 0 0 169 162 4 0 165 2 0 2685 0 2 0 2852 2685 0 2 195 179 0 1 0 1 161 175 162 0 0 34 0 0 191 0 0 0 0 0 0 0 0 0 495 182 0 0 2 0 1 0 0 6 3 0 0 0 0 0 1 0 0 2 1 1 0 1 173 0 0 3 4 34 1 0 143 1 0 -1 0 0 0 143 3 160 21 0 2600 0 38 165 0 0 0 0 343 0 158 1 0 0 0 176 3 139 0 167 3 1 181 0 -1 178 164 1 3 163 41 168 0 0 0 0 171 6 0 0 312 -1 0 0 162 0 0 3 0 0 0 0 2 0 180 0 197 177 0 1 -1 177 0 145 163 0 2 0 0 168 163 0 0 0 0 2 179 2837 132 30 2 0 8 172 0 0 0 0 4 2877 146 0 0 159 3 0 169 33 0 0 3 157 0 0 0 343 40 0 169 0 0 0 0 2 165 0 1 0 0 0 0 0 0 0 168 0 0 0 153 186 0 0 3 0 1 48 165 0 151 322 0 3 0 0 0 38 38 0 46 0 30 0 2 0 0 2 0 0 0 163 0 0 163 1 3 0 0 36 1 0 153 3 168 0 176 0 0 0 1 0 172 2877 171 6 2746 0 3 349 0 0 0 162 0 0 0 0 0 163 176 180 0 0 0 0 2 0 0 41 0 0 29 164 0 1 5 0 0 0 9 0 -1 3 0 0 0 0 0 0 170 1 0 0 0 168 1 0 2685 2 30 2 0 0 0 1 3 0 2652 0 163 4 1 1 149 178 0 189 339 -1 0 0 0 160 0 154 150 30 0 0 0 157 153 0 160 184 2 4 173 176 168 0 0 0 175 43 3 333 0 0 0 167 0 0 0 -1 0 2 0 4 0 0 0 3 30 0 153 2931 0 0 155 161 0 2 1 0 0 0 0 0 164 0 0 0 6 0 0 0 0 165 40 0 172 0 0 0 0 0 0 5 7 0 2 0 0 159 0 0 0 0 0 181 3 182 0 163 182 0 2655 0 0 0 0 0 0 163 0 0 0 0 2 0 0 0 2660 0 162 0 1 170 0 0 0 0 5 0 39 0 0 0 188 0 1 0 0 0 0 0 1 0 0 168 0 2 0 0 0 3 2 0 0 0 172 151 352 0 1 0 177 189 339 0 1 163 3 0 1 158 0 6 0 1 0 -1 0 2 45 0 38 0 149 198 2 0 0 2878 0 4 0 0 185 7 1 0 176 0 0 1 351 158 168 155 1 159 0 3000 17 2 1 1 0 1 0 0 31 180 0 0 0 2 0 0 166 0 4 0 0 156 2 0 2646 176 -1 0 0 0 0 0 0 0 0 0 155 1 0 0 0 2 0 0 0 150 156 155 0 181 0 0 36 1 0 0 0 165 29 157 0 0 3 173 2839 0 -1 0 157 0 2 4 0 162 0 0 193 2877 2 0 0 0 173 1 0 0 1 0 0 148 2685 1 0 3 0 2662 166 0 0 325 -1 0 0 0 181 1 164 0 0 173 2 0 0 3 0 0 0 0 0 0 0 1 0 2 0 166 3 5 183 160 0 0 0 0 0 0 1 0 180 0 0 0 1 3 155 158 1 172 0 0 0 383 0 1 0 0 0 164 158 0 4 0 0 0 198 0 -1 0 0 4 159 0 0 0 1 0 0 152 142 0 0 139 0 0 156 1 0 0 41 0 0 0 0 0 0 -1 168 1 368 1 0 2 0 0 0 0 0 0 0 1 324 0 2877 197 33 0 0 0 1 0 0 1 0 0 0 -1 0 0 0 4 178 0 0 165 166 139 35 166 146 0 180 1 171 3 0 -1 163 3 34 0 2 1 0 0 174 0 0 0 0 0 0 0 156 0 2 0 0 354 -1 2 2877 1 158 0 0 168 0 0 0 1 3 1 0 0 186 2 171 0 3 3 0 0 37 0 0 166 1 0 3034 326 182 1 0 0 3 0 1 0 158 0 0 187 162 0 162 183 2877 0 0 27 0 0 0 1 0 4 1 0 0 163 0 166 0 0 2 152 0 188 3 163 152 0 181 1 0 2 0 0 0 166 -1 0 183 0 5 166 0 0 0 151 
0 0 0 149 2 0 0 4 3 0 0 0 0 147 28 0 126 0 0 0 0 0 158 337 147 0 0 163 0 5 0 0 0 0 0 2 1 0 0 163 2 0 0 0 0 0 2393 0 1 0 2 0 0 0 1 0 166 0 184 0 0 159 0 151 152 2 0 4 0 0 160 0 3 1 147 0 2 146 0 0 171 153 0 0 152 1 0 2513 0 1 0 2672 2513 0 3 165 158 0 0 0 0 169 127 135 0 0 32 0 0 158 0 0 0 0 0 0 0 0 0 474 170 0 0 4 0 2 4 0 3 7 0 0 0 0 2 1 0 0 4 1 2 0 2 158 0 0 2 2 22 1 0 148 2 0 -1 0 0 0 146 0 162 23 0 2452 0 29 163 0 0 0 0 347 0 160 1 1 0 0 169 1 163 0 129 2 0 149 0 -1 171 162 1 2 146 25 169 0 0 0 0 173 1 0 0 315 -1 0 0 150 0 0 7 0 0 0 0 2 0 179 0 131 158 0 1 -1 158 0 170 157 0 1 0 0 159 158 1 0 0 0 1 152 2670 143 33 1 0 7 165 0 0 0 0 3 2706 138 0 0 144 2 0 149 27 0 0 0 149 0 0 0 321 36 0 143 0 0 0 0 1 149 0 0 4 0 0 0 1 0 0 150 0 0 0 141 141 0 0 3 4 0 36 155 0 147 281 0 1 0 0 0 28 32 0 30 0 36 0 1 0 0 1 0 0 0 152 5 0 163 1 0 0 0 30 0 0 163 3 157 0 159 3 0 0 0 0 151 2706 155 1 2573 0 1 281 0 0 0 135 0 0 0 0 0 164 159 146 0 0 0 0 2 0 0 28 0 0 31 142 0 4 1 0 0 0 6 0 -1 1 0 0 0 0 0 0 155 2 0 0 0 157 1 0 2513 1 31 2 0 0 0 1 1 0 2472 0 148 0 1 0 175 156 0 183 335 -1 0 0 0 147 0 161 154 30 0 3 0 146 143 0 169 139 0 4 166 169 151 0 0 1 147 33 3 345 2 0 0 149 0 0 0 -1 0 1 0 0 1 0 0 2 31 0 145 2773 0 0 168 132 0 4 5 0 0 0 0 0 161 0 0 0 1 0 0 0 0 160 36 3 164 4 0 0 0 0 0 2 4 0 2 0 0 155 0 0 0 0 0 175 0 154 0 161 182 0 2467 0 0 0 0 0 0 159 0 0 0 0 4 0 0 0 2485 0 152 0 0 156 0 0 0 0 2 0 40 0 0 0 187 0 0 0 0 0 0 2 0 0 0 169 0 4 0 0 0 1 1 0 0 0 151 171 304 0 1 0 145 158 331 0 4 139 3 0 4 173 0 7 0 1 0 -1 0 2 37 0 38 0 158 166 2 0 0 2707 0 4 0 0 150 2 4 0 174 0 0 0 297 150 150 181 1 156 0 2823 36 3 1 0 0 3 0 0 26 132 0 0 0 2 0 0 146 0 3 0 0 144 0 0 2491 144 -1 0 0 1 1 0 0 0 0 0 181 3 1 0 0 2 1 0 0 136 176 147 0 133 0 0 33 5 0 0 0 147 37 174 0 0 2 145 2672 0 -1 0 137 0 1 1 0 147 0 0 204 2706 1 0 1 0 149 0 0 0 1 0 0 173 2513 3 0 2 0 2471 147 0 0 286 -1 0 0 0 149 2 144 0 0 124 0 0 0 2 0 0 0 0 0 0 0 0 0 0 0 149 1 8 141 170 0 0 0 0 0 0 0 0 132 0 2 0 1 5 155 154 4 165 0 0 0 267 0 1 0 0 0 161 162 1 9 0 0 0 132 0 -1 0 0 4 162 0 0 0 3 0 0 173 134 3 0 153 0 1 145 1 0 0 25 0 0 0 0 0 0 -1 141 4 317 0 0 1 0 0 0 0 1 0 0 0 300 0 2706 131 29 0 0 0 1 0 2 0 0 0 0 -1 0 0 0 3 131 0 0 162 145 163 26 153 161 0 133 4 147 3 0 -1 139 4 31 0 3 1 0 0 131 0 0 0 0 0 0 0 170 0 3 0 0 287 -1 3 2706 0 150 0 0 171 0 0 0 2 1 0 0 3 140 2 163 0 1 0 0 0 39 0 0 156 0 0 2885 327 154 1 0 0 2 0 0 0 150 0 0 142 163 0 139 135 2706 0 0 29 0 0 0 1 1 4 5 0 0 139 0 149 0 0 4 147 0 149 3 182 179 0 131 1 1 4 0 0 0 187 -1 0 171 0 2 145 0 0 0 136 
0 0 0 230 2 0 0 3 1 0 0 0 0 229 51 0 202 0 0 0 1 1 238 461 212 0 0 243 0 1 0 0 0 0 7 4 3 0 0 229 3 0 0 0 0 0 3310 4 5 0 2 0 0 0 1 0 207 0 218 0 1 194 0 221 206 6 0 2 0 0 230 0 2 2 199 0 6 225 0 0 233 230 3 0 212 1 0 3465 0 3 0 3728 3465 0 2 215 234 0 0 0 1 232 204 220 0 0 37 0 0 238 0 2 0 0 0 0 0 0 0 636 207 0 0 10 0 3 1 0 7 2 1 0 0 0 2 5 0 0 6 1 2 0 2 210 0 0 5 3 41 1 0 203 2 0 -1 0 0 0 220 2 206 37 0 3368 0 50 195 0 0 0 0 451 0 201 1 1 0 0 202 1 243 0 202 3 0 229 0 -1 217 207 3 3 208 48 220 0 0 0 0 236 2 0 0 407 -1 0 0 214 0 0 2 0 0 0 0 3 0 225 0 212 239 0 0 -1 239 0 236 200 0 1 0 0 189 200 2 0 0 0 4 202 3730 203 44 3 2 8 198 4 0 0 0 0 3769 211 0 0 207 3 0 182 44 0 0 0 230 0 0 0 414 38 0 205 0 0 0 2 1 229 3 4 8 0 0 0 0 0 0 216 0 0 0 220 201 0 0 1 2 2 38 229 0 223 447 0 2 0 0 0 45 48 0 38 0 33 0 3 0 0 1 0 0 1 227 4 0 205 4 1 0 0 45 1 0 227 3 235 0 243 3 0 0 2 0 234 3769 238 8 3602 0 6 431 0 0 0 236 0 0 0 0 0 204 229 196 0 0 0 0 3 0 0 38 0 0 39 209 0 6 5 0 0 0 8 0 -1 1 0 0 0 0 0 0 215 4 0 0 0 212 7 0 3465 4 40 4 0 0 0 0 3 0 3418 1 205 5 1 1 201 235 0 259 432 -1 1 0 0 218 1 227 217 45 0 1 0 229 201 0 225 226 3 3 212 202 221 0 0 0 224 49 2 436 0 0 0 215 0 0 3 -1 0 4 0 2 0 0 0 2 46 0 223 3851 0 0 236 215 0 3 3 0 0 0 0 0 194 0 0 1 4 0 0 0 0 192 38 3 218 0 0 0 0 0 0 2 7 0 5 0 0 197 0 0 0 0 0 218 1 212 0 201 232 0 3415 0 0 0 0 0 0 191 0 0 0 0 2 0 0 0 3430 0 206 0 5 215 0 0 0 0 2 0 45 0 0 0 240 0 1 0 0 0 0 1 5 0 0 232 0 6 0 0 0 0 2 0 0 0 234 192 481 0 0 0 190 240 422 0 5 228 3 0 2 246 0 6 0 3 0 -1 0 4 58 0 59 0 226 218 3 0 0 3770 1 7 0 0 228 3 3 0 215 0 0 0 438 215 234 207 1 192 0 3957 52 0 1 4 0 2 0 0 46 211 0 0 0 4 0 0 211 0 3 0 0 217 4 0 3427 214 -1 0 0 0 3 0 0 0 0 0 236 1 0 0 0 1 0 0 0 215 245 224 0 212 0 0 37 1 0 0 0 214 39 197 0 0 2 205 3724 0 -1 0 199 0 1 3 0 210 0 0 249 3769 0 0 1 0 198 0 0 0 3 0 0 200 3465 3 0 1 0 3416 226 0 0 470 -1 0 0 0 229 5 216 0 0 201 6 0 0 0 0 0 1 0 0 0 0 1 0 3 0 212 2 9 242 229 0 0 0 0 0 0 0 0 211 0 3 0 1 3 198 178 3 211 0 0 0 447 0 2 0 0 0 192 203 0 6 0 0 0 213 0 -1 0 0 2 202 0 0 0 5 0 0 225 219 1 0 208 0 0 216 1 0 0 42 0 0 0 0 0 0 -1 198 4 419 0 0 2 0 0 0 0 3 0 0 0 403 0 3769 212 58 0 0 0 2 0 2 0 0 0 0 -1 0 0 0 1 232 0 0 235 216 241 48 222 214 0 193 2 205 4 0 -1 228 2 37 0 2 4 0 0 233 0 0 0 0 1 0 0 196 0 3 0 0 424 -1 0 3769 0 231 0 0 213 0 0 0 8 3 0 0 3 199 4 229 0 3 4 0 0 44 0 0 225 0 0 4000 450 212 1 0 0 2 0 6 0 215 0 0 202 230 0 221 219 3769 0 0 52 0 0 0 1 1 5 5 0 0 228 0 212 0 0 3 223 0 200 2 239 203 0 216 1 0 3 0 0 0 221 -1 0 208 0 1 216 0 0 0 213 
0 0 0 112 1 0 0 0 5 0 0 0 0 98 18 0 103 0 0 0 0 0 112 217 87 0 0 123 0 1 0 0 0 0 0 3 2 0 0 107 2 0 0 0 0 0 1694 2 0 0 2 0 0 0 1 0 96 0 103 0 0 123 0 119 106 1 0 0 0 0 125 0 1 4 115 0 2 112 0 0 107 123 1 0 146 3 0 1783 0 0 0 1911 1783 0 0 126 110 0 0 0 0 104 111 107 0 0 23 0 0 112 0 3 0 0 0 0 0 0 0 345 111 0 0 4 0 8 1 0 3 2 0 0 0 0 2 1 0 0 1 1 2 0 0 152 0 0 5 2 31 1 0 100 2 0 -1 0 0 0 118 4 96 21 0 1727 0 25 119 0 0 0 0 230 0 104 1 0 0 0 109 2 123 0 111 2 0 118 0 -1 102 116 0 1 125 25 108 0 0 0 0 109 1 0 0 212 -1 0 0 116 0 0 1 0 0 0 0 2 0 118 0 108 127 0 1 -1 127 0 97 112 0 2 0 0 100 115 0 0 0 0 0 120 1899 105 30 2 3 2 122 0 0 0 0 0 1925 112 0 0 122 0 0 96 25 0 0 0 112 0 0 0 272 26 0 122 0 0 0 0 1 115 0 2 3 0 0 0 0 0 0 93 0 0 0 112 127 0 0 3 0 2 29 98 0 110 200 0 2 0 0 0 23 17 0 23 0 24 0 2 0 0 0 0 0 0 97 1 0 105 1 1 0 0 21 0 0 114 0 112 0 110 1 0 0 1 0 142 1925 109 2 1827 0 5 218 0 0 0 111 0 0 0 0 0 96 124 97 0 0 0 0 2 0 0 24 0 0 22 113 0 4 2 0 0 0 3 0 -1 2 0 0 0 0 0 0 149 2 0 0 0 124 3 0 1783 2 23 3 0 0 0 0 2 0 1765 0 126 2 1 0 101 109 0 114 223 -1 0 0 0 120 0 92 117 25 0 0 0 111 107 0 111 110 2 2 109 109 91 0 0 1 116 20 0 202 0 0 0 92 0 0 2 -1 0 2 0 2 0 0 0 0 25 0 114 1974 0 0 120 106 0 3 3 0 0 0 0 0 119 0 0 0 1 0 0 0 0 114 26 1 106 3 0 0 0 0 0 1 5 0 1 0 0 111 0 0 0 0 0 102 2 136 0 105 119 0 1758 0 0 0 0 0 0 116 0 0 0 0 2 0 0 0 1763 0 120 0 1 115 0 0 0 0 2 0 27 0 0 0 137 0 0 0 0 0 0 0 1 0 0 107 0 2 0 0 0 0 2 0 0 0 142 107 222 0 0 0 118 110 216 0 1 106 2 0 2 127 0 2 0 1 0 -1 0 0 20 0 22 0 93 126 0 0 0 1926 0 3 0 0 109 1 3 0 99 0 0 0 209 105 100 102 1 112 0 1996 13 0 1 1 0 3 0 0 26 117 0 0 0 4 0 0 117 0 2 0 0 118 3 0 1762 115 -1 0 0 0 0 0 0 0 0 0 117 1 0 0 0 1 0 0 0 114 125 112 0 118 0 0 17 1 0 0 0 92 23 114 0 0 2 112 1898 0 -1 0 110 0 0 1 0 91 0 0 111 1925 7 0 1 0 117 0 0 0 2 0 0 99 1783 1 0 3 0 1747 114 0 0 224 -1 0 0 0 118 3 119 0 0 112 0 0 0 1 0 0 1 0 0 0 0 0 1 2 0 128 2 5 118 102 0 1 0 0 0 0 0 0 117 0 1 0 1 2 108 115 1 108 0 0 0 206 0 2 0 0 0 116 91 0 5 0 0 0 109 0 -1 0 0 2 102 0 0 0 2 0 0 122 111 1 0 110 0 0 119 1 0 0 26 0 0 0 0 0 0 -1 121 1 223 0 0 1 0 0 0 0 3 0 0 0 206 0 1925 108 15 0 0 0 5 0 1 0 0 0 0 -1 0 0 0 0 94 0 1 101 118 122 21 130 105 0 121 0 126 1 0 -1 106 1 23 0 0 2 0 0 97 0 0 0 0 0 0 0 113 0 2 0 0 210 -1 1 1925 0 113 0 0 100 0 0 0 2 2 1 0 0 127 3 107 0 1 0 0 0 25 0 0 97 0 0 2050 225 136 1 0 0 0 0 1 0 105 0 0 128 115 0 111 107 1925 0 0 25 0 0 0 1 1 0 1 0 0 106 0 128 0 0 1 108 0 100 1 106 101 0 120 1 0 1 0 0 0 105 -1 0 112 0 3 118 0 0 0 118 
2 0 0 181 1 0 0 3 3 0 0 0 0 170 41 0 187 0 0 0 0 4 216 394 207 0 0 188 0 3 0 0 0 0 2 1 3 0 0 182 2 0 0 0 0 0 2906 2 1 0 4 0 0 0 1 0 177 0 187 0 0 230 0 184 203 3 0 5 0 0 180 0 1 7 192 0 1 180 0 0 195 191 1 0 198 2 0 3052 0 2 0 3287 3052 0 3 218 191 0 0 0 0 192 188 217 0 0 42 0 0 216 0 3 0 1 0 0 0 0 0 545 201 0 0 5 0 8 2 0 4 3 0 0 0 0 2 2 0 0 2 1 3 0 0 202 1 0 6 3 44 1 0 175 1 0 -1 0 0 0 190 1 170 41 1 2970 0 32 229 0 1 0 0 369 0 180 2 0 0 0 177 3 188 0 186 5 0 170 0 -1 225 198 5 3 205 30 182 0 0 0 0 203 1 0 0 412 -1 0 0 176 0 0 4 0 0 0 0 1 0 216 0 197 206 0 0 -1 206 0 193 204 0 2 0 0 195 204 1 0 0 0 3 197 3291 199 27 5 4 9 232 3 0 0 0 1 3334 194 0 0 209 5 0 187 47 0 0 0 181 1 0 0 435 43 0 181 0 0 0 0 3 228 0 6 2 0 0 0 2 0 0 213 0 0 1 215 176 0 0 2 4 0 49 177 0 177 361 0 1 0 0 0 39 44 0 36 0 55 0 1 1 0 1 0 0 0 174 2 0 183 1 3 0 0 38 0 0 183 3 206 0 193 2 0 0 0 0 198 3334 191 3 3180 0 0 366 1 0 0 184 0 0 0 0 0 169 179 210 0 0 0 0 2 0 0 39 0 0 42 179 0 5 1 0 0 0 6 0 -1 1 0 0 0 0 0 0 202 5 0 0 1 196 3 0 3052 1 42 3 0 0 0 0 4 0 3021 0 213 3 1 0 192 186 0 221 395 -1 1 0 0 187 1 189 186 42 0 2 0 176 172 0 199 204 6 8 186 177 213 0 0 1 159 34 4 414 1 0 0 212 0 0 4 -1 0 2 0 1 0 0 0 2 23 0 180 3392 0 0 199 214 0 1 3 0 0 0 0 0 226 0 0 1 2 0 0 0 0 183 43 1 186 5 0 0 1 0 0 2 8 0 4 0 0 198 0 0 0 0 0 225 4 180 0 184 217 0 2995 0 0 0 0 0 0 182 0 0 0 0 1 0 0 0 3017 0 191 0 5 181 0 0 0 0 2 0 38 0 0 0 211 0 0 0 0 0 0 2 3 0 0 199 0 1 0 0 0 3 0 0 0 0 198 187 375 0 0 0 189 216 423 0 5 198 4 0 4 204 0 3 0 1 0 -1 0 4 39 0 49 0 189 219 4 0 0 3335 0 1 0 0 207 3 6 0 224 0 0 0 385 191 175 199 1 190 0 3468 39 3 1 4 0 1 0 0 28 192 0 0 0 2 0 0 182 0 1 0 0 179 0 0 3009 182 -1 0 0 0 1 0 0 0 0 0 188 3 3 0 0 2 0 0 0 191 204 179 0 193 0 0 29 2 0 0 0 210 37 193 0 0 5 179 3295 0 -1 0 195 0 1 1 0 209 0 0 246 3334 3 0 1 0 195 0 0 0 5 0 0 192 3052 2 0 1 0 2990 221 0 0 416 -1 0 0 0 170 4 185 0 0 186 0 0 0 2 0 0 2 0 0 0 0 0 0 1 0 216 2 7 187 194 0 0 1 0 0 0 0 0 192 0 4 0 1 3 195 175 3 185 0 0 0 392 0 2 0 0 0 184 175 0 7 0 0 0 198 0 -1 0 0 2 181 0 0 0 6 0 0 184 189 2 0 207 0 0 186 1 0 0 36 0 0 0 0 0 0 -1 174 5 401 0 0 2 0 0 0 0 3 0 0 3 424 0 3334 197 40 0 0 0 2 0 0 0 0 0 0 -1 0 0 0 1 188 0 0 191 184 186 32 215 188 0 171 3 184 4 0 -1 198 3 42 0 2 4 0 0 189 0 0 0 0 0 0 0 192 0 4 0 0 434 -1 1 3334 0 182 0 0 181 0 0 0 0 5 2 0 2 174 4 182 1 1 2 0 0 36 0 0 178 0 0 3517 372 180 1 0 0 1 0 1 0 191 0 0 177 184 0 212 204 3334 0 0 34 0 0 0 2 2 2 2 0 0 198 0 216 0 0 3 179 0 214 2 206 196 0 192 1 0 3 0 0 0 189 -1 0 202 0 2 184 0 0 0 182 
2 0 0 175 3 0 0 1 3 0 0 0 0 180 36 0 180 0 0 0 0 2 176 386 181 0 0 189 0 2 0 0 0 0 1 3 3 0 0 205 5 0 0 0 0 0 3025 1 4 0 3 0 0 0 1 0 189 0 193 0 0 184 0 197 208 3 0 2 0 0 208 0 3 2 204 0 0 173 0 0 187 202 4 0 191 3 0 3155 0 3 0 3361 3155 0 1 197 216 0 1 0 1 172 172 182 0 0 47 0 0 176 0 2 0 0 0 0 0 0 0 575 207 0 0 3 0 9 0 0 3 2 0 0 0 0 1 4 0 0 1 1 4 0 2 196 0 0 5 3 43 1 0 198 2 0 -1 0 0 0 164 4 184 50 1 3076 0 32 182 0 1 0 0 404 0 205 1 0 0 0 194 2 189 0 170 1 0 211 0 -1 181 218 2 1 177 30 198 0 0 0 0 193 3 0 0 368 -1 0 0 206 0 0 5 0 0 0 0 6 0 193 0 192 208 1 2 -1 208 0 184 204 0 3 0 0 197 205 0 0 0 0 3 209 3371 208 37 1 1 5 185 1 0 0 0 2 3410 186 0 0 177 6 0 194 52 0 0 1 175 0 0 0 381 38 0 207 0 0 0 0 3 200 0 4 1 0 0 0 0 0 0 185 0 0 0 189 205 0 0 5 3 0 50 193 0 170 358 0 4 0 0 0 43 56 0 38 0 32 0 0 0 0 0 0 0 0 192 3 0 205 3 3 0 0 42 1 0 191 4 170 0 201 1 0 0 2 0 206 3410 200 5 3244 0 6 365 2 0 0 192 0 0 0 0 0 179 207 215 0 0 0 0 3 0 0 44 0 0 44 182 0 3 4 0 0 0 2 0 -1 3 0 0 0 0 0 0 195 3 0 0 0 206 3 0 3155 4 44 1 0 0 0 0 2 0 3128 0 186 6 2 0 193 212 0 223 413 -1 1 0 0 200 0 198 190 38 0 4 0 173 200 0 170 197 2 7 203 194 185 0 0 1 207 29 4 375 1 0 0 184 0 0 1 -1 0 4 0 1 1 0 0 5 34 0 177 3474 0 1 230 177 0 3 5 0 0 0 0 0 179 0 0 0 3 0 0 0 0 204 38 3 189 3 0 0 0 0 0 6 4 0 4 0 0 200 0 0 0 0 0 182 1 193 0 203 193 0 3093 0 0 0 0 0 0 199 0 0 0 0 0 0 0 0 3116 0 197 0 1 209 0 0 0 0 1 0 59 0 0 0 214 0 1 0 0 0 0 4 0 0 0 191 0 3 0 0 0 2 2 0 0 0 206 196 371 0 0 0 206 176 398 0 1 186 2 0 2 242 0 5 0 3 0 -1 0 6 56 0 29 0 198 198 2 0 0 3411 0 2 0 0 168 7 4 0 178 0 0 0 360 212 184 200 1 201 0 3563 44 3 1 3 0 3 0 0 39 176 0 1 0 0 0 0 186 0 3 0 0 197 3 0 3110 190 -1 0 0 0 4 0 0 0 0 0 191 3 2 0 0 4 0 0 0 187 243 170 0 177 0 0 39 3 0 0 0 180 50 199 0 0 4 186 3368 0 -1 0 194 0 0 0 0 178 0 0 240 3410 3 0 0 0 206 0 0 0 2 0 0 191 3155 0 0 1 0 3100 198 0 0 395 -1 0 0 0 211 3 185 0 0 167 3 0 0 3 0 0 2 0 0 0 0 0 0 4 0 187 2 9 203 188 0 0 0 0 0 0 0 0 176 1 1 0 1 1 198 193 2 202 0 0 0 390 0 2 0 0 0 205 179 0 5 0 0 0 193 0 -1 0 0 2 198 0 0 0 2 0 0 183 165 2 0 213 0 0 195 1 0 0 34 0 0 0 0 0 0 -1 199 5 385 0 0 1 0 0 0 0 1 0 0 0 357 0 3410 192 43 0 0 0 1 0 2 0 0 0 0 -1 0 0 0 4 194 0 0 172 185 188 37 194 165 0 198 3 203 4 0 -1 186 3 46 0 2 2 0 0 195 0 0 0 0 0 0 0 195 0 3 0 0 409 -1 5 3410 0 176 0 0 189 0 0 0 8 3 1 0 2 204 1 205 0 2 3 0 0 59 0 0 195 0 0 3600 396 193 2 0 0 1 0 1 0 212 0 0 206 195 0 189 194 3410 0 0 36 0 0 0 3 3 2 1 0 0 186 0 187 0 0 2 174 0 222 2 208 197 0 176 1 0 4 0 0 0 196 -1 0 208 0 5 185 0 0 0 192 
0 0 0 220 3 0 0 2 3 0 0 0 0 198 42 0 157 0 0 0 1 3 202 406 193 0 0 168 0 5 0 0 0 0 1 4 2 0 0 190 2 0 0 0 0 0 3136 2 2 0 2 0 0 0 1 0 201 0 185 0 0 187 0 175 207 2 0 1 0 0 204 0 2 2 180 0 4 218 0 0 180 177 3 0 194 6 0 3290 0 2 0 3224 3290 0 3 199 168 0 0 0 0 218 197 180 0 0 32 0 0 202 1 0 0 0 0 0 0 0 0 617 201 0 0 3 0 6 3 0 3 3 0 0 0 0 5 4 0 0 2 1 3 0 2 199 0 0 9 4 42 1 0 190 2 0 -1 0 0 0 206 3 198 35 0 3208 0 43 182 0 0 0 0 393 0 201 3 0 0 0 210 2 168 0 195 2 0 193 0 -1 204 252 2 2 194 44 178 0 0 0 0 182 1 0 0 348 -1 0 0 188 0 0 5 0 0 0 0 0 0 188 0 172 176 0 0 -1 176 0 178 207 0 0 0 0 190 208 2 0 0 0 1 186 3211 203 29 2 2 9 188 0 0 0 0 1 3263 203 0 0 195 5 0 183 36 0 0 0 220 0 0 0 388 51 0 190 1 0 0 0 2 183 0 2 2 0 0 0 1 0 0 198 0 0 0 173 202 0 0 0 5 0 38 212 0 212 386 0 2 0 0 0 44 43 0 44 0 41 0 2 0 0 1 0 0 1 208 2 0 203 5 3 0 0 41 1 0 197 3 206 0 181 3 0 0 0 0 196 3263 179 6 3092 0 1 369 0 0 0 210 0 0 0 0 0 201 203 200 0 0 0 0 1 0 0 39 0 0 32 198 0 3 3 0 0 0 4 0 -1 5 0 0 0 0 0 0 199 2 0 0 0 184 2 0 3290 4 32 5 0 0 0 2 0 0 3248 0 200 2 3 0 184 168 0 197 444 -1 3 0 0 202 0 172 173 47 0 3 0 219 182 0 203 201 1 3 204 210 202 0 0 2 188 40 1 388 2 0 0 197 0 0 4 -1 0 3 0 6 1 0 0 3 24 0 215 3342 0 0 173 179 0 3 5 0 0 0 0 0 187 0 0 0 4 0 1 0 0 192 51 5 184 4 0 0 0 0 0 6 3 0 2 0 0 199 0 0 0 0 0 207 3 202 0 203 194 0 3249 0 0 0 0 0 0 186 0 0 0 0 2 0 0 0 3244 0 176 0 3 191 0 0 0 0 3 0 35 0 0 0 232 1 0 0 0 0 0 2 4 0 0 179 0 2 0 0 0 2 4 0 0 0 196 207 392 0 0 0 182 200 451 0 2 198 4 0 3 183 0 6 0 5 0 -1 0 3 33 0 34 0 169 202 1 0 0 3264 0 6 0 0 199 2 3 0 203 0 0 0 384 196 202 195 1 201 0 3420 41 1 1 1 0 3 0 0 51 205 1 0 0 6 0 0 192 1 4 0 0 201 3 1 3251 179 -1 0 0 0 1 0 0 0 0 0 197 6 0 0 0 1 1 0 0 211 186 219 0 206 0 0 41 1 0 0 0 195 44 210 0 0 3 176 3204 0 -1 0 204 0 1 2 0 193 0 0 227 3263 5 0 1 0 180 0 0 0 1 0 0 188 3290 5 0 1 0 3249 181 0 0 389 -1 0 0 0 193 2 197 0 0 201 4 0 0 4 0 0 0 0 0 0 0 0 0 7 0 200 4 8 207 177 0 0 0 0 0 0 0 0 205 0 2 0 1 1 206 187 2 203 0 0 0 382 0 3 0 0 0 190 197 0 2 0 1 0 173 0 -1 0 0 6 202 0 0 0 6 0 0 190 210 2 0 209 0 0 199 1 0 0 43 0 0 0 0 0 0 -1 183 3 409 0 0 3 0 0 0 0 2 0 0 0 373 0 3263 172 39 0 0 0 2 0 3 0 0 0 0 -1 0 0 0 5 205 0 0 185 198 162 42 199 196 0 198 5 194 3 0 -1 198 3 31 0 0 6 0 0 204 0 0 0 0 0 0 0 208 0 6 0 0 391 -1 6 3263 0 221 0 0 205 0 0 0 2 3 0 0 1 201 1 190 0 5 2 0 0 34 0 0 214 1 0 3460 389 202 1 0 0 3 0 1 0 196 0 0 203 202 0 178 196 3263 0 0 40 0 0 0 1 2 2 5 0 0 198 0 200 0 0 2 214 0 204 6 199 191 0 204 1 0 3 0 0 0 189 -1 0 202 0 3 198 0 0 0 189 
0 0 0 111 2 0 0 0 3 0 0 0 0 129 23 0 136 0 0 0 1 1 127 281 142 0 0 135 0 0 0 0 0 0 1 1 3 0 0 152 1 0 0 0 0 0 2025 0 3 0 1 0 0 0 1 0 135 0 108 0 0 126 0 113 115 3 0 1 0 0 113 0 1 2 107 0 1 109 0 0 136 121 3 0 115 2 0 2120 0 1 0 2145 2120 0 1 135 127 0 0 0 0 138 129 114 0 0 25 0 0 127 0 1 0 0 0 0 0 0 0 396 129 0 0 2 0 2 1 0 3 2 0 0 0 0 3 2 0 0 2 1 3 0 1 122 0 0 2 1 30 1 0 127 3 0 -1 0 0 0 120 0 133 30 1 2069 0 24 127 0 0 0 0 223 0 126 0 0 0 0 103 0 135 0 124 1 0 126 0 -1 141 126 3 1 132 34 126 0 0 0 0 139 4 0 0 243 -1 0 0 117 0 0 5 0 0 0 0 3 0 130 0 148 137 0 1 -1 137 0 110 149 0 1 0 0 148 149 2 0 0 0 2 110 2141 115 29 1 1 4 129 3 0 0 0 3 2166 124 0 0 129 2 0 144 26 0 0 0 111 0 0 0 247 24 0 124 0 0 0 0 4 121 0 3 0 0 0 0 1 0 0 148 0 0 1 115 124 0 0 0 0 0 23 151 0 108 248 0 0 0 0 0 26 34 0 23 0 24 0 3 0 0 0 0 0 0 149 3 0 129 3 3 0 0 32 0 0 116 2 132 0 142 1 0 0 0 0 130 2166 141 1 2053 0 2 261 1 0 0 128 0 0 0 0 0 131 112 140 0 0 0 0 2 0 0 33 0 0 41 117 0 7 2 0 0 0 1 0 -1 2 0 0 0 0 0 0 117 1 0 0 0 111 0 0 2120 2 41 1 0 0 0 0 2 0 2100 0 135 1 2 0 119 130 0 144 250 -1 0 0 0 137 0 119 114 17 0 3 0 110 110 0 113 112 3 3 139 103 145 0 0 0 124 29 3 244 0 0 0 147 0 0 3 -1 0 2 0 2 0 0 0 2 25 0 110 2193 0 0 127 115 0 2 3 0 0 0 0 0 128 0 0 0 1 0 0 0 0 142 24 0 123 2 0 0 1 0 0 0 3 0 2 0 0 146 0 0 0 0 0 143 2 133 0 130 130 0 2096 0 0 0 0 1 0 139 0 0 0 0 1 0 0 0 2098 0 106 0 1 114 0 0 0 0 0 0 29 0 0 0 145 0 0 0 0 0 0 2 1 0 0 136 0 4 0 0 0 0 1 0 0 0 130 114 274 0 0 0 107 124 269 0 1 123 2 0 7 142 0 4 0 4 0 -1 0 2 38 0 23 0 117 136 3 0 0 2167 0 1 0 0 124 1 0 0 141 0 0 0 282 137 131 130 1 138 0 2288 23 0 1 1 0 0 0 0 34 133 0 0 0 1 0 0 118 0 0 0 0 137 2 0 2089 147 -1 0 0 0 1 0 0 0 0 0 148 2 0 0 0 2 0 0 0 128 142 110 0 134 0 0 24 1 0 0 0 146 28 116 0 0 1 144 2144 0 -1 0 114 0 0 1 0 144 0 0 157 2166 0 0 0 0 106 0 0 0 0 0 0 124 2120 0 0 5 0 2091 117 0 0 254 -1 0 0 0 126 1 118 0 0 128 2 0 0 2 0 0 2 0 0 0 0 0 0 0 0 135 2 4 160 132 0 0 0 0 0 0 0 0 133 0 2 0 1 3 142 138 2 138 0 0 0 270 0 1 0 0 0 141 130 0 5 0 0 0 149 0 -1 0 0 1 127 0 0 0 3 0 0 144 145 1 0 118 0 0 135 1 0 0 18 0 1 0 0 0 0 -1 119 0 269 0 0 1 0 0 0 0 1 0 0 0 271 0 2166 148 21 0 0 0 2 0 1 0 0 0 0 -1 0 0 0 1 116 0 0 114 119 134 27 132 106 0 121 2 123 0 0 -1 123 1 24 0 1 2 0 0 118 0 0 0 0 0 0 0 116 0 5 0 0 262 -1 4 2166 0 112 0 0 137 0 0 0 2 0 0 0 4 123 4 152 0 0 3 0 0 24 0 0 149 1 0 2316 211 133 1 0 0 2 0 1 0 137 0 0 125 117 0 114 109 2166 0 0 29 1 0 0 4 2 0 0 0 0 123 0 135 0 0 1 109 0 145 4 111 125 0 132 1 0 2 0 0 0 110 -1 0 130 0 2 119 0 0 0 136 
0 0 0 210 1 0 0 0 4 0 0 0 0 215 49 0 234 0 0 0 1 1 218 465 220 0 0 209 0 1 0 0 0 0 0 0 3 0 0 211 3 0 0 0 0 0 3379 3 3 1 3 0 0 0 1 0 219 0 234 0 0 209 0 205 211 1 0 1 0 0 193 0 4 3 209 0 4 207 0 0 195 211 2 0 201 2 0 3554 0 3 0 3617 3554 0 5 204 211 0 0 0 0 214 197 204 1 0 40 0 0 218 0 2 0 0 0 0 0 0 0 646 224 0 0 5 0 5 4 0 2 3 0 0 0 0 4 2 0 0 2 1 4 0 1 210 0 0 6 4 49 1 0 195 2 0 -1 0 0 0 224 3 206 54 0 3473 0 44 203 0 0 0 0 430 0 217 3 0 0 0 233 4 209 0 192 2 0 222 0 -1 241 212 3 4 240 39 226 0 0 0 0 198 1 0 0 416 -1 0 0 222 0 0 3 0 0 0 0 5 0 225 0 247 207 0 0 -1 207 0 204 215 0 1 0 0 233 218 5 0 0 0 5 211 3607 208 43 0 3 5 209 2 0 0 0 4 3656 180 0 0 228 3 0 226 40 0 0 1 210 0 0 0 421 48 0 204 0 0 0 0 3 242 1 4 2 0 0 0 1 0 0 225 0 0 2 232 202 0 0 2 4 0 48 237 0 203 407 0 1 0 0 0 51 42 0 37 0 43 0 1 0 0 0 0 0 1 236 6 0 221 6 4 0 0 53 0 0 204 1 231 0 213 4 0 0 4 0 198 3656 210 5 3493 0 3 400 0 0 0 198 0 0 0 0 0 215 192 188 0 0 0 0 5 0 0 41 0 0 54 195 0 0 6 0 0 0 4 1 -1 1 0 0 0 0 0 0 211 3 0 0 0 235 2 0 3554 7 56 2 0 0 0 1 4 0 3516 0 236 4 4 1 219 214 0 245 409 -1 5 0 0 203 1 217 201 47 0 1 0 207 210 0 201 212 5 3 219 233 224 0 0 1 214 59 3 440 2 0 0 224 0 0 1 -1 0 2 0 3 0 0 0 4 42 0 208 3743 0 0 203 190 0 5 4 0 0 0 0 0 212 0 0 0 0 0 0 0 0 229 48 2 192 0 0 0 0 0 0 1 3 0 7 0 0 210 0 0 0 0 1 244 3 219 0 216 228 0 3508 0 0 0 0 0 0 228 0 0 0 0 1 0 0 0 3516 0 225 0 2 204 0 0 0 0 1 0 39 0 0 0 247 0 0 0 0 0 0 2 4 0 0 197 0 3 0 0 0 4 3 0 0 0 198 192 432 0 1 0 203 219 451 0 2 207 2 0 10 213 0 5 0 3 0 -1 0 4 49 0 45 0 214 205 4 0 0 3657 0 3 0 0 207 6 2 0 241 0 0 0 450 202 217 232 1 213 0 3841 47 1 1 2 0 2 0 0 52 202 0 0 0 1 0 0 200 0 2 0 0 201 1 0 3516 205 -1 0 0 0 3 0 0 0 0 0 213 3 0 0 0 2 0 0 0 187 214 204 0 203 0 0 48 4 1 0 0 222 48 197 0 0 2 209 3616 0 -1 0 235 0 0 3 0 217 0 0 261 3656 1 0 0 0 206 0 0 0 6 0 0 226 3554 3 0 3 0 3502 238 0 0 440 -1 0 0 0 222 6 199 0 0 195 1 0 1 0 0 0 0 0 0 0 0 0 0 4 0 241 7 8 207 187 0 0 0 0 0 0 0 0 202 0 3 0 1 5 213 224 1 218 0 0 0 484 0 4 0 0 0 226 216 0 3 0 0 1 248 0 -1 0 0 3 218 0 0 0 1 0 0 205 196 2 0 216 0 0 201 1 0 0 46 0 0 0 0 0 0 -1 196 3 444 1 0 5 0 0 0 0 3 0 0 1 420 0 3656 247 35 0 0 0 1 0 3 0 0 0 0 -1 0 0 0 3 228 0 0 222 201 213 40 232 194 0 193 3 207 1 0 -1 207 2 40 0 2 4 0 0 233 0 0 0 0 0 0 0 196 0 2 0 0 399 -1 2 3656 0 211 0 0 224 0 0 0 3 2 1 0 0 200 3 211 0 2 1 0 0 38 0 0 237 1 0 3869 385 219 1 0 0 5 0 2 0 202 0 0 203 206 1 228 207 3656 0 0 33 0 0 0 1 3 1 2 0 0 207 0 241 0 0 2 206 0 195 4 210 228 0 203 1 0 0 1 0 0 237 -1 0 225 0 3 201 0 0 0 201 
0 0 0 198 2 0 0 1 6 0 0 0 0 228 41 0 214 0 0 0 0 1 220 440 204 0 0 220 0 6 0 0 0 0 6 2 2 0 0 212 2 0 0 0 0 0 3409 1 3 0 5 0 0 0 1 0 219 0 215 0 1 216 0 217 207 3 0 2 0 0 225 0 0 1 190 0 4 198 0 0 224 226 3 0 214 4 0 3571 0 2 0 3739 3571 0 2 232 259 0 0 0 1 221 214 208 0 0 45 0 0 220 0 7 0 1 0 0 0 0 0 664 227 0 0 3 0 4 3 0 6 4 0 0 0 0 1 4 0 0 1 1 3 0 5 220 1 0 5 2 52 1 0 220 6 0 -1 0 0 0 215 1 218 40 2 3476 0 55 212 0 0 0 0 441 0 206 5 0 0 0 233 1 220 0 212 5 0 236 0 -1 240 219 5 1 207 44 224 0 0 0 0 231 0 0 0 438 -1 0 0 231 0 0 6 0 0 0 0 1 0 207 0 228 257 0 0 -1 257 0 219 251 0 2 0 0 233 249 4 0 0 0 1 197 3743 204 61 2 1 6 221 7 0 0 0 7 3792 190 0 0 201 1 0 232 51 1 0 0 198 0 0 0 442 49 0 220 0 1 0 2 3 227 0 2 2 1 0 0 0 0 0 210 0 0 0 217 214 0 0 4 0 2 46 230 0 191 449 0 0 0 0 0 40 46 0 43 0 38 0 0 0 0 1 0 0 2 229 4 0 206 1 1 0 0 57 2 0 226 1 261 0 217 3 0 0 4 0 248 3792 214 2 3622 0 2 423 2 0 0 216 0 0 0 0 0 208 224 238 0 0 0 0 5 0 0 53 0 0 49 238 0 8 0 0 0 0 4 0 -1 2 0 0 0 0 0 0 220 6 0 0 0 194 3 0 3571 6 48 3 0 0 0 0 1 0 3528 0 204 1 3 0 197 254 0 271 438 -1 1 0 0 242 0 235 214 43 0 2 0 196 225 0 194 229 3 7 215 233 213 0 0 0 231 63 4 454 4 0 0 209 0 0 2 -1 0 1 0 2 1 0 0 3 59 0 201 3867 0 0 194 206 0 2 5 0 0 0 0 0 221 0 0 1 1 0 0 0 0 238 49 6 217 2 0 0 2 0 0 0 3 0 3 0 0 241 1 0 0 0 0 248 6 204 0 200 210 0 3529 0 0 0 0 0 0 234 0 0 0 0 1 0 0 0 3525 0 188 0 2 218 0 0 0 0 1 0 52 0 0 0 267 0 0 0 0 0 0 5 4 0 0 224 0 3 0 0 0 2 4 0 0 0 248 229 396 0 0 0 191 222 454 0 4 234 3 0 8 197 0 3 0 3 0 -1 0 2 40 0 43 0 235 236 2 0 0 3793 0 4 0 0 213 4 3 0 245 0 0 0 444 228 235 211 1 242 0 3968 42 5 1 1 0 4 0 0 43 220 0 0 0 3 0 0 236 0 3 0 0 240 5 0 3519 221 -1 0 0 0 4 0 0 0 0 0 224 3 3 0 0 4 0 0 0 193 200 197 0 221 0 0 42 3 0 0 0 208 46 240 0 0 3 215 3740 0 -1 0 216 0 1 8 0 207 0 0 253 3792 3 0 1 0 194 0 0 0 2 0 0 201 3571 5 0 3 0 3523 227 0 0 442 -1 0 0 0 236 4 242 0 0 214 2 0 0 4 0 0 2 0 0 0 0 1 0 6 0 208 2 10 215 220 0 0 0 0 0 0 0 0 220 0 5 0 1 2 243 237 6 214 0 0 0 486 0 3 0 0 0 238 214 0 6 0 0 0 229 0 -1 0 0 4 206 0 0 0 5 0 0 216 215 2 0 209 0 0 238 1 0 0 45 0 0 0 0 0 0 -1 215 5 457 0 0 1 0 0 0 0 1 0 0 0 414 0 3792 228 46 0 0 0 2 0 4 0 0 0 0 -1 0 0 0 3 249 0 0 183 243 222 47 196 181 0 206 5 220 3 0 -1 234 2 44 0 3 3 0 1 249 0 0 0 0 0 0 0 235 0 7 0 0 455 -1 3 3792 0 199 0 0 220 0 0 0 2 2 0 0 4 211 5 212 0 2 4 0 0 52 0 0 228 0 0 4017 431 204 1 0 0 2 0 0 0 228 0 0 215 233 1 222 224 3792 0 0 43 0 0 0 1 2 4 2 0 0 234 0 208 0 0 2 193 0 243 9 223 205 0 219 1 0 3 0 0 0 216 -1 0 228 0 4 243 0 0 0 233 
0 0 0 170 1 0 0 3 0 0 0 0 0 158 35 0 190 0 0 0 0 2 148 348 161 0 0 186 0 3 0 0 0 0 0 5 0 0 0 194 0 0 0 0 0 0 2643 4 2 0 3 0 0 0 1 0 162 0 184 0 0 179 0 161 175 2 0 2 0 0 183 0 3 3 167 0 0 168 0 0 157 166 3 0 177 3 0 2757 0 2 0 3083 2757 0 2 166 161 0 0 0 1 181 177 174 0 0 29 0 0 148 0 1 0 0 0 0 0 0 0 560 161 0 0 2 0 8 1 0 9 3 1 0 0 0 4 2 0 0 3 1 3 0 1 180 0 0 4 2 45 1 0 175 3 0 -1 0 0 0 180 1 154 32 0 2688 0 48 177 0 0 0 0 371 0 165 4 0 0 0 176 2 186 0 168 3 0 147 0 -1 162 149 2 3 161 28 194 0 0 0 0 161 0 0 0 350 -1 0 0 170 0 0 1 0 0 0 0 1 0 177 0 195 196 0 1 -1 196 0 159 203 0 6 0 0 153 201 2 0 0 0 3 170 3086 169 46 5 2 6 182 2 0 0 0 2 3114 167 0 0 161 2 0 152 49 0 0 0 170 0 0 0 362 28 0 170 0 0 0 0 3 172 3 4 1 0 0 0 0 0 0 167 0 0 0 160 193 0 0 1 2 0 33 170 0 165 352 0 2 0 0 0 35 45 0 33 0 34 0 4 0 0 0 0 0 0 165 3 0 168 1 2 0 0 36 2 1 172 4 163 0 170 3 0 0 1 0 177 3114 168 3 2953 0 2 337 2 0 0 174 0 0 0 0 0 155 182 184 0 0 0 0 4 0 0 25 0 0 52 176 0 2 4 0 0 0 3 0 -1 2 0 0 0 0 0 0 179 3 0 0 0 157 5 0 2757 3 53 2 0 0 0 1 3 0 2727 0 162 2 6 0 178 160 0 205 304 -1 3 0 0 167 0 179 166 45 0 4 0 170 163 0 179 180 3 5 182 176 164 0 0 1 143 28 1 317 2 0 0 166 0 0 3 -1 0 0 0 0 1 0 0 3 44 0 168 3185 0 0 170 175 0 2 1 0 0 0 0 0 173 0 0 0 1 0 0 0 0 180 28 0 152 1 0 0 0 0 0 5 2 0 4 0 0 199 0 0 0 0 0 165 5 192 0 168 178 0 2723 0 0 0 0 0 0 181 0 0 0 0 4 0 0 0 2722 0 153 0 0 177 0 0 0 0 0 0 46 0 0 0 207 0 0 0 0 0 0 2 1 0 0 164 0 3 0 0 0 2 2 0 0 0 177 195 342 0 1 0 167 152 311 0 1 204 4 0 3 177 0 4 0 6 0 -1 0 4 34 0 32 0 178 167 4 0 0 3115 0 5 0 0 140 1 2 0 163 0 0 0 373 184 161 186 1 194 0 3253 34 3 1 2 0 4 0 0 29 180 0 0 0 0 0 0 174 0 6 0 0 165 2 0 2721 177 -1 0 0 0 1 0 0 0 0 0 186 3 2 0 0 3 1 0 0 165 174 169 0 181 0 0 42 2 0 0 0 162 26 203 0 0 1 173 3065 0 -1 0 184 0 0 2 0 164 0 0 223 3114 1 0 2 0 165 0 0 0 0 0 0 181 2757 3 0 6 0 2714 171 0 0 344 -1 0 0 0 147 4 173 0 0 170 3 0 0 2 0 0 1 0 0 0 0 0 0 2 0 163 1 8 179 151 0 0 0 0 0 0 0 0 180 0 5 0 1 1 192 175 2 181 0 0 0 376 0 2 0 0 0 180 158 0 4 0 0 0 196 0 -1 0 0 1 166 0 0 0 4 0 0 185 190 1 0 178 0 0 162 1 0 0 38 0 0 0 0 0 0 -1 166 2 352 0 0 0 0 0 1 0 2 0 0 0 337 0 3114 195 34 0 0 0 3 0 2 0 0 0 0 -1 0 0 0 1 175 0 0 164 176 184 27 159 170 0 189 7 171 1 0 -1 204 2 29 0 2 4 0 0 178 0 0 0 0 0 0 0 200 0 2 0 0 373 -1 1 3114 0 171 0 0 164 0 0 0 2 0 0 0 3 190 2 194 0 1 3 0 0 44 0 0 170 2 0 3299 344 192 1 0 0 0 0 3 0 184 0 0 194 173 0 162 171 3114 0 0 24 0 0 0 0 2 2 1 0 0 204 0 163 0 0 2 166 0 188 2 169 182 0 181 1 0 3 1 0 0 188 -1 0 162 0 3 176 0 0 0 161 
0 0 0 127 1 0 0 2 4 0 0 0 0 144 24 0 132 0 0 0 0 1 132 283 130 0 0 124 0 4 0 0 0 0 0 1 0 0 0 139 1 0 0 0 0 0 1986 1 1 0 2 0 0 0 1 0 114 0 138 0 0 128 0 132 148 2 0 1 0 0 151 0 1 1 115 0 0 125 0 0 141 139 1 0 116 5 0 2079 0 0 0 2219 2079 0 1 145 141 0 0 0 1 138 148 113 0 0 26 0 0 132 0 3 0 1 0 0 0 0 0 403 139 0 0 3 0 5 2 0 3 1 0 0 0 0 2 1 0 0 2 1 2 0 1 122 0 0 3 2 31 1 0 164 2 0 -1 0 0 0 127 5 110 25 1 2017 0 31 127 0 0 0 0 291 0 138 2 0 0 0 142 5 124 0 144 0 0 119 0 -1 130 127 1 2 116 29 127 0 0 0 0 142 1 0 0 278 -1 0 0 144 0 0 2 0 0 0 0 2 0 148 0 137 120 0 2 -1 120 0 126 135 0 3 0 0 127 135 2 0 0 0 2 119 2223 142 29 0 0 4 129 0 0 0 0 2 2254 119 0 0 117 6 0 128 24 0 0 0 127 0 0 0 252 31 0 135 0 0 0 0 2 130 0 2 2 0 0 0 0 0 0 131 0 0 0 125 117 0 0 0 1 1 29 133 0 125 258 0 1 0 0 0 21 31 0 23 0 23 0 0 0 0 1 0 0 1 132 1 0 140 2 0 0 0 35 0 0 137 3 132 0 127 0 0 0 0 0 134 2254 122 0 2149 0 0 269 0 0 0 147 0 0 0 0 0 113 150 116 0 0 0 0 1 0 0 14 0 0 19 127 0 6 2 0 0 0 2 0 -1 3 0 0 0 0 0 0 122 1 0 0 0 134 1 0 2079 2 19 0 0 0 0 0 2 0 2059 0 116 3 1 0 127 142 0 171 254 -1 2 0 0 124 1 152 134 24 0 3 0 126 131 0 144 136 0 5 121 142 130 0 0 1 117 24 1 268 3 0 0 130 0 0 0 -1 0 1 0 2 0 0 0 2 27 0 121 2303 0 0 126 105 0 2 3 0 0 0 0 0 123 0 0 0 1 0 0 0 0 127 31 4 125 2 0 0 0 0 0 1 3 0 0 0 0 130 0 0 0 0 0 130 1 126 0 141 150 0 2049 0 0 0 0 0 0 125 0 0 0 0 2 0 0 0 2058 0 131 0 2 116 0 0 0 0 1 0 27 0 0 0 148 0 0 0 0 0 0 2 1 0 0 139 0 1 0 0 0 4 2 0 0 0 134 147 253 0 1 0 114 134 257 0 3 123 2 0 0 128 0 4 0 3 0 -1 0 2 29 0 32 0 151 148 0 0 0 2255 0 2 0 0 127 1 1 0 129 0 0 0 271 174 146 131 1 127 0 2353 29 2 1 1 0 3 0 0 22 149 0 0 0 1 0 0 127 0 2 0 0 121 0 0 2050 129 -1 0 0 0 0 0 1 0 0 0 138 2 0 0 0 4 0 0 0 127 126 124 0 150 0 0 21 2 0 0 0 128 32 147 0 0 4 130 2228 0 -1 0 121 0 1 2 0 128 0 0 156 2254 1 0 1 0 116 0 0 0 2 0 0 127 2079 4 0 0 0 2059 129 0 0 275 -1 0 0 0 119 0 127 0 0 146 3 0 0 1 0 0 0 0 0 0 0 1 0 2 0 119 1 4 135 129 0 0 0 0 0 0 0 0 149 0 1 0 1 4 129 123 2 120 0 0 0 271 0 1 0 0 0 128 110 0 4 0 0 0 138 0 -1 0 0 2 135 0 0 0 1 0 0 136 140 1 0 148 0 0 123 1 0 0 21 0 0 0 0 0 0 -1 130 1 246 0 0 3 0 0 0 0 2 0 0 1 251 0 2254 137 23 0 0 0 1 0 2 0 0 0 0 -1 0 0 0 0 131 0 0 116 128 124 28 115 131 0 112 2 134 0 0 -1 123 2 24 0 3 5 0 0 132 0 0 0 0 0 0 0 145 0 1 0 0 234 -1 1 2254 0 128 0 0 115 0 0 0 0 2 0 0 0 116 0 139 0 0 3 0 0 29 0 0 133 1 0 2390 286 126 1 0 0 5 0 1 0 174 0 0 118 139 0 120 133 2254 0 0 26 0 0 0 3 1 0 0 0 0 123 0 119 0 0 2 122 0 120 1 147 130 0 148 1 0 2 0 0 0 140 -1 0 140 0 2 128 0 0 0 116 
0 0 0 206 5 0 0 3 4 0 0 0 0 201 36 0 177 0 0 0 0 0 209 422 189 0 0 183 0 1 0 0 0 0 0 2 1 0 0 217 1 0 0 0 0 0 3098 2 2 0 3 0 0 0 1 0 206 0 225 0 0 213 0 199 197 2 0 2 0 0 215 0 4 2 201 0 2 203 0 0 186 202 2 0 184 4 0 3270 0 1 0 3427 3270 0 1 206 192 0 0 0 1 184 201 187 0 0 37 0 0 209 0 3 0 1 0 0 0 0 0 642 214 0 0 1 0 6 4 0 11 6 0 0 0 0 2 3 0 0 3 1 4 1 3 194 0 0 7 3 57 1 0 187 3 0 -1 0 0 0 193 3 199 39 1 3190 0 39 211 0 0 0 0 441 0 206 1 0 0 0 207 3 183 0 199 2 0 183 0 -1 199 234 2 4 218 40 185 0 0 0 0 192 2 0 0 397 -1 0 0 212 0 0 7 0 0 0 0 3 0 222 0 188 220 0 2 -1 220 0 224 204 0 1 0 0 192 203 1 0 0 0 5 204 3422 190 35 2 2 4 215 1 0 0 0 2 3472 181 0 0 222 6 0 180 41 0 0 0 206 0 0 0 406 49 0 219 0 0 0 1 4 194 1 1 0 0 0 0 2 0 0 197 0 0 1 187 194 0 0 4 3 0 41 200 0 201 397 0 5 0 0 0 52 43 0 38 0 43 0 2 0 0 3 0 0 1 199 6 0 206 1 2 0 0 41 0 0 204 3 249 0 208 3 0 0 2 0 198 3472 205 4 3318 0 5 402 0 0 0 202 0 0 0 0 0 196 214 207 0 0 0 0 4 0 0 32 0 0 34 212 0 6 3 0 0 0 8 0 -1 2 0 0 0 0 0 0 190 3 0 0 0 234 1 0 3270 1 34 0 0 0 0 1 1 0 3222 0 222 3 3 0 210 188 0 225 455 -1 1 0 0 223 0 200 199 49 0 2 0 205 204 0 221 181 5 5 185 207 200 0 0 0 178 46 1 414 1 0 0 196 0 0 1 -1 0 2 0 1 1 0 0 2 30 0 204 3540 0 1 199 183 0 2 8 0 0 1 0 0 211 0 0 1 9 0 0 0 0 212 49 3 214 4 0 0 0 0 0 3 8 0 2 0 0 196 0 0 0 0 0 204 0 215 0 205 222 0 3226 0 0 0 0 0 0 215 0 0 0 0 1 0 0 0 3232 0 225 0 2 211 0 0 0 0 1 0 42 0 0 0 254 0 0 0 0 0 0 2 2 0 0 189 0 3 0 0 0 5 2 0 0 0 198 231 409 0 0 0 199 205 433 0 4 202 0 0 5 203 0 4 0 2 0 -1 0 1 50 0 47 0 198 211 2 0 0 3473 0 5 0 0 204 2 4 0 204 0 0 0 365 197 204 221 1 198 0 3615 45 3 1 0 0 2 0 0 41 208 0 0 0 2 0 0 218 0 3 0 0 219 1 0 3220 208 -1 0 0 0 2 0 0 0 0 0 183 2 0 0 0 4 0 0 0 193 209 204 0 209 0 0 40 2 0 0 0 194 40 234 0 0 1 200 3424 0 -1 0 188 0 3 4 0 197 0 0 267 3472 2 0 1 0 199 0 0 0 1 0 0 213 3270 2 0 4 0 3233 191 0 0 410 -1 0 0 0 183 1 217 0 0 199 3 0 0 4 0 0 0 0 0 0 0 1 0 2 0 228 5 7 210 180 0 0 0 0 0 0 0 0 208 0 3 0 1 1 199 202 6 184 0 0 0 375 0 2 0 0 0 213 201 0 5 0 1 0 189 0 -1 0 0 2 205 0 0 0 2 0 0 181 203 4 0 200 0 0 220 1 0 0 50 0 0 0 0 0 0 -1 216 2 396 0 0 0 0 0 0 0 2 0 0 0 400 0 3472 188 30 0 1 0 3 0 1 0 0 0 0 -1 0 0 0 4 183 0 0 207 218 182 33 221 206 0 186 2 221 3 0 -1 202 3 37 0 1 1 0 0 185 0 0 0 0 1 0 0 228 0 2 0 0 410 -1 4 3472 0 207 0 0 206 0 0 0 6 7 2 0 2 194 3 217 0 3 6 0 0 43 0 0 201 1 0 3660 423 215 1 0 0 0 0 4 0 197 0 0 195 202 0 184 177 3472 0 0 36 0 0 0 3 3 1 2 0 0 202 0 228 0 0 5 199 0 219 2 222 219 0 207 2 0 2 0 0 0 226 -1 0 215 0 0 218 0 0 0 215 
0 0 0 209 3 0 0 1 2 0 0 0 0 193 41 0 189 0 0 0 0 2 203 442 212 0 0 207 0 4 0 0 0 0 5 3 1 0 0 208 3 0 0 0 0 0 3270 3 1 0 1 0 0 0 1 0 214 0 209 0 0 226 0 231 220 2 0 3 0 0 212 0 1 1 202 0 3 206 0 0 213 240 4 0 210 3 0 3451 0 2 0 3624 3451 0 3 216 219 0 0 0 2 204 189 220 0 0 41 0 0 203 0 2 0 0 1 0 0 0 0 622 211 0 0 4 0 5 2 0 6 2 0 0 0 0 7 2 0 0 5 1 3 0 3 215 0 0 5 0 43 1 0 230 5 0 -1 0 0 0 199 4 211 37 0 3370 0 51 223 0 0 0 0 425 0 220 2 0 0 0 215 2 207 0 192 3 0 218 0 -1 229 202 3 5 229 49 213 0 0 0 0 214 2 0 0 420 -1 0 0 213 0 0 2 0 0 0 0 0 0 224 0 202 221 0 0 -1 221 0 232 204 0 2 0 0 200 202 1 0 0 0 2 205 3625 213 48 1 1 6 224 3 0 0 0 6 3665 184 0 0 222 2 0 195 40 0 0 0 209 0 0 0 437 38 0 218 0 0 0 1 2 185 0 1 2 0 0 0 0 0 0 219 0 0 0 173 223 0 0 4 3 0 41 217 0 206 397 0 1 0 0 0 52 40 1 37 0 30 0 2 0 0 0 0 0 0 213 5 0 224 3 2 0 0 42 0 0 221 3 229 0 231 3 0 0 2 0 213 3665 226 9 3478 0 7 412 2 0 0 209 0 0 0 0 0 210 211 222 0 0 0 0 2 0 0 52 0 0 45 212 0 3 4 0 0 0 4 0 -1 1 0 0 0 0 0 0 212 3 0 0 0 217 5 0 3451 3 46 2 0 0 0 0 0 0 3404 0 231 2 2 0 221 213 0 242 399 -1 4 0 0 219 0 210 231 51 0 4 0 207 200 0 197 225 3 4 198 215 219 0 0 0 213 53 7 441 2 0 0 218 0 0 2 -1 0 1 0 1 0 0 0 3 48 0 207 3750 0 2 186 211 0 3 4 0 0 0 0 0 221 0 0 1 4 0 0 0 0 201 38 4 195 2 0 0 0 0 0 2 8 0 3 0 0 194 0 0 0 0 0 233 5 215 0 223 225 0 3409 0 0 0 0 0 0 197 0 0 0 0 5 0 0 0 3403 0 212 0 4 223 0 0 0 0 6 0 50 0 0 0 269 0 0 0 0 0 0 6 1 0 0 209 0 3 0 0 0 5 6 0 0 0 213 193 441 0 0 0 199 202 424 0 2 226 3 0 9 197 1 4 0 0 0 -1 0 4 41 0 41 0 208 217 1 0 0 3666 0 9 0 0 198 3 0 0 226 0 0 0 404 237 196 228 1 196 0 3842 66 5 1 1 0 1 0 0 39 196 0 0 0 2 0 0 212 0 4 0 0 215 2 0 3412 215 -1 0 0 0 3 0 0 0 0 1 224 2 0 0 0 3 1 0 0 187 198 204 0 197 0 0 44 3 0 0 0 214 48 198 0 0 4 216 3620 0 -1 0 211 0 0 2 1 210 0 0 277 3665 4 0 1 0 200 0 0 0 2 0 0 213 3451 3 0 3 0 3410 185 0 0 395 -1 0 0 0 218 2 213 0 0 190 1 0 0 0 0 0 3 0 0 0 0 0 0 2 0 232 6 9 214 202 0 0 0 0 0 0 0 0 196 0 3 0 1 4 199 195 2 197 0 0 0 422 0 3 0 0 0 201 207 0 5 0 0 0 203 0 -1 0 0 2 223 0 0 0 2 0 0 217 199 2 0 222 0 0 217 1 0 0 42 0 0 0 0 0 0 -1 218 1 458 0 0 7 0 0 0 0 3 0 0 1 425 0 3665 202 46 0 0 0 3 0 2 0 0 0 0 -1 0 0 0 4 210 0 0 225 214 206 39 226 184 0 218 3 224 3 0 -1 226 0 41 0 3 3 0 0 216 0 0 0 0 2 0 0 195 0 1 1 0 448 -1 3 3665 0 210 0 0 218 0 0 0 4 2 2 0 4 223 6 208 0 4 3 0 0 49 0 0 220 3 0 3888 414 215 1 0 0 1 0 3 0 237 0 0 224 222 0 178 216 3665 0 0 39 0 0 0 1 2 3 4 0 0 226 0 232 0 0 4 202 0 228 1 219 226 0 196 1 0 3 0 0 0 213 -1 0 212 1 2 214 0 0 0 213 
1 0 0 147 2 0 0 1 4 0 0 0 0 156 34 0 115 0 0 0 0 1 148 282 135 0 0 158 0 2 0 0 0 0 2 0 1 0 0 137 2 0 0 0 0 0 2117 1 2 0 5 0 0 0 1 0 144 0 123 0 0 119 0 143 146 0 0 0 0 0 144 0 2 1 130 0 0 145 0 0 123 146 2 0 137 2 0 2238 0 1 0 2266 2238 0 1 137 125 0 0 0 0 134 136 128 0 0 33 0 0 148 0 2 0 0 0 0 0 0 0 400 138 0 0 3 0 4 2 0 8 2 0 0 0 0 1 0 0 0 4 1 2 0 1 138 0 0 7 2 23 1 0 131 6 0 -1 0 0 0 152 2 139 30 0 2180 0 36 116 0 0 0 0 268 0 127 1 0 0 0 136 1 158 0 133 3 0 137 0 -1 149 127 1 5 128 33 137 0 0 0 0 126 3 0 0 248 -1 0 0 114 0 0 2 0 0 0 0 6 0 137 0 122 134 0 0 -1 134 0 124 138 0 2 0 0 146 139 1 0 0 0 3 131 2274 142 36 2 1 7 120 3 0 0 0 0 2295 151 0 0 118 1 0 132 34 0 0 0 147 0 0 0 260 21 0 133 0 0 0 1 1 148 0 1 0 0 0 0 1 0 0 140 0 0 1 140 106 0 0 2 2 0 22 141 0 144 283 0 2 0 0 0 25 31 0 27 0 27 0 3 0 0 1 0 0 0 139 2 0 130 1 0 0 0 23 2 0 120 1 116 0 126 1 0 0 1 0 125 2295 124 2 2172 0 2 255 1 0 0 168 0 0 0 0 0 134 143 154 0 0 0 0 0 0 0 23 0 0 26 132 0 2 3 0 0 0 2 0 -1 2 0 0 0 0 0 0 139 4 0 0 0 154 3 0 2238 1 27 1 0 0 0 1 3 0 2210 0 129 5 1 0 151 124 0 158 271 -1 1 0 0 149 1 134 140 27 0 0 0 146 110 0 130 148 1 9 152 136 139 0 0 1 136 37 0 292 2 0 0 139 0 0 2 -1 0 2 0 1 1 0 0 2 32 0 148 2339 0 0 104 121 0 1 2 0 0 0 0 0 115 0 0 1 4 0 0 0 0 146 21 1 141 2 0 0 0 0 0 0 1 0 0 0 0 138 0 0 0 0 0 153 3 149 0 130 141 0 2208 0 0 0 0 0 0 141 0 0 0 0 2 0 0 0 2208 0 149 0 1 125 0 0 0 0 1 0 30 0 0 0 166 0 1 0 0 0 0 2 0 0 0 123 0 0 0 0 0 0 1 0 0 0 125 120 241 0 1 0 127 147 274 0 0 138 1 0 2 110 0 6 0 1 0 -1 0 2 19 0 23 0 132 137 4 0 0 2296 0 6 0 0 139 1 0 0 151 0 0 0 254 134 159 153 1 133 0 2411 28 2 1 2 0 4 0 0 28 139 0 0 0 5 0 0 130 0 3 0 0 146 1 0 2206 140 -1 0 0 0 2 0 0 0 0 0 134 2 0 0 0 2 0 0 0 149 110 147 0 140 0 0 22 1 0 0 0 138 33 120 0 0 3 134 2268 0 -1 0 131 0 1 1 0 135 0 0 181 2295 2 0 0 0 128 0 0 0 1 0 0 146 2238 0 0 0 0 2216 147 0 0 308 -1 0 0 0 137 0 134 0 0 132 0 0 0 4 0 0 1 0 0 0 0 1 0 1 0 129 1 2 133 119 0 0 0 0 0 0 0 0 139 0 0 0 1 2 134 137 3 151 0 0 0 286 0 3 0 0 0 146 139 0 2 0 0 0 123 0 -1 0 0 1 128 0 0 0 1 0 0 132 118 1 0 146 0 0 145 1 0 0 26 0 0 0 0 0 0 -1 130 2 262 0 0 2 0 0 0 0 1 0 0 1 250 0 2295 122 25 0 0 0 1 0 0 0 0 0 0 -1 0 0 0 1 161 0 0 106 134 157 26 126 126 0 104 1 135 0 0 -1 138 2 33 0 3 0 0 0 160 0 0 0 0 0 0 0 115 0 3 0 0 291 -1 0 2295 0 148 0 0 142 0 0 0 1 1 0 0 5 104 0 137 0 2 4 1 0 27 1 0 139 2 0 2433 284 149 1 0 0 2 0 3 0 134 0 0 107 128 0 143 139 2295 0 0 40 0 0 0 1 1 1 2 0 0 138 0 129 0 0 3 145 0 162 2 149 152 0 142 1 0 3 0 0 0 124 -1 0 139 0 3 134 0 0 0 139 
0 0 0 155 1 0 0 2 3 1 0 1 0 159 28 0 149 0 0 0 0 2 162 312 162 0 0 164 0 2 0 0 0 0 4 0 1 0 0 175 3 0 0 0 0 0 2549 4 0 0 1 0 0 0 1 0 172 0 156 0 0 144 0 156 153 0 0 3 0 0 173 0 0 4 184 0 1 153 0 0 145 163 1 0 155 4 0 2692 0 1 0 2789 2692 0 3 162 156 0 0 0 0 169 167 189 0 0 31 0 0 162 0 2 0 0 0 0 0 0 0 477 180 0 0 2 0 3 3 0 3 2 1 0 0 0 4 4 0 0 0 1 2 0 0 159 0 0 4 2 28 1 0 164 2 0 -1 0 0 0 160 3 169 37 1 2617 0 38 143 0 0 0 0 331 0 147 5 0 0 0 178 0 164 0 163 5 0 174 0 -1 168 170 4 1 173 37 175 0 0 0 0 151 0 0 0 283 -1 0 0 173 0 0 2 0 0 0 0 2 0 151 0 160 171 0 0 -1 171 0 164 171 0 0 0 0 174 168 2 0 0 0 0 187 2782 147 41 3 4 5 145 2 0 0 0 1 2818 169 0 0 161 2 0 165 25 0 0 1 155 0 0 0 307 36 0 185 0 0 0 1 6 170 0 4 3 0 0 0 1 0 0 166 0 0 2 158 172 0 0 0 0 0 14 155 0 152 310 0 4 0 0 1 33 36 0 33 0 34 0 1 0 0 0 0 0 2 150 1 0 149 0 4 0 0 30 1 0 163 3 172 0 165 2 0 0 0 0 166 2818 162 4 2675 0 4 321 1 0 0 182 0 0 0 0 0 170 172 166 0 0 0 0 3 0 0 40 0 0 38 180 0 6 3 0 0 0 3 0 -1 2 0 0 0 0 0 0 161 3 0 0 0 170 2 0 2692 1 39 1 0 0 0 0 1 0 2649 0 172 1 0 0 184 156 0 178 317 -1 3 0 0 176 1 152 155 39 0 0 0 153 162 0 169 197 3 1 166 178 166 0 0 1 169 41 1 316 2 0 0 165 0 0 3 -1 0 4 0 2 0 0 0 3 36 0 154 2885 0 1 143 180 0 3 2 0 0 0 0 0 146 0 0 0 3 0 0 0 0 170 36 2 144 3 0 0 0 0 0 0 2 0 5 0 0 162 0 0 0 0 0 171 0 163 0 149 157 0 2660 0 0 0 0 0 0 169 0 0 0 0 2 0 0 0 2659 0 164 0 0 161 0 0 0 0 0 0 34 0 0 0 215 0 0 0 0 0 0 0 2 0 0 150 0 1 0 0 0 2 0 0 0 0 166 169 358 0 0 0 180 160 339 0 4 158 1 0 4 147 0 8 0 5 0 -1 0 3 35 0 26 0 153 165 3 0 0 2819 0 3 0 0 159 1 0 0 171 0 0 0 323 172 163 191 1 159 0 2934 44 1 1 2 0 2 0 0 38 171 0 0 0 0 0 0 181 0 2 0 0 172 4 0 2654 149 -1 0 0 0 1 0 0 0 0 0 165 1 0 0 0 2 0 0 0 172 146 154 0 172 0 0 41 1 0 0 0 163 39 171 0 0 1 151 2777 0 -1 0 158 0 0 1 0 161 0 0 223 2818 1 0 0 0 185 0 0 0 1 0 0 181 2692 2 0 2 0 2661 170 0 0 353 -1 0 0 0 174 2 184 0 0 158 2 0 0 1 0 0 5 0 0 0 0 1 0 2 0 176 1 4 178 144 0 0 0 0 0 0 0 0 171 0 2 0 1 6 164 168 0 165 0 0 0 319 0 3 0 0 0 170 166 0 4 0 1 0 161 0 -1 0 0 2 147 0 0 0 3 0 0 156 154 2 0 154 0 0 171 1 0 0 37 0 0 0 0 0 0 -1 177 4 344 0 0 1 0 0 0 0 3 0 0 0 304 0 2818 160 32 0 0 0 2 0 2 0 0 0 0 -1 0 0 0 3 156 0 0 181 186 162 27 172 156 0 165 2 186 3 0 -1 158 3 29 0 0 4 0 0 155 0 0 0 0 0 0 0 170 0 1 0 0 363 -1 3 2818 0 156 0 0 174 0 0 0 1 2 0 0 3 171 3 175 0 2 4 0 0 31 0 0 157 1 0 2982 320 163 1 0 0 1 0 3 0 172 0 0 173 165 0 161 193 2818 0 0 34 0 0 0 5 1 2 3 0 0 158 0 176 0 0 6 151 0 173 4 157 189 0 175 2 0 3 0 0 0 158 -1 0 181 0 1 186 0 0 0 168 
1 0 0 211 3 0 0 3 3 0 0 0 0 207 46 0 221 0 0 0 1 3 233 436 210 0 0 188 0 3 0 0 0 0 3 0 1 0 0 219 2 0 0 0 0 0 3146 2 2 0 0 0 0 0 1 0 205 0 211 0 0 214 0 219 205 5 0 3 0 0 230 0 4 3 194 0 1 208 0 0 204 224 3 0 196 2 0 3320 0 3 0 3617 3320 0 1 216 226 0 0 0 0 233 213 198 0 0 38 0 0 233 0 0 0 0 0 0 0 0 0 646 188 0 0 5 0 6 2 0 3 2 0 0 0 0 1 2 0 0 6 1 4 0 2 202 0 0 4 3 48 1 0 180 5 0 -1 0 0 0 193 1 200 51 1 3243 0 57 212 0 1 0 0 443 0 194 2 0 0 0 225 5 188 0 213 2 0 233 0 -1 172 215 2 2 194 42 219 0 0 0 0 209 4 0 0 395 -1 0 0 183 0 0 5 0 0 0 0 1 0 211 0 237 226 0 1 -1 226 0 214 210 0 4 0 0 207 213 4 0 0 0 1 201 3619 206 51 4 2 4 219 3 0 0 0 4 3659 223 0 0 190 2 0 198 39 0 0 0 211 0 0 0 421 40 0 201 0 0 0 0 2 221 0 1 1 0 0 0 1 0 0 215 0 0 0 211 221 0 0 1 5 2 46 222 0 207 447 0 2 0 0 0 51 54 0 49 0 38 0 1 0 0 1 0 0 1 219 3 0 198 2 2 0 0 36 0 0 205 0 205 0 226 2 0 0 1 0 203 3659 221 4 3477 0 3 431 2 0 0 204 0 0 0 0 0 196 229 192 0 0 0 0 4 0 0 41 0 0 48 208 0 5 1 0 0 0 8 0 -1 2 0 0 1 0 0 0 201 3 0 0 0 186 5 0 3320 4 48 4 0 0 0 0 5 0 3287 0 197 1 1 1 223 226 0 225 419 -1 1 0 0 213 0 191 217 49 0 3 0 209 171 0 212 194 2 5 223 225 214 0 0 1 226 33 0 376 1 0 0 214 0 1 3 -1 0 3 0 3 0 0 0 1 48 0 210 3722 0 0 227 192 0 3 7 0 0 0 0 0 214 0 0 0 2 0 0 0 0 202 40 2 195 2 0 0 0 0 0 1 3 0 3 0 0 206 0 0 0 0 0 177 4 238 0 196 214 0 3268 0 0 0 0 0 0 200 0 0 0 0 1 0 0 0 3285 0 179 0 3 205 0 0 0 0 4 0 53 0 0 0 266 1 0 0 0 0 0 1 4 0 0 206 0 4 0 0 0 6 1 0 0 0 203 180 390 0 1 0 198 236 390 0 3 253 2 0 6 237 0 6 0 1 0 -1 0 1 55 0 41 0 190 221 2 0 0 3660 0 5 0 0 227 4 5 1 177 0 0 0 460 197 209 233 1 199 0 3839 46 1 1 4 0 1 0 0 35 217 0 0 0 3 0 0 203 0 5 0 0 211 5 0 3279 197 -1 0 0 0 0 0 0 0 0 0 190 4 0 0 0 5 0 0 0 225 240 211 0 218 0 0 36 2 0 0 0 214 49 191 0 0 0 194 3590 0 -1 0 194 0 1 2 0 208 0 0 267 3659 2 0 0 0 197 1 0 0 2 0 0 225 3320 6 0 3 0 3272 219 0 0 425 -1 0 0 0 233 1 205 0 0 209 4 0 0 2 0 0 2 0 0 0 0 0 0 2 0 198 0 11 195 201 0 0 0 0 0 0 0 0 217 0 3 0 1 1 205 195 1 222 0 0 0 449 0 3 0 0 0 198 201 0 2 0 0 0 238 0 -1 0 0 6 196 0 0 0 5 0 0 183 185 4 0 211 0 0 206 1 0 0 39 0 0 0 0 0 0 -1 195 3 400 0 0 3 0 0 0 0 1 0 0 2 422 0 3659 237 39 0 0 0 6 0 3 0 0 0 0 -1 0 0 0 1 203 0 0 197 208 183 46 193 206 0 218 1 201 1 0 -1 253 1 37 0 8 4 0 0 209 0 0 0 0 1 0 0 191 0 6 0 0 401 -1 6 3659 0 212 0 0 202 0 0 0 2 2 1 0 1 220 4 219 0 3 4 0 0 52 0 0 223 1 0 3848 424 238 1 0 0 1 0 5 0 197 0 0 222 204 0 213 189 3659 0 0 42 0 0 0 2 3 3 5 0 0 253 0 198 0 0 3 209 0 201 3 214 229 0 220 1 0 0 0 0 0 213 -1 0 189 0 5 208 0 0 0 202 
0 0 0 237 2 0 0 1 3 0 0 0 0 227 52 0 232 0 0 0 0 4 236 460 231 0 0 229 0 5 0 0 0 0 3 3 2 0 0 257 3 0 0 0 0 0 3578 1 3 0 1 0 0 0 1 0 225 0 246 0 0 214 0 234 240 2 0 4 0 0 235 0 3 6 222 0 3 234 0 0 247 234 2 0 227 4 0 3764 0 2 0 3859 3764 0 3 221 210 0 0 0 1 237 211 225 0 0 58 0 0 236 0 0 0 0 0 0 0 0 0 704 256 0 0 3 0 2 1 0 5 2 0 0 0 0 2 2 0 0 3 1 4 0 2 234 0 0 9 3 46 1 0 193 2 0 -1 0 0 0 197 3 213 48 0 3668 0 49 211 0 0 0 0 483 0 249 2 0 0 0 238 4 229 0 222 2 0 261 0 -1 250 222 2 5 240 50 223 0 0 0 0 252 6 0 0 429 -1 0 0 239 0 0 5 0 0 0 0 1 0 214 0 242 240 0 1 -1 240 0 242 260 0 4 0 0 229 260 3 0 0 0 2 227 3855 236 48 4 1 4 216 1 0 0 0 3 3910 231 0 0 238 3 0 218 52 0 0 0 237 0 0 0 451 55 0 223 0 0 0 0 7 266 0 4 3 0 0 0 0 0 0 238 0 0 0 256 251 0 0 1 4 1 44 245 0 230 431 0 1 0 0 0 41 35 0 56 0 50 0 3 0 0 0 0 0 1 239 1 0 252 3 4 0 0 43 0 0 222 2 246 0 238 3 0 0 1 0 227 3910 235 10 3732 0 8 441 1 0 0 222 0 0 0 0 0 223 234 206 0 0 0 0 5 0 0 43 0 0 50 217 0 5 2 0 0 0 9 0 -1 3 0 0 0 0 0 0 234 2 0 0 0 246 5 0 3764 7 51 5 0 0 0 0 2 0 3716 0 247 1 3 0 207 206 0 267 438 -1 3 0 0 243 1 228 227 47 0 2 0 236 224 0 253 255 3 7 208 238 242 0 0 0 254 53 3 439 7 0 0 237 0 0 1 -1 0 2 0 4 0 0 0 6 41 0 233 3985 0 1 230 218 0 1 6 0 0 0 0 0 207 0 0 0 5 0 0 0 0 219 55 3 215 3 0 0 0 0 0 5 2 0 4 0 0 256 0 0 0 0 0 252 1 215 0 251 215 0 3721 0 0 0 0 0 0 207 0 0 0 0 1 0 0 0 3728 0 237 0 2 250 0 0 0 0 6 0 50 0 0 0 263 1 2 0 0 0 0 2 2 0 0 247 0 5 0 0 0 9 2 0 0 0 227 245 460 0 0 0 223 239 468 0 1 215 3 0 5 238 0 6 0 3 0 -1 0 2 54 0 46 0 226 225 5 0 0 3911 0 6 0 0 220 2 4 0 246 0 0 0 477 202 230 217 1 243 0 4098 58 1 1 2 0 2 0 0 47 224 0 0 0 6 0 0 215 1 1 0 0 242 2 0 3702 200 -1 0 0 0 3 0 0 0 0 0 205 5 0 0 0 2 0 0 0 237 232 235 0 225 0 0 47 3 0 0 0 236 45 249 0 0 3 201 3860 0 -1 0 226 0 0 4 1 227 0 0 272 3910 0 0 2 0 226 0 0 0 5 0 0 210 3764 5 0 5 0 3720 262 0 0 496 -1 0 0 0 261 2 216 0 0 212 2 0 0 2 0 0 4 0 0 0 0 1 0 4 0 249 2 4 238 243 0 0 0 0 0 0 0 0 224 0 4 0 1 2 250 211 3 207 0 0 0 471 0 1 0 0 0 215 213 0 4 0 0 0 243 0 -1 0 0 4 247 0 0 0 1 0 0 206 208 2 0 243 0 0 241 1 0 0 39 0 0 0 0 0 0 -1 217 2 502 0 0 4 0 0 0 0 8 0 0 0 428 0 3910 242 42 0 0 0 4 0 2 0 0 0 0 -1 0 0 0 2 223 0 0 225 217 228 43 241 241 0 240 7 224 3 0 -1 215 2 58 0 2 1 0 0 224 0 0 0 0 0 0 1 249 0 5 0 0 442 -1 4 3910 0 238 0 0 233 0 0 0 2 4 1 0 3 251 2 257 0 6 3 0 0 47 0 0 245 0 0 4117 432 215 1 0 0 0 0 2 0 202 0 0 252 224 0 252 248 3910 0 0 49 0 0 0 4 3 3 1 0 0 215 0 249 0 0 0 228 0 211 3 211 212 0 225 1 0 2 0 0 0 248 -1 0 257 0 2 217 0 0 0 238 
0 0 0 144 0 0 0 2 0 0 0 0 0 113 26 0 133 0 0 0 1 0 142 308 159 0 0 176 0 0 0 0 0 0 0 2 2 0 0 161 2 0 0 0 0 0 2289 2 0 0 1 0 0 0 1 0 137 0 142 0 0 146 0 133 157 3 0 1 0 0 147 0 4 1 153 0 1 140 0 0 130 147 2 0 138 1 0 2413 0 3 0 2545 2413 0 3 147 145 0 0 0 1 147 127 138 0 0 43 0 0 142 0 2 0 0 0 0 0 0 0 447 150 0 0 3 0 3 1 0 5 3 0 0 0 0 1 2 0 0 2 1 2 0 1 143 0 0 5 1 38 1 0 129 1 0 -1 2 0 0 129 1 135 41 1 2350 0 30 141 0 0 0 0 291 0 171 0 0 0 0 140 2 176 0 121 3 0 161 0 -1 148 137 2 3 144 24 179 0 0 0 0 132 3 0 0 290 -1 0 0 127 0 0 1 0 0 0 0 2 0 148 0 142 151 0 0 -1 151 0 134 130 0 3 0 0 156 129 1 0 0 0 1 157 2542 154 25 1 1 7 146 4 0 0 0 2 2577 128 0 0 143 2 0 152 34 0 1 1 144 0 0 0 291 35 0 150 0 0 0 2 1 139 0 1 4 0 0 0 0 0 0 163 0 0 0 129 132 0 0 1 1 0 30 157 0 143 252 0 4 0 0 0 33 24 0 22 0 41 0 4 0 0 0 0 0 0 154 2 0 173 2 2 0 0 29 1 0 149 4 149 0 148 3 0 0 3 0 144 2577 147 2 2463 0 4 273 0 0 0 165 0 0 0 0 0 126 146 155 0 0 0 0 4 0 0 29 0 0 30 142 0 6 4 0 0 0 0 0 -1 5 0 0 0 0 0 0 144 2 0 0 0 156 0 0 2413 0 31 4 0 0 0 0 2 0 2391 0 146 0 2 1 134 144 0 175 291 -1 1 0 0 136 1 152 135 29 0 2 0 141 123 0 140 161 0 1 148 140 163 0 0 0 152 28 2 289 2 0 0 162 0 0 2 -1 0 2 0 5 0 0 0 3 22 0 145 2635 1 0 165 131 0 6 1 0 0 0 0 0 148 0 0 0 2 0 0 0 0 141 35 4 149 2 0 0 0 0 0 2 3 0 2 0 0 121 0 0 0 0 0 149 2 139 0 172 151 0 2379 0 0 0 0 0 0 140 0 0 0 0 3 0 0 0 2385 0 150 0 2 146 0 0 0 0 1 0 39 0 0 0 172 0 0 0 0 0 0 3 0 0 0 128 0 2 0 0 0 1 3 0 0 0 144 151 316 0 0 0 151 142 286 0 0 147 1 0 1 172 0 3 0 1 0 -1 0 1 40 0 26 0 149 152 3 0 0 2578 0 2 0 0 137 2 3 0 147 0 0 0 288 136 114 144 1 124 0 2696 21 1 1 1 0 3 0 0 32 131 0 0 0 3 0 0 138 0 4 0 0 134 2 0 2375 126 -1 0 0 0 1 0 0 0 0 0 155 2 0 0 0 3 0 0 0 131 170 142 0 132 0 0 29 1 0 0 0 161 32 154 0 0 3 128 2533 0 -1 0 159 0 0 3 0 153 0 0 172 2577 2 0 0 0 151 0 0 0 1 0 0 137 2413 7 0 0 0 2381 137 0 0 311 -1 0 0 0 161 4 139 0 0 126 0 0 0 2 0 0 0 0 0 0 0 0 0 1 0 147 1 3 155 124 0 0 0 0 0 0 0 0 131 0 2 0 1 3 126 140 2 147 0 0 0 299 0 3 0 0 0 142 136 0 3 0 0 0 143 0 -1 0 0 0 171 0 0 0 3 0 0 152 149 2 0 159 0 0 135 1 0 0 35 0 0 0 0 0 0 -1 145 2 279 0 0 1 0 0 0 0 1 0 0 0 297 0 2577 142 38 0 0 0 2 0 3 0 0 0 0 -1 0 0 0 2 153 0 0 157 142 175 30 142 132 0 129 0 150 1 0 -1 147 1 43 0 2 2 0 0 154 0 0 0 0 0 0 0 154 0 2 0 0 302 -1 1 2577 1 145 0 0 136 0 0 0 5 3 1 0 2 131 1 161 0 1 3 0 0 37 1 0 159 0 0 2732 283 139 1 0 0 1 0 1 0 136 0 0 133 147 0 131 153 2577 0 0 25 0 0 0 1 1 0 3 0 0 147 0 147 0 0 1 135 0 160 1 151 139 0 130 1 0 1 0 0 0 144 -1 0 151 0 2 142 0 0 0 131 
2 0 0 255 1 0 0 3 2 0 0 0 0 259 54 0 236 0 0 0 0 1 279 476 273 0 0 251 0 2 0 0 0 0 2 4 2 0 0 261 3 0 0 0 0 0 3903 6 2 0 4 0 0 0 1 0 253 0 228 0 0 229 0 246 252 2 0 3 0 0 241 0 4 2 267 0 5 251 0 0 251 257 1 0 244 5 0 4106 0 2 0 4263 4106 0 2 225 263 0 0 0 2 261 230 254 0 0 51 0 0 279 0 3 0 1 0 0 0 0 0 727 241 0 0 4 0 5 5 0 6 1 1 0 0 0 1 6 0 0 3 1 4 0 2 247 0 0 8 3 67 1 0 250 2 0 -1 1 0 0 227 5 246 54 1 4001 0 61 230 0 0 0 0 469 0 252 4 0 0 0 260 3 251 0 226 2 0 291 0 -1 259 256 1 2 254 54 275 0 0 0 0 254 4 0 0 465 -1 0 0 291 0 0 5 0 0 0 0 3 0 212 0 255 261 0 0 -1 261 0 261 241 0 3 0 0 261 242 7 0 0 0 1 272 4250 241 54 5 6 11 233 3 0 0 0 5 4306 243 0 0 256 4 0 255 54 0 0 0 255 0 0 0 483 56 0 273 0 0 0 1 3 244 1 8 3 0 0 0 0 0 0 279 0 0 1 234 240 0 0 3 0 2 42 262 0 245 501 0 3 0 0 0 41 42 0 45 0 37 0 1 0 0 1 0 0 2 259 4 0 253 2 4 0 0 60 0 0 251 6 225 0 240 5 0 0 3 0 255 4306 236 4 4095 0 6 462 1 0 0 249 0 0 0 0 0 249 240 254 0 0 0 0 9 0 0 50 0 0 69 253 0 3 5 0 0 0 7 0 -1 2 0 0 0 0 0 0 249 0 0 0 0 272 5 0 4106 0 70 4 0 0 1 1 3 0 4073 0 261 6 3 0 265 253 0 302 503 -1 4 0 1 263 1 247 249 43 0 7 0 254 277 0 234 261 2 8 237 260 279 0 0 0 284 57 4 506 0 0 0 278 0 0 4 -1 0 3 0 1 0 0 0 5 48 0 253 4386 0 1 272 256 0 3 11 0 0 0 0 0 229 0 0 1 1 0 0 0 0 247 56 7 242 1 0 0 2 0 0 4 5 0 3 0 0 229 0 0 0 0 0 261 0 234 0 252 214 0 4051 0 0 0 0 0 0 238 0 0 0 0 2 0 0 0 4065 0 262 0 1 240 0 0 0 0 2 0 45 0 0 0 310 0 1 0 0 0 0 4 7 0 0 249 0 3 0 0 0 4 2 1 0 0 255 238 467 0 1 0 269 279 518 0 5 254 3 0 6 285 0 7 0 6 0 -1 0 3 68 0 54 0 251 226 4 0 0 4307 0 7 0 0 266 3 2 0 257 0 0 0 510 259 265 270 1 233 0 4511 49 4 1 2 0 6 0 0 44 236 0 0 0 3 0 0 253 0 1 0 0 261 3 0 4059 245 -1 0 0 0 1 0 0 0 0 0 278 4 0 0 0 1 0 0 0 240 283 251 0 237 0 0 52 3 0 0 0 275 60 244 0 0 3 239 4244 0 -1 0 238 0 1 2 0 272 0 0 316 4306 5 0 1 0 266 0 0 0 1 0 0 257 4106 3 0 3 0 4040 240 0 0 497 -1 0 0 0 291 7 255 0 0 231 5 0 0 4 0 0 2 0 0 0 0 0 0 1 0 268 3 11 239 243 0 0 0 0 0 0 0 0 236 0 2 0 1 2 233 235 5 236 0 0 0 517 0 3 0 0 0 246 252 0 12 0 0 0 256 0 -1 0 0 2 252 0 0 0 4 0 0 272 250 2 0 253 0 0 259 1 0 0 45 0 0 0 0 0 0 -1 261 2 503 0 0 4 0 0 0 0 3 0 0 1 496 0 4306 255 49 0 0 0 5 0 4 0 0 0 0 -1 0 0 0 2 257 0 0 234 257 248 42 265 220 0 236 4 271 4 0 -1 254 3 51 0 2 6 0 0 255 0 0 0 0 2 0 0 244 0 4 0 0 524 -1 2 4306 0 256 0 0 259 0 0 0 3 4 0 0 8 241 4 261 0 3 3 0 0 42 0 0 262 1 0 4587 485 234 1 0 0 8 0 5 0 259 0 0 241 256 0 224 256 4306 0 0 41 0 0 0 2 3 3 3 0 0 254 0 268 0 0 4 251 0 261 6 265 269 0 240 1 0 4 0 0 0 228 -1 0 242 0 1 257 0 0 0 252 
